Report ID,Report Version,Reporting Entity,Report Type,Report Month,Report Year,Report Submission Date,VIN,VIN - Unknown,Serial Number,Make,Model,Model - Unknown,Model Year,Model Year - Unknown,Same Vehicle ID,Mileage,Mileage - Unknown,Driver / Operator Type,ADAS/ADS System Version,ADAS/ADS System Version - Unk,ADAS/ADS System Version CBI,ADAS/ADS Hardware Version,ADAS/ADS Hardware Version - Unk,ADAS/ADS Hardware Version CBI,ADAS/ADS Software Version,ADAS/ADS Software Version - Unk,ADAS/ADS Software Version CBI,Other Reporting Entities?,Other Reporting Entities? - Unk,Other Reporting Entities? - NA,Federal Regulatory Exemption?,Other Federal Reg. Exemption,Federal Reg. Exemption - Unk,Federal Reg. Exemption - No,State or Local Permit?,State or Local Permit,ADS Equipped?,Automation System Engaged?,Operating Entity,Operating Entity - Unknown,Source - Complaint/Claim,Source - Telematics,Source - Law Enforcement,Source - Field Report,Source - Testing,Source - Media,Source - Other,Source - Other Text,Incident Date,Incident Date - Unknown,Notice Received Date,Incident Time (24:00),Incident Time - Unknown,Same Incident ID,Latitude,Latitude - Unknown,Longitude,Longitude - Unknown,Address,Address - Unknown,City,City - Unknown,State,Zip Code,Zip Code - Unknown,Roadway Type,Roadway Surface,Roadway Description,Posted Speed Limit (MPH),Posted Speed Limit - Unknown,Lighting,Weather - Clear,Weather - Snow,Weather - Cloudy,Weather - Fog/Smoke,Weather - Rain,Weather - Severe Wind,Weather - Unknown,Weather - Other,Weather - Other Text,Crash With,Highest Injury Severity Alleged,Property Damage?,CP Pre-Crash Movement,CP Any Air Bags Deployed?,CP Was Vehicle Towed?,CP Contact Area - Rear Left,CP Contact Area - Left,CP Contact Area - Front Left,CP Contact Area - Rear,CP Contact Area - Top,CP Contact Area - Front,CP Contact Area - Rear Right,CP Contact Area - Right,CP Contact Area - Front Right,CP Contact Area - Bottom,CP Contact Area - Unknown,SV Pre-Crash Movement,SV Any Air Bags Deployed?,SV Was Vehicle Towed?,SV Were All Passengers Belted?,SV Precrash Speed (MPH),SV Pre-crash Speed - Unknown,SV Contact Area - Rear Left,SV Contact Area - Left,SV Contact Area - Front Left,SV Contact Area - Rear,SV Contact Area - Top,SV Contact Area - Front,SV Contact Area - Rear Right,SV Contact Area - Right,SV Contact Area - Front Right,SV Contact Area - Bottom,SV Contact Area - Unknown,Data Availability - EDR,Data Availability - Police Rpt,Data Availability - Telematics,Data Availability - Complaints,Data Availability - Video,Data Availability - Other,Data Availability - No Data,Data Availability - Unknown,Law Enforcement Investigating?,Investigating Agency,Investigating Agency - Unknown,Rep Ent Or Mfr Investigating?,Investigating Officer Name,Inv. Officer Name - Unknown,Investigating Officer Phone,Inv. Officer Phone - Unknown,Investigating Officer Email,Inv. Officer Email - Unknown,Within ODD?,Within ODD? - CBI,Narrative,Narrative - CBI?,hub_delta_v_less_than_1mph,hub_zip_code,hub_location,hub_crash_type,hub_is_police_reported,hub_is_any_injury_reported,data_period,reportable_v2,reportable_v3,filter_has_injury,filter_is_vru,filter_has_airbag,filter_has_tow,filter_is_5day_trigger,filter_is_single_vehicle,filter_waymo_struck_another,filter_deltav_over_1mph,filter_waymo_was_moving,filter_waymo_was_stationary
30270-11085,1,Waymo LLC,5-Day,,,JUN-2025,SADHW2S13R1, ,,Jaguar,I-Pace, ,2024.0, ,3447c06688ab8ec,45257.0, ,,5th Generation ADS, , ,5th Generation, , ,Version 10, , ,,Y, ,,, ,Y,No,,Yes,ADS,Waymo LLC, , ,Y, , , , , ,,JUN-2025, ,JUN-2025,07:56, ,2b573385de2630e,[MAY CONTAIN PERSONALLY IDENTIFIABLE INFORMATION], ,[MAY CONTAIN PERSONALLY IDENTIFIABLE INFORMATION], ,[MAY CONTAIN PERSONALLY IDENTIFIABLE INFORMATION], ,Austin, ,TX ,[MAY CONTAIN PERSONALLY IDENTIFIABLE INFORMATION], ,Street,Dry,No Unusual Conditions,30.0, ,Daylight,Y, , , , , , , ,,SUV,No Injuries Reported,Yes,Proceeding Straight,No,No, , ,Y, , , , , , , , ,Stopped,No,Yes,No Passengers in Vehicle,0.0, , , , , , , ,Y, , , , , , ,Y, ,Y,Y, , ,No,, ,Yes,, ,, ,, ,Yes, ,"On June [XXX], 2025 at 7:56 AM CT a Waymo Autonomous Vehicle (""Waymo AV"") operating in Austin, Texas was in a collision involving an SUV on [XXX] at [XXX]. 
The Waymo AV was traveling eastbound on [XXX] in the rightmost left turn lane and came to a stop for a red light at the intersection at [XXX]. An SUV traveling eastbound in the same lane approached the Waymo AV from behind, and the front driver side of the SUV made contact with the rear passenger side of the Waymo AV. At the time of the impact, the Waymo AV's Level 4 ADS was engaged in autonomous mode. Both vehicles sustained damage.
Waymo is reporting this crash under Request No. 1 of Standing General Order 2021-01 because a vehicle involved was towed away. Waymo may supplement or correct its reporting with additional information as it may become available.", ,False,78702,AUSTIN,V2V F2R,False,False,prior_june16,True,True,False,False,False,True,True,False,False,True,False,True
30270-11087,1,Waymo LLC,5-Day,,,JUN-2025,SADHW2S14M1, ,,Jaguar,I-Pace, ,2021.0, ,92a927b3f78eb22,164698.0, ,,5th Generation ADS, , ,5th Generation, , ,Version 10, , ,, ,Y,,, ,Y,Yes (specify below),ADOT,Yes,ADS,Waymo LLC, , ,Y, , , , , ,,JUN-2025, ,JUN-2025,12:23, ,24241fa3b4af301,[MAY CONTAIN PERSONALLY IDENTIFIABLE INFORMATION], ,[MAY CONTAIN PERSONALLY IDENTIFIABLE INFORMATION], ,[MAY CONTAIN PERSONALLY IDENTIFIABLE INFORMATION], ,Phoenix, ,AZ ,[MAY CONTAIN PERSONALLY IDENTIFIABLE INFORMATION], ,Street,Dry,Work Zone,35.0, ,Daylight,Y, , , , , , , ,,Passenger Car,No Injuries Reported,Yes,Proceeding Straight,No,Yes, , , , , ,Y, , , , , ,Stopped,No,Yes,Yes,0.0, , , , ,Y, , , , , , , , , ,Y, ,Y,Y, , ,No,, ,Yes,, ,, ,, ,Yes, ,"On June [XXX], 2025 at 12:23 PM MT a Waymo Autonomous Vehicle (""Waymo AV"") operating in Phoenix, Arizona was in a collision involving a passenger car on [XXX] at [XXX]. 
The Waymo AV was traveling eastbound on [XXX] in the left lane and came to a stop in a queue of traffic. A passenger car traveling directly behind the Waymo AV approached the stationary Waymo AV and came to a stop. A passenger car hit the passenger car behind the Waymo AV and the front of that passenger car made contact with the rear of the Waymo AV. At the time of the impact, the Waymo AV's Level 4 ADS was engaged in autonomous mode. Both vehicles sustained damage.
Waymo is reporting this crash under Request No. 1 of Standing General Order 2021-01 because a vehicle involved was towed away. Waymo may supplement or correct its reporting with additional information as it may become available.", ,False,85014,PHOENIX,V2V F2R,False,False,prior_june16,True,True,False,False,False,True,True,False,False,True,False,True
30270-11088,1,Waymo LLC,5-Day,,,JUN-2025,SADHW2S12R1, ,,Jaguar,I-Pace, ,2024.0, ,ca62eeaf8438407,42680.0, ,,5th Generation ADS, , ,5th Generation, , ,Version 10, , ,, ,Y,,, ,Y,No,,Yes,ADS,Waymo LLC, , ,Y, , , , , ,,JUN-2025, ,JUN-2025,15:59, ,7c50c5417863464,[MAY CONTAIN PERSONALLY IDENTIFIABLE INFORMATION], ,[MAY CONTAIN PERSONALLY IDENTIFIABLE INFORMATION], ,[MAY CONTAIN PERSONALLY IDENTIFIABLE INFORMATION], ,Austin, ,TX ,[MAY CONTAIN PERSONALLY IDENTIFIABLE INFORMATION], ,Parking Lot,Dry,No Unusual Conditions,15.0, ,Daylight, , ,Y, , , , , ,,Other Fixed Object,No Injuries Reported,Yes,,,, , , , , , , , , , , ,Making Left Turn,No,Yes,Yes,9.0, , , , , , , , , , ,Y, , , ,Y, ,Y,Y, , ,No,, ,Yes,, ,, ,, ,Yes, ,"On June [XXX], 2025 at 3:59 PM CT a Waymo Autonomous Vehicle (""Waymo AV"") operating in Austin, Texas made contact with the pavement at a parking lot entrance off of [XXX] near [XXX] Interstate Highway [XXX]. 
The Waymo AV was traveling southbound on [XXX] when it turned left into a parking lot at [XXX]. Interstate Highway [XXX]. As the Waymo AV proceeded through the entrance of the parking lot, the Waymo AV's undercarriage made contact with the raised pavement at the entrance of the parking lot. At the time of the impact, the Waymo AV's Level 4 ADS was engaged in autonomous mode. The Waymo AV sustained damage.
Waymo is reporting this crash under Request No. 1 of Standing General Order 2021-01 because a vehicle involved was towed away. Waymo may supplement or correct its reporting with additional information as it may become available.", ,False,78701,AUSTIN,Single Vehicle,False,False,prior_june16,True,True,False,False,False,True,True,True,False,True,True,False
30270-1192,1,Waymo LLC,1-Day,,,SEP-2021,2C4RC1K78HR, ,,Chrysler,Pacifica, ,2017.0, ,885ecf217c72a7b,120958.0, ,In-Vehicle (Commercial / Test),4th Generation ADS, , ,, , ,, , ,, , ,,, , ,,,Yes,ADS,Waymo LLC, , ,Y, , , , , ,,SEP-2021, ,SEP-2021,13:54, ,857232881f1c3c0,[MAY CONTAIN PERSONALLY IDENTIFIABLE INFORMATION], ,[MAY CONTAIN PERSONALLY IDENTIFIABLE INFORMATION], ,[MAY CONTAIN PERSONALLY IDENTIFIABLE INFORMATION], ,Tempe, ,AZ ,,Y,Street,Dry,No Unusual Conditions,45.0, ,Daylight,Y, , , , , , , ,,Pickup Truck,No Injuries Reported,Yes,Making Left Turn,Unknown,Unknown, ,Y, , , , , , , , , ,Stopped,No,Yes,Yes,0.0, ,Y, , , , , , , , , , , , ,Y, ,Y,Y, , ,No,, ,Yes,, ,, ,, ,Yes, ,"On September [XXX], 2021 at 1:54 PM PDT, a Waymo Autonomous Vehicle ('Waymo AV') operating in Tempe, AZ was in a collision involving a pickup truck on [XXX] near [XXX]. While in autonomous mode, the Waymo AV began to enter the right lane of a protected double left turn lane ('Lane 2') from northbound [XXX] to westbound [XXX]. A pickup truck heading southbound on [XXX] had completely crossed the double-yellow lines of the northbound double left turn lanes and positioned itself in the left lane of the double turn lane ('Lane 1') facing the wrong direction against traffic and was preparing to make a left turn across Lane 2 and the other two northbound lanes into a shopping center parking lot on the east side of [XXX]. 
The Waymo AV was traveling in Lane 2 when the pickup truck began to initiate its left turn from Lane 1. The Waymo AV braked, and the trained human driver in the Waymo AV (in the driver's seating position), transitioned the vehicle from autonomous to manual mode. As the pickup truck made the left turn, the driver's side panels of the pickup truck made contact with the driver's side rear corner of the Waymo AV causing moderate damage to the Waymo AV. Damage to the pickup is currently unknown. At the time of contact, the Waymo AV was in manual mode.
Waymo is reporting this crash under Request No. 1 of Standing General Order 2021-01 because the Waymo AV was towed from the scene. Waymo may supplement or correct its reporting with additional information as it may become available. This report was submitted from the Pacific time zone on the required date.", ,,,,,,,prior_june16,True,True,False,False,False,True,True,False,False,False,False,True
30270-1236,1,Waymo LLC,1-Day,,,SEP-2021,2C4RC1K78HR, ,,Chrysler,Pacifica, ,2017.0, ,885ecf217c72a7b,120958.0, ,In-Vehicle (Commercial / Test),4th Generation ADS, , ,, , ,, , ,, , ,,, , ,,,Yes,ADS,Waymo LLC, , ,Y, , , , , ,,SEP-2021, ,SEP-2021,13:54, ,857232881f1c3c0,[MAY CONTAIN PERSONALLY IDENTIFIABLE INFORMATION], ,[MAY CONTAIN PERSONALLY IDENTIFIABLE INFORMATION], ,[MAY CONTAIN PERSONALLY IDENTIFIABLE INFORMATION], ,Tempe, ,AZ ,[MAY CONTAIN PERSONALLY IDENTIFIABLE INFORMATION], ,Street,Dry,No Unusual Conditions,45.0, ,Daylight,Y, , , , , , , ,,Pickup Truck,No Injuries Reported,Yes,Making Left Turn,Unknown,Unknown, ,Y, , , , , , , , , ,Stopped,No,Yes,Yes,0.0, ,Y, , , , , , , , , , , , ,Y, ,Y,Y, , ,No,, ,Yes,, ,, ,, ,Yes, ,"Other than the addition of the zip code in which the incident occurred, the content of this report is unchanged from the initial report submitted on September [XXX], 2021 [Report ID # 30270-1192-1]. 
On September [XXX], 2021 at 1:54 PM PDT, a Waymo Autonomous Vehicle ('Waymo AV') operating in Tempe, AZ was in a collision involving a pickup truck on [XXX] near [XXX]. While in autonomous mode, the Waymo AV began to enter the right lane of a protected double left turn lane (""Lane 2"") from northbound [XXX] to westbound [XXX]. A pickup truck heading southbound on [XXX] had completely crossed the double-yellow lines of the northbound double left turn lanes and positioned itself in the left lane of the double turn lane (""Lane 1"") facing the wrong direction against traffic and was preparing to make a left turn across Lane 2 and the other two northbound lanes into a shopping center parking lot on the east side of [XXX]. 
The Waymo AV was traveling in Lane 2 when the pickup truck began to initiate its left turn from Lane 1. The Waymo AV braked, and the trained human driver in the Waymo AV (in the driver's seating position), transitioned the vehicle from autonomous to manual mode. As the pickup truck made the left turn, the driver's side panels of the pickup truck made contact with the driver's side rear corner of the Waymo AV causing moderate damage to the Waymo AV. Damage to the pickup is currently unknown. At the time of contact, the Waymo AV was in manual mode.
Waymo is reporting this crash under Request No. 1 of Standing General Order 2021-01 because the Waymo AV was towed from the scene. Waymo may supplement or correct its reporting with additional information as it may become available. This report was submitted from the Pacific time zone on the required date, which in this case was the next business day after a weekend.", ,,,,,,,prior_june16,True,True,False,False,False,True,True,False,False,False,False,True
30270-1535,1,Waymo LLC,1-Day,,,OCT-2021,2C4RC1K70HR, ,,Chrysler,Pacifica, ,2017.0, ,142fc9bec7dfe3e,18698.0, ,,4th Generation ADS, , ,, , ,, , ,, , ,,, , ,,,Yes,ADS,Waymo LLC, , ,Y, , , , , ,,OCT-2021, ,OCT-2021,14:44, ,6f2cffa37c36b66,[MAY CONTAIN PERSONALLY IDENTIFIABLE INFORMATION], ,[MAY CONTAIN PERSONALLY IDENTIFIABLE INFORMATION], ,[MAY CONTAIN PERSONALLY IDENTIFIABLE INFORMATION], ,Chandler, ,AZ ,,Y,Intersection,Dry,No Unusual Conditions,45.0, ,Daylight,Y, , , , , , , ,,Passenger Car,No Injuries Reported,Yes,Changing Lanes,No,Unknown,Y, , ,Y, , ,Y, , , , ,Proceeding Straight,No,Yes,No Passengers in Vehicle,21.0, , , ,Y, , ,Y, , , , , , , ,Y, ,Y,Y, , ,No,, ,Yes,, ,, ,, ,Yes, ,"On October [XXX], 2021 at 2:44 PM PDT a Waymo Autonomous Vehicle ('Waymo AV') operating in Chandler, AZ was in a collision involving a passenger car at [XXX] and [XXX].
The Waymo AV was traveling eastbound on [XXX] when it approached [XXX]. As the traffic signal turned yellow, a passenger vehicle in the left adjacent lane changed lanes to the right in front of the Waymo AV and immediately braked. The Waymo AV exerted maximum brake force to avoid contact, but was unable to stop before making contact with the rear of the passenger vehicle, which had entered the intersection and was still braking. At the time of contact, the Waymo AV was traveling at approximately 21 mph and the passenger vehicle was traveling at approximately 10 mph. The Waymo AV sustained minor damage to its front bumper, and the passenger vehicle sustained moderate damage to its rear bumper. At the time of the impact, the Waymo AV's Level 4 ADS was engaged in autonomous mode.
Waymo is reporting this crash under Request No. 1 of Standing General Order 2021-01 because a vehicle involved was towed away. Waymo may supplement or correct its reporting with additional information as it may become available. This report was submitted from the Pacific time zone on the required date.", ,,,,,,,prior_june16,True,True,False,False,False,True,True,False,True,False,True,False
30270-1583,1,Waymo LLC,1-Day,,,NOV-2021,2C4RC1K70HR, ,,Chrysler,Pacifica, ,2017.0, ,142fc9bec7dfe3e,18698.0, ,,4th Generation ADS, , ,, , ,, , ,, , ,,, , ,,,Yes,ADS,Waymo LLC, , ,Y, , , , , ,,OCT-2021, ,OCT-2021,14:44, ,6f2cffa37c36b66,[MAY CONTAIN PERSONALLY IDENTIFIABLE INFORMATION], ,[MAY CONTAIN PERSONALLY IDENTIFIABLE INFORMATION], ,[MAY CONTAIN PERSONALLY IDENTIFIABLE INFORMATION], ,Chandler, ,AZ ,[MAY CONTAIN PERSONALLY IDENTIFIABLE INFORMATION], ,Intersection,Dry,No Unusual Conditions,45.0, ,Daylight,Y, , , , , , , ,,Passenger Car,No Injuries Reported,Yes,Changing Lanes,No,Unknown,Y, , ,Y, , ,Y, , , , ,Proceeding Straight,No,Yes,No Passengers in Vehicle,21.0, , , ,Y, , ,Y, , , , , , , ,Y, ,Y,Y, , ,No,, ,Yes,, ,, ,, ,Yes, ,"Other than the addition of the zip code in which the incident occurred, the content of this report is unchanged from the initial report submitted on October [XXX], 2021 [Report ID # 30270-1535-1]. 
On October [XXX], 2021 at 2:44 PM PDT a Waymo Autonomous Vehicle (""Waymo AV"") operating in Chandler, AZ was in a collision involving a passenger car at [XXX] and [XXX].
The Waymo AV was traveling eastbound on [XXX] when it approached [XXX]. As the traffic signal turned yellow, a passenger vehicle in the left adjacent lane changed lanes to the right in front of the Waymo AV and immediately braked. The Waymo AV exerted maximum brake force to avoid contact, but  was unable to stop before making contact with the rear of the passenger vehicle, which had entered the intersection and was still braking. At the time of contact, the Waymo AV was traveling at approximately 21 mph and the passenger vehicle was traveling at approximately 10 mph. The Waymo AV sustained minor damage to its front bumper, and the passenger vehicle sustained moderate damage to its rear bumper. At the time of the impact, the Waymo AV's Level 4 ADS was engaged in autonomous mode.
Waymo is reporting this crash under Request No. 1 of Standing General Order 2021-01 because a vehicle involved was towed away. Waymo may supplement or correct its reporting with additional information as it may become available. This report was submitted from the Pacific time zone on the required date.x", ,False,85226,PHOENIX,V2V F2R,True,False,prior_june16,True,True,False,False,False,True,True,False,True,True,True,False
30270-1778,1,Waymo LLC,1-Day,,,NOV-2021,SADHW2S16M1, ,,Jaguar,I-Pace, ,2021.0, ,cf331f383ea5d94,23878.0, ,In-Vehicle (Commercial / Test),5th Generation ADS, , ,, , ,, , ,, , ,,, , ,,,Yes,ADS,Waymo LLC, , ,Y, , , , , ,,NOV-2021, ,NOV-2021,00:39, ,8f5dc21a34007ed,[MAY CONTAIN PERSONALLY IDENTIFIABLE INFORMATION], ,[MAY CONTAIN PERSONALLY IDENTIFIABLE INFORMATION], ,[MAY CONTAIN PERSONALLY IDENTIFIABLE INFORMATION], ,Phoenix, ,AZ ,[MAY CONTAIN PERSONALLY IDENTIFIABLE INFORMATION], ,Intersection,Dry,No Unusual Conditions,35.0, ,Dark - Lighted,Y, , , , , , , ,,Passenger Car,Unknown,Yes,Proceeding Straight,Yes,Yes, , ,Y, , ,Y, , ,Y, , ,Stopped,No,Yes,Yes,0.0, ,Y, , ,Y, , ,Y, , , , , , ,Y, ,Y,Y, , ,Yes,Phoenix Police Department, ,Yes,[MAY CONTAIN PERSONALLY IDENTIFIABLE INFORMATION], ,[MAY CONTAIN PERSONALLY IDENTIFIABLE INFORMATION], ,,Y,Yes, ,"On November [XXX], 2021 at 12:39 AM PST a Waymo Autonomous Vehicle ('Waymo AV') operating in Phoenix, AZ was in a collision involving a passenger vehicle at [XXX] and [XXX]. 
The Waymo AV was stopped at a red light on southbound [XXX] at [XXX] when a passenger vehicle struck the Waymo AV's rear bumper. At the time of the impact, the Waymo AV's Level 4 ADS was engaged in autonomous mode, and a test driver was present (in the driver's seating position). The Waymo AV's rear bumper and undercarriage sustained damage, and the passenger vehicle's front bumper and hood sustained damage.
Waymo is reporting this crash under Request No. 1 of Standing General Order 2021-01. Waymo may supplement or correct its reporting with additional information as it may become available. This report was submitted from the Pacific time zone on the required date.", ,,,,,,,prior_june16,True,True,False,False,True,True,True,False,False,False,False,True
30270-1813,1,Waymo LLC,1-Day,,,DEC-2021,SADHW2S16M1, ,,Jaguar,I-Pace, ,2021.0, ,cf331f383ea5d94,23878.0, ,In-Vehicle (Commercial / Test),5th Generation ADS, , ,, , ,, , ,, , ,,, , ,,,Yes,ADS,Waymo LLC, , ,Y, , , , , ,,NOV-2021, ,NOV-2021,00:39, ,8f5dc21a34007ed,[MAY CONTAIN PERSONALLY IDENTIFIABLE INFORMATION], ,[MAY CONTAIN PERSONALLY IDENTIFIABLE INFORMATION], ,[MAY CONTAIN PERSONALLY IDENTIFIABLE INFORMATION], ,Phoenix, ,AZ ,[MAY CONTAIN PERSONALLY IDENTIFIABLE INFORMATION], ,Intersection,Dry,No Unusual Conditions,35.0, ,Dark - Lighted,Y, , , , , , , ,,Passenger Car,Unknown,Yes,Proceeding Straight,Yes,Yes, , ,Y, , ,Y, , ,Y, , ,Stopped,No,Yes,Yes,0.0, ,Y, , ,Y, , ,Y, , , , , , ,Y, ,Y,Y, , ,Yes,Phoenix Police Department, ,Yes,[MAY CONTAIN PERSONALLY IDENTIFIABLE INFORMATION], ,[MAY CONTAIN PERSONALLY IDENTIFIABLE INFORMATION], ,,Y,Yes, ,"The content of this report is unchanged from the initial report submitted on November [XXX], 2021 [Report ID # 30270-1778-1]. 
On November [XXX], 2021 at 12:39 AM PST a Waymo Autonomous Vehicle ('Waymo AV') operating in Phoenix, AZ was in a collision involving a passenger vehicle at [XXX] and [XXX]. 
The Waymo AV was stopped at a red light on southbound [XXX] at [XXX] when a passenger vehicle struck the Waymo AV's rear bumper. At the time of the impact, the Waymo AV's Level 4 ADS was engaged in autonomous mode, and a test driver was present (in the driver's seating position). The Waymo AV's rear bumper and undercarriage sustained damage, and the passenger vehicle's front bumper and hood sustained damage.
Waymo is reporting this crash under Request No. 1 of Standing General Order 2021-01. Waymo may supplement or correct its reporting with additional information as it may become available. This report was submitted from the Pacific time zone on the required date.", ,,,,,,,prior_june16,True,True,False,False,True,True,True,False,False,False,False,True
30270-2258,1,Waymo LLC,1-Day,,,FEB-2022,1XPBD49X0ND, ,,Peterbilt,579 Epiq, ,2022.0, ,e900e303012f4e3,42556.0, ,In-Vehicle (Commercial / Test),5th Generation ADS, , ,, , ,, , ,, , ,,, , ,,,Yes,ADS,Waymo LLC, , ,Y, , , , , ,,FEB-2022, ,FEB-2022,10:30, ,8db2e10c839c6b3,[MAY CONTAIN PERSONALLY IDENTIFIABLE INFORMATION], ,[MAY CONTAIN PERSONALLY IDENTIFIABLE INFORMATION], ,[MAY CONTAIN PERSONALLY IDENTIFIABLE INFORMATION], ,Sacaton, ,AZ ,[MAY CONTAIN PERSONALLY IDENTIFIABLE INFORMATION], ,Highway / Freeway,Dry,No Unusual Conditions,75.0, ,Daylight,Y, , , , , , , ,,Heavy Truck,No Injuries Reported,Yes,Changing Lanes,Unknown,Yes, , ,Y, , ,Y, , ,Y, , ,Proceeding Straight,No,Yes,Yes,50.0, ,Y, , , , , , , , , , , , ,Y, ,Y,Y, , ,Yes,AZ Dept. of Public Safety, ,Yes,[MAY CONTAIN PERSONALLY IDENTIFIABLE INFORMATION], ,,Y,,Y,Yes, ,"On February [XXX], 2022 at 10:30 AM PST a Waymo Autonomous Vehicle (""Waymo AV"") Peterbilt Class 8 semi-truck and trailer, operating in Sacaton, AZ was in a collision involving a box truck on [XXX] south of [XXX]. 
The Waymo AV was traveling southbound on [XXX] in autonomous mode in the right lane, and a motor coach followed by a box truck were traveling in the adjacent left lane. Traffic in the left lane began to slow and the box truck steered to the right and crossed into the right lane before making contact with the passenger side rear corner of the motor coach and then making contact with the driver side rear axle of the Waymo AV trailer. At the time of the impact, the Waymo AV was in autonomous mode, and a test driver was present (in the driver's seating position). The Waymo AV trailer, motor coach, and box truck sustained damage. 
Waymo is reporting this crash under Request No. 1 of Standing General Order 2021-01 because a vehicle involved was towed away. Waymo may supplement or correct its reporting with additional information as it may become available. This report was submitted from the Pacific time zone on the required date.", ,,,,,,,prior_june16,True,True,False,False,False,True,True,False,False,False,True,False
30270-2359,2,Waymo LLC,10-Day Update,,,FEB-2022,1XPBD49X0ND, ,,Peterbilt,579 Epiq, ,2022.0, ,e900e303012f4e3,42556.0, ,In-Vehicle (Commercial / Test),5th Generation ADS, , ,, , ,, , ,, , ,,, , ,,,Yes,ADS,Waymo LLC, , ,Y, , , , , ,,FEB-2022, ,FEB-2022,10:30, ,8db2e10c839c6b3,[MAY CONTAIN PERSONALLY IDENTIFIABLE INFORMATION], ,[MAY CONTAIN PERSONALLY IDENTIFIABLE INFORMATION], ,[MAY CONTAIN PERSONALLY IDENTIFIABLE INFORMATION], ,Sacaton, ,AZ ,[MAY CONTAIN PERSONALLY IDENTIFIABLE INFORMATION], ,Highway / Freeway,Dry,No Unusual Conditions,75.0, ,Daylight,Y, , , , , , , ,,Heavy Truck,No Injuries Reported,Yes,Changing Lanes,Unknown,Yes, , ,Y, , ,Y, , ,Y, , ,Proceeding Straight,No,Yes,Yes,50.0, ,Y, , , , , , , , , , , , ,Y, ,Y,Y, , ,Yes,AZ Dept. of Public Safety, ,Yes,[MAY CONTAIN PERSONALLY IDENTIFIABLE INFORMATION], ,,Y,,Y,Yes, ,"The content of this report is unchanged from the initial report submitted on February [XXX], 2022 [Report ID #30270-2258-1]. 
On February [XXX], 2022 at 10:30 AM PST a Waymo Autonomous Vehicle ('Waymo AV') Peterbilt Class 8 semi-truck and trailer, operating in Gila River, AZ was in a collision involving a box truck on [XXX] south of [XXX]. 
The Waymo AV was traveling southbound on [XXX] in autonomous mode in the right lane, and a motor coach followed by a box truck were traveling in the adjacent left lane. Traffic in the left lane began to slow and the box truck steered to the right and crossed into the right lane before making contact with the passenger side rear corner of the motor coach and then making contact with the driver side rear axle of the Waymo AV trailer. At the time of the impact, the Waymo AV was in autonomous mode, and a test driver was present (in the driver's seating position). The Waymo AV trailer, motor coach, and box truck sustained damage. 
Waymo is reporting this crash under Request No. 1 of Standing General Order 2021-01 because a vehicle involved was towed away. Waymo may supplement or correct its reporting with additional information as it may become available. This report was submitted from the Pacific time zone on the required date.", ,,,,,,,prior_june16,True,True,False,False,False,True,True,False,False,False,True,False
30270-2465,2,Waymo LLC,10-Day Update,,,MAR-2022,SADHW2S18M1, ,,Jaguar,I-Pace, ,2021.0, ,04f736aacb7513d,30534.0, ,In-Vehicle (Commercial / Test),5th Generation ADS, , ,, , ,, , ,, , ,,, , ,,,Yes,ADS,Waymo LLC, , ,Y, , , , , ,,MAR-2022, ,MAR-2022,21:39, ,810ff5231ba3d6d,[MAY CONTAIN PERSONALLY IDENTIFIABLE INFORMATION], ,[MAY CONTAIN PERSONALLY IDENTIFIABLE INFORMATION], ,[MAY CONTAIN PERSONALLY IDENTIFIABLE INFORMATION], ,Phoenix, ,AZ ,[MAY CONTAIN PERSONALLY IDENTIFIABLE INFORMATION], ,Intersection,Dry,No Unusual Conditions,35.0, ,Dark - Lighted,Y, , , , , , , ,,Van,No Injuries Reported,Yes,Proceeding Straight,Yes,Yes, , ,Y, , ,Y, , ,Y, , ,Stopped,No,Yes,Yes,0.0, ,Y, , ,Y, , ,Y, , , , , , ,Y, ,Y,Y, , ,Yes,Phoenix Police Department, ,Yes,[MAY CONTAIN PERSONALLY IDENTIFIABLE INFORMATION], ,,Y,,Y,Yes, ,"The content of this report is unchanged from the initial report submitted on March [XXX], 2022 [Report ID # 30270-2465-1]. 
On March [XXX], 2022 at 9:39 PM PST a Waymo Autonomous Vehicle ('Waymo AV') operating in Phoenix, AZ was in a collision involving a van on N. [XXX] at [XXX]. 
The Waymo AV was stopped at a red light on southbound N. [XXX] when a van behind the Waymo AV failed to stop and made contact with the rear bumper of the Waymo AV. At the time of the impact, the Waymo AV's Level 4 ADS was engaged in autonomous mode, and a test driver was present (in the driver's seating position). The van and Waymo AV sustained moderate damage.
Waymo is reporting this crash under Request No. 1 of Standing General Order 2021-01 because a vehicle involved was towed away. Waymo may supplement or correct its reporting with additional information as it may become available. This report was submitted from the Pacific time zone on the required date.", ,,,,,,,prior_june16,True,True,False,False,True,True,True,False,False,False,False,True