Report ID,Report Version,Reporting Entity,Report Type,Report Month,Report Year,Report Submission Date,VIN,VIN - Unknown,Serial Number,Make,Model,Model - Unknown,Model Year,Model Year - Unknown,Same Vehicle ID,Mileage,Mileage - Unknown,Driver / Operator Type,ADAS/ADS System Version,ADAS/ADS System Version - Unk,ADAS/ADS System Version CBI,ADAS/ADS Hardware Version,ADAS/ADS Hardware Version - Unk,ADAS/ADS Hardware Version CBI,ADAS/ADS Software Version,ADAS/ADS Software Version - Unk,ADAS/ADS Software Version CBI,Other Reporting Entities?,Other Reporting Entities? - Unk,Other Reporting Entities? - NA,Federal Regulatory Exemption?,Other Federal Reg. Exemption,Federal Reg. Exemption - Unk,Federal Reg. Exemption - No,State or Local Permit?,State or Local Permit,ADS Equipped?,Automation System Engaged?,Operating Entity,Operating Entity - Unknown,Source - Complaint/Claim,Source - Telematics,Source - Law Enforcement,Source - Field Report,Source - Testing,Source - Media,Source - Other,Source - Other Text,Incident Date,Incident Date - Unknown,Notice Received Date,Incident Time (24:00),Incident Time - Unknown,Same Incident ID,Latitude,Latitude - Unknown,Longitude,Longitude - Unknown,Address,Address - Unknown,City,City - Unknown,State,Zip Code,Zip Code - Unknown,Roadway Type,Roadway Surface,Roadway Description,Posted Speed Limit (MPH),Posted Speed Limit - Unknown,Lighting,Weather - Clear,Weather - Snow,Weather - Cloudy,Weather - Fog/Smoke,Weather - Rain,Weather - Severe Wind,Weather - Unknown,Weather - Other,Weather - Other Text,Crash With,Highest Injury Severity Alleged,Property Damage?,CP Pre-Crash Movement,CP Any Air Bags Deployed?,CP Was Vehicle Towed?,CP Contact Area - Rear Left,CP Contact Area - Left,CP Contact Area - Front Left,CP Contact Area - Rear,CP Contact Area - Top,CP Contact Area - Front,CP Contact Area - Rear Right,CP Contact Area - Right,CP Contact Area - Front Right,CP Contact Area - Bottom,CP Contact Area - Unknown,SV Pre-Crash Movement,SV Any Air Bags Deployed?,SV Was Vehicle Towed?,SV Were All Passengers Belted?,SV Precrash Speed (MPH),SV Pre-crash Speed - Unknown,SV Contact Area - Rear Left,SV Contact Area - Left,SV Contact Area - Front Left,SV Contact Area - Rear,SV Contact Area - Top,SV Contact Area - Front,SV Contact Area - Rear Right,SV Contact Area - Right,SV Contact Area - Front Right,SV Contact Area - Bottom,SV Contact Area - Unknown,Data Availability - EDR,Data Availability - Police Rpt,Data Availability - Telematics,Data Availability - Complaints,Data Availability - Video,Data Availability - Other,Data Availability - No Data,Data Availability - Unknown,Law Enforcement Investigating?,Investigating Agency,Investigating Agency - Unknown,Rep Ent Or Mfr Investigating?,Investigating Officer Name,Inv. Officer Name - Unknown,Investigating Officer Phone,Inv. Officer Phone - Unknown,Investigating Officer Email,Inv. Officer Email - Unknown,Within ODD?,Within ODD? - CBI,Narrative,Narrative - CBI?,hub_delta_v_less_than_1mph,hub_zip_code,hub_location,hub_crash_type,hub_is_police_reported,hub_is_any_injury_reported,data_period,reportable_v2,reportable_v3,filter_has_injury,filter_is_vru,filter_has_airbag,filter_has_tow,filter_is_5day_trigger,filter_is_single_vehicle,filter_waymo_struck_another,filter_deltav_over_1mph,filter_waymo_was_moving,filter_waymo_was_stationary
30270-2591,2,Waymo LLC,10-Day Update,,,APR-2022,SADHW2S19M1, ,,Jaguar,I-Pace, ,2021.0, ,720a2c8a04ccf0d,13088.0, ,In-Vehicle (Commercial / Test),5th Generation ADS, , ,, , ,, , ,, , ,,, , ,,,Yes,ADS,WAYMO LLC, , ,Y, , , , , ,,MAR-2022, ,MAR-2022,14:57, ,078bbba609474d8,[MAY CONTAIN PERSONALLY IDENTIFIABLE INFORMATION], ,[MAY CONTAIN PERSONALLY IDENTIFIABLE INFORMATION], ,[MAY CONTAIN PERSONALLY IDENTIFIABLE INFORMATION], ,Phoenix, ,AZ ,[MAY CONTAIN PERSONALLY IDENTIFIABLE INFORMATION], ,Intersection,Dry,No Unusual Conditions,25.0, ,Daylight, , ,Y, , , , , ,,Passenger Car,Unknown,Yes,Proceeding Straight,Yes,Yes, , ,Y, , ,Y, , ,Y, , ,Stopped,No,Yes,Yes,0.0, , , ,Y, , ,Y, , , , , , , ,Y, ,Y,Y, , ,Yes,Phoenix Police Department, ,Yes,[MAY CONTAIN PERSONALLY IDENTIFIABLE INFORMATION], ,,Y,,Y,Yes, ,"Other than an update to the narrative to describe oncoming vehicle's separate collision and a correction to the 'Notice Received Date', the content of this report is unchanged from the initial report submitted on March [XXX], 2022 [Report ID # 30270-2465-1]. 
On March [XXX], 2022 at 15:14 PM PST a Waymo Autonomous Vehicle ('Waymo AV') operating in Phoenix, Arizona was in a collision involving a passenger car on [XXX] at [XXX]. 
At the time of the impact, the Waymo AV's Level 4 ADS was not engaged and a test driver was operating the Waymo AV in manual mode. The Waymo AV was stationary at a 4-way stop sign intersection when an oncoming car was involved in a separate collision, departed from its lane, and struck the Waymo AV. Both vehicles sustained damage in the front of the vehicle. 
Waymo is reporting this crash under Request No. 1 of Standing General Order 2021-01 because a vehicle involved was towed away and a vehicle's airbag(s) deployed. Waymo may supplement or correct its reporting with additional information as it may become available. This report was submitted from the Pacific time zone on the required date.", ,,,,,,,prior_june16,True,True,False,False,True,True,True,False,False,False,False,True
30270-2657,2,Waymo LLC,10-Day Update,,,APR-2022,SADHW2S14M1, ,,Jaguar,I-Pace, ,2021.0, ,806445927154e05,17179.0, ,In-Vehicle (Commercial / Test),5th Generation ADS, , ,, , ,, , ,, , ,,, , ,,,Yes,ADS,Waymo LLC, , ,Y, , , , , ,,APR-2022, ,APR-2022,18:29, ,b35fd97d24c2500,[MAY CONTAIN PERSONALLY IDENTIFIABLE INFORMATION], ,[MAY CONTAIN PERSONALLY IDENTIFIABLE INFORMATION], ,[MAY CONTAIN PERSONALLY IDENTIFIABLE INFORMATION], ,Phoenix, ,AZ ,[MAY CONTAIN PERSONALLY IDENTIFIABLE INFORMATION], ,Intersection,Dry,No Unusual Conditions,30.0, ,Daylight,Y, , , , , , , ,,Motorcycle,No Injuries Reported,Yes,Proceeding Straight,No,Unknown, , ,Y, , ,Y, , ,Y, , ,Making Right Turn,No,Yes,Yes,3.0, , , , ,Y, , , , , , , , , ,Y, ,Y,Y, , ,Yes,Phoenix Police Department, ,Yes,[MAY CONTAIN PERSONALLY IDENTIFIABLE INFORMATION], ,,Y,,Y,Yes, ,"The content of this report is unchanged from the initial report submitted on April [XXX], 2022 [Report ID # 30270-2657-1]. 
On April [XXX], 2022 at 6:29 PM PST a Waymo Autonomous Vehicle ('Waymo AV') operating in Phoenix, Arizona was in a collision involving a motorcycle on [XXX] at [XXX]. 
The Waymo AV was preparing to make a right turn from southbound [XXX] onto westbound [XXX], when it slowed to yield to a pedestrian crossing [XXX]. As the Waymo AV yielded, a motorcycle directly behind the Waymo AV was rear-ended by a pick-up truck. The motorcycle was pushed forward and made contact with the rear of the Waymo AV. At the time of the impact, the Waymo AV's Level 4 ADS was engaged in autonomous mode, and a test driver was present (in the driver's seating position). The Waymo AV and the motorcycle sustained damage.
Waymo is reporting this crash under Request No. 1 of Standing General Order 2021-01 because a vehicle involved was towed away and a motorcycle was damaged. Waymo may supplement or correct its reporting with additional information as it may become available. This report was submitted from the Pacific time zone on the required date.", ,,,,,,,prior_june16,True,True,False,True,False,True,True,False,False,False,True,False
30270-2895,2,Waymo LLC,10-Day Update,,,MAY-2022,1XPBD49X6ND, ,,Peterbilt,579 Epiq, ,2022.0, ,c59cc1317356bf4,58117.0, ,In-Vehicle (Commercial / Test),5th Generation ADS, , ,, , ,, , ,, , ,,, , ,,,Yes,ADS,Waymo LLC, , ,Y, , , , , ,,MAY-2022, ,MAY-2022,15:11, ,469cd8d228115fc,[MAY CONTAIN PERSONALLY IDENTIFIABLE INFORMATION], ,[MAY CONTAIN PERSONALLY IDENTIFIABLE INFORMATION], ,[MAY CONTAIN PERSONALLY IDENTIFIABLE INFORMATION], ,Ennis, ,TX ,[MAY CONTAIN PERSONALLY IDENTIFIABLE INFORMATION], ,Highway / Freeway,Dry,No Unusual Conditions,65.0, ,Daylight,Y, , , , , , , ,,Heavy Truck,Moderate,Yes,Changing Lanes,No,No, , , , , , ,Y, , , , ,Proceeding Straight,No,Yes,Yes,62.0, , , ,Y, , , , , , , , , , ,Y, ,Y,Y, , ,Yes,Ennis Police Department, ,Yes,[MAY CONTAIN PERSONALLY IDENTIFIABLE INFORMATION], ,[MAY CONTAIN PERSONALLY IDENTIFIABLE INFORMATION], ,[MAY CONTAIN PERSONALLY IDENTIFIABLE INFORMATION], ,Yes, ,"Other than noting that the vehicle that struck the Waymo AV had encountered tire debris in its lane, the content of this report is unchanged from the initial report submitted on May [XXX], 2022 [Report ID # 30270-[XXX]-1]. 
On May [XXX], 2022 at 3:11 PM PST a Waymo Autonomous Vehicle (Waymo AV) Peterbilt Class 8 semi-truck and trailer, operating in Ennis, Texas was in a collision involving a Class 8 semi-truck and trailer on northbound Interstate [XXX] near [XXX]. 
The Waymo AV was traveling in autonomous mode in the rightmost lane on Interstate [XXX] when a Class 8 semi-truck and trailer began to pass it in the adjacent left lane. Before the adjacent Class 8 semi-truck and trailer had fully passed the Waymo AV, it encountered tire debris in its lane, executed a right lane change, and its trailer (the right side, rear section) entered the lane in which the Waymo AV was traveling and made contact with the driver side of the Waymo AV cab. The Waymo AV transitioned to manual mode and the test driver took control. The Waymo AV exited the roadway to the right shoulder of the road and came to a stop off of the roadway. At the time of the impact, the Waymo AV's ADS was engaged in autonomous mode, and a test driver was present (in the driver's seating position). The Waymo AV sustained moderate damage and the third-party Class 8 semi-truck and trailer did not stop to exchange information. The Waymo AV test driver was transported for medical care and the Waymo AV software operator, seated in the passenger seat, later sought medical attention. 
Waymo is reporting this crash under Request No. 1 of Standing General Order 2021-01 because an individual involved in the crash was transported from the scene to a hospital for medical treatment and a vehicle involved was towed away. Waymo may supplement or correct its reporting with additional information as it may become available. This report was submitted from the Pacific time zone on the required date.", ,,,,,,,prior_june16,True,True,True,False,False,True,True,False,True,False,True,False
30270-3010,1,Waymo LLC,Monthly,4.0,2022.0,MAY-2022,SADHW2S17M1, ,,Jaguar,I-Pace, ,2021.0, ,abe8cab2679e248,21755.0, ,In-Vehicle (Commercial / Test),5th Generation ADS, , ,, , ,, , ,, , ,,, , ,,,Yes,ADS,Waymo LLC, , ,Y, , , , , ,,APR-2022, ,APR-2022,23:30, ,5eaff10802702c1,[MAY CONTAIN PERSONALLY IDENTIFIABLE INFORMATION], ,[MAY CONTAIN PERSONALLY IDENTIFIABLE INFORMATION], ,[MAY CONTAIN PERSONALLY IDENTIFIABLE INFORMATION], ,Phoenix, ,AZ ,[MAY CONTAIN PERSONALLY IDENTIFIABLE INFORMATION], ,Street,Dry,No Unusual Conditions,25.0, ,Dark - Lighted,Y, , , , , , , ,,Animal,No Injuries Reported,Yes,"Other, see Narrative",,, , , , , , , , , , , ,Proceeding Straight,No,No,Yes,24.0, , , , , , ,Y, , , , , , , ,Y, ,Y,Y, , ,No,, ,Yes,, ,, ,, ,Yes, ,"On April [XXX], 2022 at 11:30 PM PST a Waymo Autonomous Vehicle ('Waymo AV') operating in Phoenix, Arizona was in a collision involving an animal on [XXX] just past [XXX]. 
The Waymo AV was operating in autonomous mode on northbound [XXX] and had just passed [XXX] when a cat entered the street from the adjacent right curb. The Waymo AV then made contact with the cat. The Waymo AV braked and the Waymo AV test driver took manual control and brought the Waymo AV to a stop. At the time of the impact, the Waymo AV's Level 4 ADS was engaged in autonomous mode, and a test driver was present (in the driver's seating position). The Waymo AV did not sustain any damage and the cat was found to be deceased; the cat did not have any identification tags or other signs of ownership.
Waymo is reporting this crash under Request No. 2 of Standing General Order 2021-01. Waymo may supplement or correct its reporting with additional information as it may become available. This report was submitted from the Pacific time zone on the required date.", ,,,,,,,prior_june16,True,True,False,False,False,False,False,True,True,False,True,False
30270-3056,2,Waymo LLC,10-Day Update,,,JUN-2022,SADHW2S10M1, ,,Jaguar,I-Pace, ,2021.0, ,4d3dc5f194fb109,30050.0, ,In-Vehicle (Commercial / Test),5th Generation ADS, , ,, , ,, , ,, , ,,, , ,,,Yes,ADS,Waymo LLC, , ,Y, , , , , ,,MAY-2022, ,MAY-2022,01:43, ,a4f3fd3c322db7a,[MAY CONTAIN PERSONALLY IDENTIFIABLE INFORMATION], ,[MAY CONTAIN PERSONALLY IDENTIFIABLE INFORMATION], ,[MAY CONTAIN PERSONALLY IDENTIFIABLE INFORMATION], ,Phoenix, ,AZ ,[MAY CONTAIN PERSONALLY IDENTIFIABLE INFORMATION], ,Parking Lot,Dry,No Unusual Conditions,25.0, ,Dark - Lighted,Y, , , , , , , ,,"Other, see Narrative",No Injuries Reported,Yes,"Other, see Narrative",Not Applicable,Not Applicable, , , , ,Y, , , , , , ,Making Left Turn,No,Yes,Yes,9.0, , , , , , , , , , ,Y, , , ,Y, ,Y,Y, , ,No,, ,Yes,, ,, ,, ,Yes, ,"The content of this report is unchanged from the initial report submitted on May [XXX], 2022 [REDACTED, MAY CONTAIN CONFIDENTIAL BUSINESS INFORMATION]. 
On May [XXX], 2022 at 1:43AM PST a Waymo Autonomous Vehicle (Waymo AV) operating in Phoenix, Arizona made contact with a parking lot driveway on the 700 block of [XXX]. 
The Waymo AV was traveling westbound on [XXX] in autonomous mode when it approached a parking lot on the left side of the street. As the Waymo AV turned left and into the parking lot, the Waymo AVs undercarriage made contact with the driveway pavement (the AV did not contact any vehicle or road user). At the time of the contact, the Waymo AVs Level 4 ADS was engaged in autonomous mode, and a test driver was present (in the drivers seating position). The Waymo AV sustained minor undercarriage damage.
Waymo is reporting this crash under Request No. 1 of Standing General Order 2021-01 because the Waymo AV was towed away. Waymo may supplement or correct its reporting with additional information as it may become available. This report was submitted from the Pacific time zone on the required date.", ,,,,,,,prior_june16,True,True,False,False,False,True,True,False,False,False,True,False
30270-3057,2,Waymo LLC,10-Day Update,,,JUN-2022,SADHW2S15M1, ,,Jaguar,I-Pace, ,2021.0, ,c690f79b5f85c4b,32794.0, ,In-Vehicle (Commercial / Test),5th Generation ADS, , ,, , ,, , ,, , ,,, , ,,,Yes,ADS,Waymo LLC, , ,Y, , , , , ,,MAY-2022, ,MAY-2022,02:30, ,387240601466c07,[MAY CONTAIN PERSONALLY IDENTIFIABLE INFORMATION], ,[MAY CONTAIN PERSONALLY IDENTIFIABLE INFORMATION], ,[MAY CONTAIN PERSONALLY IDENTIFIABLE INFORMATION], ,Phoenix, ,AZ ,[MAY CONTAIN PERSONALLY IDENTIFIABLE INFORMATION], ,Intersection,Dry,No Unusual Conditions,35.0, ,Dark - Lighted,Y, , , , , , , ,,Passenger Car,Unknown,Yes,Proceeding Straight,Yes,Yes, ,Y,Y, , ,Y, , ,Y, , ,Stopped,No,Yes,Yes,0.0, ,Y,Y, ,Y, , , , , , , , , ,Y, ,Y,Y, , ,Yes,Phoenix Police Department, ,Yes,[MAY CONTAIN PERSONALLY IDENTIFIABLE INFORMATION], ,,Y,,Y,Yes, ,"The content of this report is unchanged from the initial report submitted on May [XXX], 2022 [Report ID # 30270-3057-1].
On May [XXX], 2022 at 2:30 AM PST a Waymo Autonomous Vehicle (""Waymo AV"") operating in Phoenix, Arizona was in a collision involving a passenger vehicle on [XXX] at the [XXX] onramp.
While the Waymo AV was stopped at a red light on southbound [XXX] in the rightmost through lane, a passenger vehicle approached the Waymo AV from behind and the right front of the passenger vehicle made contact with the left rear of the Waymo AV. At the time of the impact, the Waymo AV's Level 4 ADS was engaged in autonomous mode and a test driver was present (in the driver's seating position). Both vehicles sustained major damage. The driver of the other vehicle was transported from the scene to a hospital for medical treatment.
Waymo is reporting this crash under Request No. 1 of Standing General Order 2021-01 because a vehicle involved was towed away, the crash resulted in airbag deployment, and the driver of the other vehicle was transported from the scene to a hospital for medical treatment. Waymo may supplement or correct its reporting with additional information as it may become available. This report was submitted from the Pacific time zone on the required date.", ,,,,,,,prior_june16,True,True,False,False,True,True,True,False,False,False,False,True
30270-3324,2,Waymo LLC,10-Day Update,,,JUL-2022,SADHW2S11M1, ,,Jaguar,I-Pace, ,2021.0, ,cc4cb8a51705cf4,28219.0, ,In-Vehicle (Commercial / Test),5th Generation ADS, , ,, , ,, , ,, , ,,, , ,,,Yes,ADS,Waymo LLC, , ,Y, , , , , ,,JUL-2022, ,JUL-2022,00:57, ,8e4843d23827b9b,[MAY CONTAIN PERSONALLY IDENTIFIABLE INFORMATION], ,[MAY CONTAIN PERSONALLY IDENTIFIABLE INFORMATION], ,[MAY CONTAIN PERSONALLY IDENTIFIABLE INFORMATION], ,Tempe, ,AZ ,[MAY CONTAIN PERSONALLY IDENTIFIABLE INFORMATION], ,Street,Dry,No Unusual Conditions,45.0, ,Dark - Lighted,Y, , , , , , , ,,"Other, see Narrative",Unknown,Yes,"Other, see Narrative",Not Applicable,Not Applicable, , , , , , , , , , ,Y,Stopped,No,Yes,Yes,0.0, , , , , ,Y, , , , , , , , ,Y, ,Y,Y, , ,Yes,Tempe Police Department, ,Yes,[MAY CONTAIN PERSONALLY IDENTIFIABLE INFORMATION], ,,Y,[MAY CONTAIN PERSONALLY IDENTIFIABLE INFORMATION], ,Yes, ,"The content of this report is unchanged from the initial report submitted on July [XXX] 2022 [REDACTED, MAY CONTAIN CONFIDENTIAL BUSINESS INFORMATION]. 
On July [XXX], 2022 at 12:57 AM PST a Waymo Autonomous Vehicle (""Waymo AV"") was traveling eastbound on [XXX] in autonomous mode when a pedestrian entered the roadway from the center median. The test driver then disengaged autonomous mode and braked to a stop as the pedestrian began to run toward the Waymo AV. The pedestrian stood in front of the vehicle, then jumped onto the hood of the Waymo AV and used their body to break the Waymo AV's windshield. The pedestrian was apprehended soon after by nearby police. The Waymo AV test driver was not physically injured but was taken to a nearby hospital out of an abundance of caution. The Waymo AV sustained major damage to its windshield.
Waymo is reporting this event to ensure official notification to the agency of a notable event. Waymo may supplement or correct its reporting with additional information as it may become available.", ,,,,,,,prior_june16,True,True,False,False,False,True,True,False,False,False,False,True
30270-3338,2,Waymo LLC,10-Day Update,,,JUL-2022,SADHW2S1XM1, ,,Jaguar,I-Pace, ,2021.0, ,61c27e449091005,11919.0, ,In-Vehicle (Commercial / Test),5th Generation ADS, , ,, , ,, , ,, , ,,, , ,,,Yes,ADS,Waymo LLC, , ,Y, , , , , ,,JUL-2022, ,JUL-2022,09:04, ,b9b7ee2401f7557,[MAY CONTAIN PERSONALLY IDENTIFIABLE INFORMATION], ,[MAY CONTAIN PERSONALLY IDENTIFIABLE INFORMATION], ,[MAY CONTAIN PERSONALLY IDENTIFIABLE INFORMATION], ,Phoenix, ,AZ ,[MAY CONTAIN PERSONALLY IDENTIFIABLE INFORMATION], ,Intersection,Dry,No Unusual Conditions,35.0, ,Daylight,Y, , , , , , , ,,Passenger Car,Minor,Yes,Proceeding Straight,Unknown,Unknown, , ,Y, , ,Y, , ,Y, , ,Making Left Turn,No,Yes,Yes,13.0, ,Y, , ,Y, , ,Y, , , , , , ,Y, ,Y,Y, , ,Yes,Phoenix Police Department, ,Yes,[MAY CONTAIN PERSONALLY IDENTIFIABLE INFORMATION], ,[MAY CONTAIN PERSONALLY IDENTIFIABLE INFORMATION], ,,Y,Yes, ,"The content of this report is unchanged from the initial report submitted on July [XXX] 2022 [REDACTED, MAY CONTAIN CONFIDENTIAL BUSINESS INFORMATION]. 
On July [XXX], 2022 at 9:04 AM PST a Waymo Autonomous Vehicle (Waymo AV) operating in Phoenix, Arizona was in a collision involving a passenger vehicle on [XXX] and [XXX].
The Waymo AV was traveling southbound on [XXX] in autonomous mode and turning left onto eastbound [XXX]. As the Waymo AV initiated the left turn, a passenger vehicle that had been following the Waymo AV made contact with the rear of the Waymo AV. At the time of the impact, the Waymo AVs Level 4 ADS was engaged in autonomous mode, and a test driver was present (in the drivers seating position). Both vehicles sustained damage.
Waymo is reporting this crash under Request No. 1 of Standing General Order 2021-01 because a vehicle involved was towed away and the Waymo AV test driver reported minor injuries. Waymo may supplement or correct its reporting with additional information as it may become available. This report was submitted from the Eastern time zone on the required date.", ,,,,,,,prior_june16,True,True,True,False,False,True,True,False,False,False,True,False
30270-3545,2,Waymo LLC,10-Day Update,,,AUG-2022,2C4RC1K74HR, ,,Chrysler,Pacifica, ,2017.0, ,27c58a6d27dde97,52590.0, ,In-Vehicle (Commercial / Test),4th Generation ADS, , ,, , ,, , ,, , ,,, , ,,,Yes,ADS,Waymo LLC, , ,Y, , , , , ,,AUG-2022, ,AUG-2022,10:25, ,c0aefb7adffb8c7,[MAY CONTAIN PERSONALLY IDENTIFIABLE INFORMATION], ,[MAY CONTAIN PERSONALLY IDENTIFIABLE INFORMATION], ,[MAY CONTAIN PERSONALLY IDENTIFIABLE INFORMATION], ,Tempe, ,AZ ,[MAY CONTAIN PERSONALLY IDENTIFIABLE INFORMATION], ,Intersection,Dry,No Unusual Conditions,30.0, ,Daylight, , ,Y, , , , , ,,Other Fixed Object,No Injuries Reported,Yes,,,, , , , , , , , , , , ,Lane / Road Departure,No,Yes,Yes,18.0, , , ,Y, , ,Y, ,Y,Y, , , , ,Y, ,Y,Y, , ,Yes,Tempe Police Department, ,Yes,,Y,,Y,,Y,Yes, ,"The content of this report is unchanged from the initial report submitted on August [XXX], 2022 [REDACTED, MAY CONTAIN CONFIDENTIAL BUSINESS INFORMATION]. 
On August [XXX], 2022 at 10:25 AM PST a Waymo Autonomous Vehicle (Waymo AV) operating in Tempe, Arizona was in a collision involving a road sign and crosswalk button post on [XXX] at [XXX]. 
The Waymo AV was traveling westbound on [XXX] in autonomous mode when it passed [XXX]. As the Waymo AV was in the intersection of [XXX] and [XXX], and was approaching the right turn lane at the intersection of [XXX] and [XXX] and following the lane markings, the Waymo AV test driver transitioned the system to manual mode. The Waymo AV then made contact with the right curb on [XXX] as well as a road sign and a crosswalk button post located adjacent to the roadway. At the time of the impact, the Waymo AVs Level 4 ADS was not engaged and a test driver was operating the Waymo AV in manual mode. The Waymo AV sustained minor damage.
Waymo is reporting this crash under Request No. 1 of Standing General Order 2021-01 because a vehicle involved was towed away. Waymo may supplement or correct its reporting with additional information as it may become available. This report was submitted from the Eastern time zone on the required date.", ,,,,,,,prior_june16,True,True,False,False,False,True,True,True,True,False,True,False
30270-3786,2,Waymo LLC,10-Day Update,,,SEP-2022,SADHW2S17M1, ,,Jaguar,I-Pace, ,2021.0, ,2e36ef5640679ec,29977.0, ,In-Vehicle (Commercial / Test),5th Generation ADS, , ,, , ,, , ,, , ,,, , ,,,Yes,ADS,Waymo LLC, , ,Y, , , , , ,,SEP-2022, ,SEP-2022,13:13, ,5ecd17ff9881950,[MAY CONTAIN PERSONALLY IDENTIFIABLE INFORMATION], ,[MAY CONTAIN PERSONALLY IDENTIFIABLE INFORMATION], ,[MAY CONTAIN PERSONALLY IDENTIFIABLE INFORMATION], ,Phoenix, ,AZ ,[MAY CONTAIN PERSONALLY IDENTIFIABLE INFORMATION], ,Intersection,Dry,No Unusual Conditions,35.0, ,Daylight,Y, , , , , , , ,,Passenger Car,Unknown,Yes,Proceeding Straight,No,Unknown,Y, ,Y,Y, ,Y,Y, ,Y, , ,Stopped,No,Yes,Yes,0.0, , , , , , , ,Y, , , , , , ,Y, ,Y,Y, , ,Unknown,,Y,Yes,,Y,,Y,,Y,Yes, ,"Other than updating the ADS Version to the correct Waymo ADS generation, and correcting the Were All Passengers Belted? and Property Damage? fields, the content of this report is unchanged from the initial report submitted on September [XXX], 2022 [REDACTED, MAY CONTAIN CONFIDENTIAL BUSINESS INFORMATION]. 
On September [XXX], 2022 at 1:13 PM PST a Waymo Autonomous Vehicle (Waymo AV) operating in Phoenix, Arizona was in a collision involving two passenger cars on [XXX] at [XXX].
The Waymo AV was stopped in traffic at a red light facing West on [XXX]. The passenger car immediately behind the Waymo AV slowed and came to a near stop when a second passenger car approaching from behind made contact with the rear of the first passenger car, causing that car to make contact with the rear of the Waymo AV.
At the time of the impact, the Waymo AVs Level 4 ADS was engaged in autonomous mode, and a test driver was present (in the drivers seating position). All three vehicles sustained damage.
Waymo is reporting this crash under Request No. 1 of Standing General Order 2021-01 because a vehicle involved was towed away, because of airbag deployment, and because an occupant in one of the passenger vehicles was transported for medical attention. Waymo may supplement or correct its reporting with additional information as it may become available.", ,,,,,,,prior_june16,True,True,False,False,False,True,True,False,False,False,False,True
30270-3837,1,Waymo LLC,Monthly,8.0,2022.0,SEP-2022,SADHW2S15M1, ,,Jaguar,I-Pace, ,2021.0, ,9d4d73bafd748f5,38984.0, ,In-Vehicle (Commercial / Test),5th Generation ADS, , ,, , ,, , ,, , ,,, , ,,,Yes,ADS,Waymo LLC, , ,Y, , , , , ,,AUG-2022, ,AUG-2022,11:03, ,6c37f91fda20d45,[MAY CONTAIN PERSONALLY IDENTIFIABLE INFORMATION], ,[MAY CONTAIN PERSONALLY IDENTIFIABLE INFORMATION], ,[MAY CONTAIN PERSONALLY IDENTIFIABLE INFORMATION], ,Tempe, ,AZ ,[MAY CONTAIN PERSONALLY IDENTIFIABLE INFORMATION], ,Street,Dry,No Unusual Conditions,45.0, ,Daylight,Y, , , , , , , ,,Passenger Car,No Injuries Reported,Yes,Changing Lanes,No,No,Y, , , , , , , , , , ,Proceeding Straight,No,No,Yes,45.0, , , , , , , , , ,Y, , , , ,Y, ,Y,Y, , ,No,, ,Yes,, ,, ,, ,Yes, ,"On August [XXX], 2022 at 11:03 AM PST a Waymo Autonomous Vehicle (""Waymo AV"") operating in Tempe, Arizona was in a collision involving a passenger vehicle on [XXX] near [XXX].
The Waymo AV was traveling northbound on [XXX] and had passed [XXX] when a passenger vehicle approached the Waymo AV from behind. The passenger vehicle then made a lane change into its adjacent right lane, and passed the Waymo AV. As it passed the Waymo AV, the passenger vehicle made a lane change back into the left adjacent lane, and its driver side rear quarter panel made contact with the Waymo AV's passenger side front quarter panel. At the time of the impact, the Waymo AV's Level 4 ADS was engaged in autonomous mode, and a test driver was present (in the driver's seating position). Both vehicles sustained damage.
Waymo is reporting this crash under Request No. 2 of Standing General Order 2021-01. Waymo may supplement or correct its reporting with additional information as it may become available.", ,,,,,,,prior_june16,True,True,False,False,False,False,False,False,True,False,True,False