Report ID,Report Version,Reporting Entity,Report Type,Report Month,Report Year,Report Submission Date,VIN,VIN - Unknown,Serial Number,Make,Model,Model - Unknown,Model Year,Model Year - Unknown,Same Vehicle ID,Mileage,Mileage - Unknown,Driver / Operator Type,ADAS/ADS System Version,ADAS/ADS System Version - Unk,ADAS/ADS System Version CBI,ADAS/ADS Hardware Version,ADAS/ADS Hardware Version - Unk,ADAS/ADS Hardware Version CBI,ADAS/ADS Software Version,ADAS/ADS Software Version - Unk,ADAS/ADS Software Version CBI,Other Reporting Entities?,Other Reporting Entities? - Unk,Other Reporting Entities? - NA,Federal Regulatory Exemption?,Other Federal Reg. Exemption,Federal Reg. Exemption - Unk,Federal Reg. Exemption - No,State or Local Permit?,State or Local Permit,ADS Equipped?,Automation System Engaged?,Operating Entity,Operating Entity - Unknown,Source - Complaint/Claim,Source - Telematics,Source - Law Enforcement,Source - Field Report,Source - Testing,Source - Media,Source - Other,Source - Other Text,Incident Date,Incident Date - Unknown,Notice Received Date,Incident Time (24:00),Incident Time - Unknown,Same Incident ID,Latitude,Latitude - Unknown,Longitude,Longitude - Unknown,Address,Address - Unknown,City,City - Unknown,State,Zip Code,Zip Code - Unknown,Roadway Type,Roadway Surface,Roadway Description,Posted Speed Limit (MPH),Posted Speed Limit - Unknown,Lighting,Weather - Clear,Weather - Snow,Weather - Cloudy,Weather - Fog/Smoke,Weather - Rain,Weather - Severe Wind,Weather - Unknown,Weather - Other,Weather - Other Text,Crash With,Highest Injury Severity Alleged,Property Damage?,CP Pre-Crash Movement,CP Any Air Bags Deployed?,CP Was Vehicle Towed?,CP Contact Area - Rear Left,CP Contact Area - Left,CP Contact Area - Front Left,CP Contact Area - Rear,CP Contact Area - Top,CP Contact Area - Front,CP Contact Area - Rear Right,CP Contact Area - Right,CP Contact Area - Front Right,CP Contact Area - Bottom,CP Contact Area - Unknown,SV Pre-Crash Movement,SV Any Air Bags Deployed?,SV Was Vehicle Towed?,SV Were All Passengers Belted?,SV Precrash Speed (MPH),SV Pre-crash Speed - Unknown,SV Contact Area - Rear Left,SV Contact Area - Left,SV Contact Area - Front Left,SV Contact Area - Rear,SV Contact Area - Top,SV Contact Area - Front,SV Contact Area - Rear Right,SV Contact Area - Right,SV Contact Area - Front Right,SV Contact Area - Bottom,SV Contact Area - Unknown,Data Availability - EDR,Data Availability - Police Rpt,Data Availability - Telematics,Data Availability - Complaints,Data Availability - Video,Data Availability - Other,Data Availability - No Data,Data Availability - Unknown,Law Enforcement Investigating?,Investigating Agency,Investigating Agency - Unknown,Rep Ent Or Mfr Investigating?,Investigating Officer Name,Inv. Officer Name - Unknown,Investigating Officer Phone,Inv. Officer Phone - Unknown,Investigating Officer Email,Inv. Officer Email - Unknown,Within ODD?,Within ODD? - CBI,Narrative,Narrative - CBI?,hub_delta_v_less_than_1mph,hub_zip_code,hub_location,hub_crash_type,hub_is_police_reported,hub_is_any_injury_reported,data_period,reportable_v2,reportable_v3,filter_has_injury,filter_is_vru,filter_has_airbag,filter_has_tow,filter_is_5day_trigger,filter_is_single_vehicle,filter_waymo_struck_another,filter_deltav_over_1mph,filter_waymo_was_moving,filter_waymo_was_stationary
30270-7013,1,Waymo LLC,Monthly,12.0,2023.0,JAN-2024,SADHW2S18M1, ,,Jaguar,I-Pace, ,2021.0, ,2c7a9a00277e615,93672.0, ,,5th Generation ADS, , ,5th Generation, , ,Version 8, , ,, ,Y,,, ,Y,Yes (specify below),ADOT						,Yes,ADS,Waymo LLC, , ,Y, , , , , ,,DEC-2023, ,DEC-2023,10:25, ,84b52164fe6e8ab,[MAY CONTAIN PERSONALLY IDENTIFIABLE INFORMATION], ,[MAY CONTAIN PERSONALLY IDENTIFIABLE INFORMATION], ,[MAY CONTAIN PERSONALLY IDENTIFIABLE INFORMATION], ,Phoenix, ,AZ ,[MAY CONTAIN PERSONALLY IDENTIFIABLE INFORMATION], ,Street,Dry,No Unusual Conditions,40.0, ,Daylight,Y, , , , , , , ,,Pickup Truck,No Injuries Reported,Yes,"Other, see Narrative",No,No, , ,Y, , ,Y, , , , , ,Proceeding Straight,No,No,No Passengers in Vehicle,35.0, , , ,Y, , ,Y, , , , , , , ,Y, ,Y,Y, , ,Unknown,,Y,Yes,,Y,,Y,,Y,Yes, ,"On December [XXX], 2023 at 10:25 AM PT a Waymo Autonomous Vehicle (Waymo AV) operating in Phoenix, Arizona was in a collision involving a pickup truck being towed on [XXX] at [XXX].  
The Waymo AV was traveling southbound on [XXX] in the left lane, with a center left turn lane to the adjacent left, and one lane to the right. The Waymo AV approached a pickup truck being towed backwards and at an angle. The truck towing the pickup truck was traveling straight in the middle turn lane, also traveling southbound on [XXX], and the pickup truck being towed was partially in the same lane as the Waymo AV and partially in the middle turn lane. As the Waymo AV and combination vehicle were proceeding straight, the front left of the Waymo AV made contact with the pickup truck being towed. At the time of the impact, the Waymo AVs Level 4 ADS was engaged in autonomous mode. The Waymo AV and the pickup truck sustained damage.
Waymo is reporting this crash under Request No. 2 of Standing General Order 2021-01. Waymo may supplement or correct its reporting with additional information as it may become available.", ,False,85008,PHOENIX,V2V F2R,True,False,prior_june16,True,True,False,False,False,False,False,False,True,True,True,False
30270-7048,1,Waymo LLC,5-Day,,,JAN-2024,SADHW2S15M1, ,,Jaguar,I-Pace, ,2021.0, ,c5c7ecbcc216f2e,112503.0, ,,5th Generation, , ,5th Generation, , ,Version 8, , ,, ,Y,,, ,Y,Yes (specify below),ADOT,Yes,ADS,Waymo LLC, , ,Y, , , , , ,,JAN-2024, ,JAN-2024,12:35, ,e5834db4d946bfa,[MAY CONTAIN PERSONALLY IDENTIFIABLE INFORMATION], ,[MAY CONTAIN PERSONALLY IDENTIFIABLE INFORMATION], ,[MAY CONTAIN PERSONALLY IDENTIFIABLE INFORMATION], ,Gilbert, ,AZ ,[MAY CONTAIN PERSONALLY IDENTIFIABLE INFORMATION], ,Parking Lot,Dry,"Other, see Narrative",5.0, ,Daylight, , ,Y, , , , , ,,"Other, see Narrative",No Injuries Reported,Yes,"Other, see Narrative",Not Applicable,Not Applicable, , , , , , , , , , ,Y,"Other, see Narrative",No,Yes,No Passengers in Vehicle,2.0, , , , , , , , , ,Y, , , , ,Y, ,Y,Y, , ,No,, ,Yes,, ,, ,, ,Yes, ,"On January [XXX], 2024 at 12:35 PM PT a Waymo Autonomous Vehicle (Waymo AV) operating in Gilbert, Arizona was in an event involving parking lot spikes at a parking lot entrance on [XXX] near [XXX].
The Waymo AV had approached an apartment complex parking lot entrance on [XXX] near [XXX], and encountered a closed gate, preventing access to the parking lot. Next to the closed entrance gate lane was an open exit lane, with parking lot spikes preventing wrong-way access. As the Waymo AV attempted a multi-point turn to exit the parking lot driveway and proceed on [XXX], the front passenger side tire drove over the parking lot spikes and deflated. At the time of the impact, the Waymo AVs Level 4 ADS was engaged in autonomous mode. The Waymo AV sustained damage.
Waymo is reporting this under Request No. 1 of Standing General Order 2021-01 because a vehicle involved was towed away. Waymo may supplement or correct its reporting with additional information as it may become available.", ,True,85233,PHOENIX,All Others,False,False,prior_june16,True,True,False,False,False,True,True,False,True,False,True,False
30270-7058,1,Waymo LLC,5-Day,,,FEB-2024,SADHW2S14M1, ,,Jaguar,I-Pace, ,2021.0, ,09f6e9bd642f040,107479.0, ,,5th Generation, , ,5th Generation, , ,Version 8, , ,, ,Y,,, ,Y,Yes (specify below),ADOT,Yes,ADS,Waymo LLC, , ,Y, , , , , ,,JAN-2024, ,JAN-2024,09:03, ,fdf5dff21c3b9d1,[MAY CONTAIN PERSONALLY IDENTIFIABLE INFORMATION], ,[MAY CONTAIN PERSONALLY IDENTIFIABLE INFORMATION], ,[MAY CONTAIN PERSONALLY IDENTIFIABLE INFORMATION], ,Scottsdale, ,AZ ,[MAY CONTAIN PERSONALLY IDENTIFIABLE INFORMATION], ,Parking Lot,Dry,No Unusual Conditions,15.0, ,Daylight,Y, , , , , , , ,,"Other, see Narrative",No Injuries Reported,Yes,"Other, see Narrative",Not Applicable,Not Applicable, , , , , , , , , , ,Y,Proceeding Straight,No,Yes,Yes,10.0, , , , , , , ,Y, , , , , , ,Y, ,Y,Y, , ,No,, ,Yes,, ,, ,, ,Yes, ,"On January [XXX], 2024 at 8:03 AM PT a Waymo Autonomous Vehicle (Waymo AV) operating in Scottsdale, Arizona was in a collision involving an automatic gate in an apartment complex parking lot entrance on [XXX] near [XXX].
The Waymo AV attempted to enter the apartment complex parking lot entrance as an automatic gate was closing. As the Waymo AV passed the closing gate, the gate made contact with the rear passenger side corner of the Waymo AV. At the time of the impact, the Waymo AVs Level 4 ADS was engaged in autonomous mode. The Waymo AV sustained damage.
Waymo is reporting this crash under Request No. 1 of Standing General Order 2021-01 because a vehicle involved was towed away. Waymo may supplement or correct its reporting with additional information as it may become available.", ,True,85251,PHOENIX,Single Vehicle,False,False,prior_june16,True,True,False,False,False,True,True,False,False,False,True,False
30270-7164,2,Waymo LLC,Update,,,FEB-2024,SADHW2S18R1, ,,Jaguar,I-Pace, ,2024.0, ,9a0d14f335c1aa1,1328.0, ,In-Vehicle (Commercial / Test),5th Generation ADS, , ,5th Generation ADS, , ,Version 8, , ,Transdev Alternative Services, , ,,, ,Y,No,,Yes,ADS,Waymo LLC, , ,Y, , , , , ,,FEB-2024, ,FEB-2024,17:01, ,9c0c60f2cb1f322,[MAY CONTAIN PERSONALLY IDENTIFIABLE INFORMATION], ,[MAY CONTAIN PERSONALLY IDENTIFIABLE INFORMATION], ,[MAY CONTAIN PERSONALLY IDENTIFIABLE INFORMATION], ,Austin, ,TX ,[MAY CONTAIN PERSONALLY IDENTIFIABLE INFORMATION], ,Intersection,Wet,No Unusual Conditions,40.0, ,Daylight, , ,Y, , , , , ,,Passenger Car,No Injuries Reported,Yes,Proceeding Straight,No,No, , , , , ,Y, , , , , ,Stopped,No,Yes,Yes,0.0, , , , ,Y, , , , , , , , , ,Y, ,Y,Y, , ,No,, ,Yes,, ,, ,, ,Yes, ,"This report is being submitted to correct a clerical error in the Driver / Operator Type field that was originally reported on February 15, 2024 [REDACTED, MAY CONTAIN CONFIDENTIAL BUSINESS INFORMATION]. Otherwise, the content of this report is unchanged.
On February [XXX], 2024 at 3:01 PM PT a Waymo Autonomous Vehicle (Waymo AV) operating in Austin, Texas was in a collision involving a passenger vehicle on a slip-lane between [XXX] and [XXX].
The Waymo AV was in the slip-lane connecting [XXX] and [XXX], preparing to merge onto northbound [XXX] with a passenger vehicle behind it. As the Waymo AV proceeded forward, actively yielding to approaching traffic, it stopped for additional approaching traffic. The passenger vehicle traveling behind the Waymo AV then made contact with the rear of the Waymo AV. At the time of the impact, the Waymo AVs Level 4 ADS was engaged in autonomous mode. Both vehicles sustained damage.
Waymo is reporting this crash under Request No. 1 of Standing General Order 2021-01 because a vehicle involved was towed away. Waymo may supplement or correct its reporting with additional information as it may become available.", ,,,,,,,prior_june16,True,True,False,False,False,True,True,False,False,False,False,True
30270-7237,1,Waymo LLC,5-Day,,,MAR-2024,SADHW2S13M1, ,,Jaguar,I-Pace, ,2021.0, ,992cd0f994a0437,102778.0, ,In-Vehicle (Commercial / Test),5th Generation ADS, , ,5th Generation, , ,Version 9, , ,Transdev Alternative Services, , ,,, ,Y,Yes (specify below),ADOT,Yes,ADS,Waymo LLC, , ,Y, , , , , ,,FEB-2024, ,FEB-2024,20:08, ,f6229ea9faa4204,[MAY CONTAIN PERSONALLY IDENTIFIABLE INFORMATION], ,[MAY CONTAIN PERSONALLY IDENTIFIABLE INFORMATION], ,[MAY CONTAIN PERSONALLY IDENTIFIABLE INFORMATION], ,Tempe, ,AZ ,[MAY CONTAIN PERSONALLY IDENTIFIABLE INFORMATION], ,Highway / Freeway,Dry,Work Zone,65.0, ,Dark - Lighted,Y, , , , , , , ,,Passenger Car,Minor,Yes,Proceeding Straight,No,Yes, , ,Y, , ,Y, , ,Y, , ,Proceeding Straight,No,Yes,Yes,9.0, ,Y, , ,Y, , ,Y, , , , , , ,Y, ,Y,Y, , ,Yes,,Y,Yes,,Y,,Y,,Y,Yes, ,"On February [XXX], 2024 at 7:08 PM PT a Waymo Autonomous Vehicle (Waymo AV) operating in Tempe, Arizona was in a collision involving a passenger car on [XXX] at [XXX]. 
The Waymo AV was traveling southbound on [XXX] when it began to brake as it approached a stack of stopped vehicles ahead. The Waymo AV test driver transitioned to manual mode and continued to brake when a passenger car traveling behind the Waymo AV then made contact with the rear of the Waymo AV. At the time of the impact, the Waymo AVs Level 4 ADS was not engaged and a test driver was operating the Waymo AV in manual mode. Both vehicles sustained damage, and the test driver in the Waymo AV reported a minor injury. 
Waymo is reporting this crash under Request No. 1 of Standing General Order 2021-01 because a vehicle involved was towed away. Waymo may supplement or correct its reporting with additional information as it may become available.", ,,,,,,,prior_june16,True,True,True,False,False,True,True,False,False,False,True,False
30270-7257,2,Waymo LLC,Update,,,APR-2024,SADHW2S12M1, ,,Jaguar,I-Pace, ,2021.0, ,af3c4fdcb398df9,118480.0, ,,5th Generation ADS, , ,5th Generation, , ,Version 8, , ,, ,Y,,, ,Y,Yes (specify below),ADOT,Yes,ADS,Waymo LLC, ,Y,Y, , , , , ,,FEB-2024, ,FEB-2024,06:43, ,8fc225c9f30de07,[MAY CONTAIN PERSONALLY IDENTIFIABLE INFORMATION], ,[MAY CONTAIN PERSONALLY IDENTIFIABLE INFORMATION], ,[MAY CONTAIN PERSONALLY IDENTIFIABLE INFORMATION], ,Tempe, ,AZ ,[MAY CONTAIN PERSONALLY IDENTIFIABLE INFORMATION], ,Street,Dry,No Unusual Conditions,35.0, ,Daylight,Y, , , , , , , ,,Passenger Car,Minor,No,Proceeding Straight,No,No, , , , , ,Y, , , , , ,Stopped,No,Yes,Yes,0.0, , , , ,Y, , , , , , , , , ,Y, ,Y,Y, , ,No,, ,Yes,, ,, ,, ,Yes, ,"On February [XXX], 2024 at 7:43 AM MT a Waymo Autonomous Vehicle (""Waymo AV"") operating in Tempe, Arizona was in a collision involving a passenger car on [XXX] at [XXX]. 
While the Waymo AV was stopped in a queue of cars at a red light in the leftmost through lane of northbound [XXX], the passenger car behind the Waymo AV proceeded forward from a stop and the front of the passenger car made contact with the rear of the Waymo AV. At the time of the impact, the Waymo's Level 4 ADS was engaged in autonomous mode. Neither vehicle sustained damage, and there were no injuries reported at the time of the collision. Waymo subsequently received notice of an allegation of minor injury from the Waymo passenger.
Waymo is reporting this crash under Request No. 1 because a vehicle involved was towed away, in part to test a new internal process related to vehicle retrievals. Waymo may supplement or correct its reporting with additional information as it may become available.
This is an update to the previously submitted report 30270-7257 submitted on March 6th, 2024, which had incorrectly provided the DRIVER / OPERATOR TYPE as ""In Vehicle (Commercial / Test)"".", ,False,85281,PHOENIX,V2V F2R,False,True,prior_june16,True,True,True,False,False,True,True,False,False,True,False,True
30270-7312,1,Waymo LLC,Monthly,2.0,2024.0,MAR-2024,SADHW2S14M1, ,,Jaguar,I-Pace, ,2021.0, ,09f6e9bd642f040,114290.0, ,,5th Generation ADS, , ,5th Generation, , ,Version 8, , ,, ,Y,,, ,Y,Yes (specify below),ADOT,Yes,ADS,Waymo LLC, , ,Y, , , , , ,,FEB-2024, ,FEB-2024,1:42, ,1178b9180aca868,[MAY CONTAIN PERSONALLY IDENTIFIABLE INFORMATION], ,[MAY CONTAIN PERSONALLY IDENTIFIABLE INFORMATION], ,[MAY CONTAIN PERSONALLY IDENTIFIABLE INFORMATION], ,Phoenix, ,AZ ,[MAY CONTAIN PERSONALLY IDENTIFIABLE INFORMATION], ,Street,Dry,No Unusual Conditions,40.0, ,Dark - Lighted,Y, , , , , , , ,,"Other, see Narrative",No Injuries Reported,Yes,"Other, see Narrative",Not Applicable,Not Applicable, , , , , , , , , , ,Y,Proceeding Straight,No,No,No Passengers in Vehicle,26.0, , , , , , ,Y, , , , , , , ,Y, ,Y,Y, , ,No,, ,Yes,, ,, ,, ,Yes, ,"On February [XXX], 2024 at 1:42 AM MT a Waymo Autonomous Vehicle (""Waymo AV"") operating in Phoenix, Arizona was in a collision involving debris on [XXX] towards [XXX]. 
The Waymo AV was traveling southbound on [XXX] in the center lane when the vehicle made contact with a white object that was less than 12"" in height and located in the middle of the AVs lane. At the time of the impact, the Waymo AV's Level 4 ADS was engaged in autonomous mode. The Waymo AV sustained damage.
Waymo is reporting this crash under Request No. 2 of Standing General Order 2021-01.", ,True,85040,PHOENIX,Single Vehicle,False,False,prior_june16,True,True,False,False,False,False,False,False,True,False,True,False
30270-7421,1,Waymo LLC,5-Day,,,APR-2024,SADHW2S18M1, ,,Jaguar,I-Pace, ,2021.0, ,8f0d1a58cef152b,118140.0, ,,5th Generation ADS, , ,5th Generation, , ,Version 8, , ,, ,Y,,, ,Y,Yes (specify below),ADOT,Yes,ADS,Waymo LLC, , ,Y, , , , , ,,MAR-2024, ,MAR-2024,16:25, ,ba1fb00fc105f57,[MAY CONTAIN PERSONALLY IDENTIFIABLE INFORMATION], ,[MAY CONTAIN PERSONALLY IDENTIFIABLE INFORMATION], ,[MAY CONTAIN PERSONALLY IDENTIFIABLE INFORMATION], ,Phoenix, ,AZ ,[MAY CONTAIN PERSONALLY IDENTIFIABLE INFORMATION], ,Intersection,Dry,No Unusual Conditions,40.0, ,Daylight,Y, , , , , , , ,,Passenger Car,Minor,Yes,Making Left Turn,Yes,Yes, , , , , , ,Y,Y, , , ,Proceeding Straight,No,Yes,Yes,25.0, , , ,Y, , ,Y, , , , , , , ,Y, ,Y,Y, , ,Yes,Phoenix Police Department, ,Yes,,Y,,Y,,Y,Yes, ,"On March [XXX], 2024 at 4:25 PM MST a Waymo Autonomous Vehicle (Waymo AV) operating in Phoenix, Arizona was in a collision involving a passenger car at the intersection of [XXX] and [XXX]. 
The Waymo AV was traveling southbound in the rightmost lane of a two-lane section of [XXX] approaching where [XXX] intersects from the right. An SUV in the left adjacent lane to the Waymo AV was stopped before the intersection behind backed up traffic. As the Waymo AV approached the intersection, a passenger car that had been traveling northbound on [XXX] and had been occluded by the SUV made a left turn and cut between the SUV and the car in front of it and across the path of the Waymo towards westbound [XXX] Avenue. The front of the Waymo AV then made contact with the passenger side of the passenger car.  At the time of the impact, the Waymo AVs Level 4 ADS was engaged in autonomous mode. Both vehicles sustained damage, and the passenger in the passenger car reported a minor injury. 
Waymo is reporting this crash under Request No. 1 of Standing General Order 2021-01 because both vehicles involved were towed away and because of airbag deployment. Waymo may supplement or correct its reporting with additional information as it may become available.", ,False,85016,PHOENIX,V2V Intersection,True,True,prior_june16,True,True,True,False,True,True,True,False,True,True,True,False
30270-7424,1,Waymo LLC,5-Day,,,APR-2024,SADHW2S11M1, ,,Jaguar,I-Pace, ,2021.0, ,4466b328d9cf589,142185.0, ,,5th Generation ADS, , ,5th Generation, , ,Version 8, , ,, ,Y,,, ,Y,Yes (specify below),AZ DOT,Yes,ADS,Waymo LLC, , ,Y, , , , , ,,MAR-2024, ,MAR-2024,15:07, ,870f825aa69bb61,[MAY CONTAIN PERSONALLY IDENTIFIABLE INFORMATION], ,[MAY CONTAIN PERSONALLY IDENTIFIABLE INFORMATION], ,[MAY CONTAIN PERSONALLY IDENTIFIABLE INFORMATION], ,Scottsdale, ,AZ ,[MAY CONTAIN PERSONALLY IDENTIFIABLE INFORMATION], ,Street,Dry,No Unusual Conditions,35.0, ,Daylight,Y, , , , , , , ,,Passenger Car,No Injuries Reported,Yes,Making Left Turn,No,Unknown, , , , , ,Y, , , , , ,Proceeding Straight,No,Yes,No Passengers in Vehicle,11.0, , , ,Y, , , , , , , , , , ,Y, ,Y,Y, , ,Yes,Scottsdale Police Department, ,Yes,,Y,,Y,,Y,Yes, ,"On March [XXX], 2024 at 3:07 PM PDT/MST a Waymo Autonomous Vehicle (""Waymo AV"") operating in Scottsdale, Arizona was in a collision involving a passenger car on [XXX] at [XXX]. 
The Waymo AV was traveling north on [XXX] between [XXX] and [XXX] in the leftmost lane when a passenger car traveling south on [XXX] and approaching the Waymo AV entered a dedicated left turn lane. The Waymo AV slowed down as the passenger car approached and then began accelerating again after the passenger car had slowed and appeared to be properly yielding. The passenger car then initiated a left turn across the path of the Waymo AV and the front of the passenger car made contact with the front left corner of the Waymo AV. At the time of the impact, the Waymo AV's Level 4 ADS was engaged in autonomous mode. Both vehicles sustained damage.
Waymo is reporting this crash under Request No. 1 of Standing General Order 2021-01 because a vehicle involved was towed away. Waymo may supplement or correct its reporting with additional information as it may become available.", ,False,85251,PHOENIX,V2V Intersection,True,False,prior_june16,True,True,False,False,False,True,True,False,True,True,True,False
30270-7515,1,Waymo LLC,Monthly,3.0,2024.0,APR-2024,SADHW2S10M1, ,,Jaguar,I-Pace, ,2021.0, ,f6ce80fd458f116,1119636.0, ,,5th Generation ADS, , ,5th Generation, , ,Version 8, , ,, ,Y,,, ,Y,Yes (specify below),ADOT,Yes,ADS,Waymo LLC, , ,Y, , , , , ,,MAR-2024, ,MAR-2024,20:58, ,6f824fc70e86827,[MAY CONTAIN PERSONALLY IDENTIFIABLE INFORMATION], ,[MAY CONTAIN PERSONALLY IDENTIFIABLE INFORMATION], ,[MAY CONTAIN PERSONALLY IDENTIFIABLE INFORMATION], ,Mesa, ,AZ ,[MAY CONTAIN PERSONALLY IDENTIFIABLE INFORMATION], ,Intersection,Dry,No Unusual Conditions,40.0, ,Dark - Lighted,Y, , , , , , , ,,"Other, see Narrative",No Injuries Reported,Yes,"Other, see Narrative",Not Applicable,Not Applicable, , , , , , , , , , ,Y,Lane / Road Departure,No,No,"No, see Narrative",19.0, , , , , , , ,Y, ,Y, , , , ,Y, ,Y,Y, , ,No,, ,Yes,, ,, ,, ,Yes, ,"On March [XXX], 2024 at 8:58 PM MST a Waymo Autonomous Vehicle (Waymo AV) operating in Mesa, Arizona was in a collision involving a curb on [XXX] at [XXX]. 
The Waymo AV was traveling eastbound in the rightmost lane of [XXX]. As it was crossing the intersection with [XXX], a bus traveling alongside the Waymo AV in the left adjacent lane to the Waymo AV began to move into the rightmost lane. As the Waymo AV moved closer to the right side of its lane to increase lateral distance from the bus, the passenger side tires made contact with the curb.  At the time of the impact, the Waymo AVs Level 4 ADS was engaged in autonomous mode, and one of the four passengers was wearing a seatbelt. The Waymo AV sustained damage.
Waymo is reporting this crash under Request No. 2 of Standing General Order 2021-01. Waymo may supplement or correct its reporting with additional information as it may become available.", ,False,85210,PHOENIX,Single Vehicle,False,False,prior_june16,True,True,False,False,False,False,False,False,True,True,True,False
30270-7531,1,Waymo LLC,Monthly,3.0,2024.0,APR-2024,SADHW2S19M1, ,,Jaguar,I-Pace, ,2021.0, ,16e0623c0edc3e1,114335.0, ,,5th Generation ADS, , ,5th Generation, , ,Version 8, , ,, ,Y,,, ,Y,Yes (specify below),ADOT,Yes,ADS,Waymo LLC, , ,Y, , , , , ,,MAR-2024, ,MAR-2024,15:32, ,ecde7079815be99,[MAY CONTAIN PERSONALLY IDENTIFIABLE INFORMATION], ,[MAY CONTAIN PERSONALLY IDENTIFIABLE INFORMATION], ,[MAY CONTAIN PERSONALLY IDENTIFIABLE INFORMATION], ,Phoenix, ,AZ ,[MAY CONTAIN PERSONALLY IDENTIFIABLE INFORMATION], ,Intersection,Dry,No Unusual Conditions,30.0, ,Daylight, , ,Y, , , , , ,,Pickup Truck,Minor,Yes,Proceeding Straight,No,No, , , , , , , , ,Y, , ,Proceeding Straight,No,No,Yes,8.0, ,Y, , , , , , , , , , , , ,Y, ,Y,Y, , ,No,, ,Yes,, ,, ,, ,Yes, ,"On March [XXX], 2024 at 3:32 PM MST a Waymo Autonomous Vehicle (Waymo AV) operating in Phoenix, Arizona was in a collision involving a pickup truck on [XXX] at [XXX]. 
The Waymo AV was traveling westbound on [XXX] signaling to turn left when it began to brake as the vehicle in front of the AV slowed in preparation for a left turn. A pickup truck traveling behind the Waymo AV then made contact with the rear of the Waymo AV. At the time of the impact, the Waymo AVs Level 4 ADS was engaged in autonomous mode. Both vehicles sustained damage, and the passenger in the Waymo AV reported a minor injury.
Waymo is reporting this crash under Request No. 2 of Standing General Order 2021-01. Waymo may supplement or correct its reporting with additional information as it may become available.", ,False,85015,PHOENIX,V2V F2R,False,True,prior_june16,True,True,True,False,False,False,True,False,False,True,True,False
30270-7533,1,Waymo LLC,Monthly,3.0,2024.0,APR-2024,SADHW2S18M1, ,,Jaguar,I-Pace, ,2021.0, ,8421b5ab003ef6c,101912.0, ,,5th Generation ADS, , ,5th Generation, , ,Version 8, , ,, ,Y,,, ,Y,Yes (specify below),ADOT,Yes,ADS,Waymo LLC, , ,Y, , , , , ,,MAR-2024, ,APR-2024,21:49, ,2282a5d9e915876,[MAY CONTAIN PERSONALLY IDENTIFIABLE INFORMATION], ,[MAY CONTAIN PERSONALLY IDENTIFIABLE INFORMATION], ,[MAY CONTAIN PERSONALLY IDENTIFIABLE INFORMATION], ,Tempe, ,AZ ,[MAY CONTAIN PERSONALLY IDENTIFIABLE INFORMATION], ,Street,Dry,No Unusual Conditions,30.0, ,Dark - Lighted,Y, , , , , , , ,,Other Fixed Object,No Injuries Reported,Yes,,,, , , , , , , , , , , ,Lane / Road Departure,No,No,Yes,19.0, , , ,Y, , , ,Y, , , , , , ,Y, ,Y,Y, , ,No,, ,Yes,, ,, ,, ,Yes, ,"On March [XXX], 2024 at 9:49 PM MST a Waymo Autonomous Vehicle (Waymo AV) operating in Tempe, Arizona made contact with a median curb, while avoiding a collision with a SUV near [XXX]. 
The Waymo AV was traveling northbound in the left lane of [XXX] near the intersection with [XXX] when it began passing an SUV traveling in the right lane.  As the Waymo AV approached the SUV, the SUV merged into the left lane in front of the Waymo AV to pass a leading passenger car in the right lane which was slowing for a right turn into a driveway.  The Waymo AV maneuvered to the left in response to the SUVs lane change and the Waymo AVs wheels made contact with the median curb.  At the time of the impact, the Waymo AVs Level 4 ADS was engaged in autonomous mode. The Waymo AV sustained damage, and the SUV left the scene.
Waymo is reporting this crash under Request No. 2 of Standing General Order 2021-01. Waymo may supplement or correct its reporting with additional information as it may become available.", ,False,85281,PHOENIX,Single Vehicle,False,False,prior_june16,True,True,False,False,False,False,False,True,True,True,True,False
30270-7637,2,Waymo LLC,Update,,,JUN-2024,SADHW2S17M1, ,,Jaguar,I-Pace, ,2021.0, ,a89e2161ea6f7ac,134602.0, ,,5th Generation, , ,5th Generation, , ,Version 8, , ,, ,Y,,, ,Y,Yes (specify below),ADOT,Yes,ADS,Waymo LLC, , ,Y, , , , , ,,MAY-2024, ,MAY-2024,14:56, ,84ff2f9ead1afe1,[MAY CONTAIN PERSONALLY IDENTIFIABLE INFORMATION], ,[MAY CONTAIN PERSONALLY IDENTIFIABLE INFORMATION], ,[MAY CONTAIN PERSONALLY IDENTIFIABLE INFORMATION], ,Phoenix, ,AZ ,[MAY CONTAIN PERSONALLY IDENTIFIABLE INFORMATION], ,Intersection,Dry,No Unusual Conditions,40.0, ,Daylight,Y, , , , , , , ,,SUV,Unknown,Yes,Proceeding Straight,No,No, , , , , , , , ,Y, , ,Making Left Turn,No,Yes,No Passengers in Vehicle,3.0, , , , , , , , ,Y,Y, , , , ,Y, ,Y,Y, , ,Yes,Phoenix Police Department, ,Yes,[MAY CONTAIN PERSONALLY IDENTIFIABLE INFORMATION], ,,Y,,Y,Yes, ,"On May 10, 2024, Waymo received notice that passengers in the other involved vehicle alleged injuries of unspecified severity. This report is being submitted as an update to the initial report submitted on May 8, 2024 [REDACTED, MAY CONTAIN CONFIDENTIAL BUSINESS INFORMATION]. Otherwise, the content of this report is unchanged.
On May [XXX], 2024 at 2:56 PM MT a Waymo Autonomous Vehicle (""Waymo AV"") operating in Phoenix, Arizona was in a collision involving a Mercedes SUV on [XXX] at [XXX].
The Waymo AV was traveling east on [XXX] at the intersection with [XXX]. As the Waymo AV approached the intersection and prepared to make an unprotected left turn onto northbound [XXX], a Honda SUV on the opposite side of the intersection slowed down in the westbound lane of [XXX] to prepare for an unprotected left onto southbound [XXX]. As the Waymo AV was beginning its unprotected left turn, a Mercedes SUV became visible and was passing on the right side of a line of traffic behind the Honda SUV, partially in the westbound bicycle lane and partially in a paved area between the bicycle lane and the curb of [XXX]. The Mercedes SUV then entered the intersection and the front passenger side corner of the Mercedes SUV made contact with the passenger side of the Waymo AV. At the time of the impact, the Waymo AV's Level 4 ADS was engaged in autonomous mode. Both vehicles sustained damage.
Waymo is reporting this crash under Request No. 1 of Standing General Order 2021-01 because a vehicle involved was towed away. Waymo may supplement or correct its reporting with additional information as it may become available.", ,False,85016,PHOENIX,V2V Intersection,True,True,prior_june16,True,True,False,False,False,True,True,False,True,True,True,False