Report ID,Report Version,Reporting Entity,Report Type,Report Month,Report Year,Report Submission Date,VIN,VIN - Unknown,Serial Number,Make,Model,Model - Unknown,Model Year,Model Year - Unknown,Same Vehicle ID,Mileage,Mileage - Unknown,Driver / Operator Type,ADAS/ADS System Version,ADAS/ADS System Version - Unk,ADAS/ADS System Version CBI,ADAS/ADS Hardware Version,ADAS/ADS Hardware Version - Unk,ADAS/ADS Hardware Version CBI,ADAS/ADS Software Version,ADAS/ADS Software Version - Unk,ADAS/ADS Software Version CBI,Other Reporting Entities?,Other Reporting Entities? - Unk,Other Reporting Entities? - NA,Federal Regulatory Exemption?,Other Federal Reg. Exemption,Federal Reg. Exemption - Unk,Federal Reg. Exemption - No,State or Local Permit?,State or Local Permit,ADS Equipped?,Automation System Engaged?,Operating Entity,Operating Entity - Unknown,Source - Complaint/Claim,Source - Telematics,Source - Law Enforcement,Source - Field Report,Source - Testing,Source - Media,Source - Other,Source - Other Text,Incident Date,Incident Date - Unknown,Notice Received Date,Incident Time (24:00),Incident Time - Unknown,Same Incident ID,Latitude,Latitude - Unknown,Longitude,Longitude - Unknown,Address,Address - Unknown,City,City - Unknown,State,Zip Code,Zip Code - Unknown,Roadway Type,Roadway Surface,Roadway Description,Posted Speed Limit (MPH),Posted Speed Limit - Unknown,Lighting,Weather - Clear,Weather - Snow,Weather - Cloudy,Weather - Fog/Smoke,Weather - Rain,Weather - Severe Wind,Weather - Unknown,Weather - Other,Weather - Other Text,Crash With,Highest Injury Severity Alleged,Property Damage?,CP Pre-Crash Movement,CP Any Air Bags Deployed?,CP Was Vehicle Towed?,CP Contact Area - Rear Left,CP Contact Area - Left,CP Contact Area - Front Left,CP Contact Area - Rear,CP Contact Area - Top,CP Contact Area - Front,CP Contact Area - Rear Right,CP Contact Area - Right,CP Contact Area - Front Right,CP Contact Area - Bottom,CP Contact Area - Unknown,SV Pre-Crash Movement,SV Any Air Bags Deployed?,SV Was Vehicle Towed?,SV Were All Passengers Belted?,SV Precrash Speed (MPH),SV Pre-crash Speed - Unknown,SV Contact Area - Rear Left,SV Contact Area - Left,SV Contact Area - Front Left,SV Contact Area - Rear,SV Contact Area - Top,SV Contact Area - Front,SV Contact Area - Rear Right,SV Contact Area - Right,SV Contact Area - Front Right,SV Contact Area - Bottom,SV Contact Area - Unknown,Data Availability - EDR,Data Availability - Police Rpt,Data Availability - Telematics,Data Availability - Complaints,Data Availability - Video,Data Availability - Other,Data Availability - No Data,Data Availability - Unknown,Law Enforcement Investigating?,Investigating Agency,Investigating Agency - Unknown,Rep Ent Or Mfr Investigating?,Investigating Officer Name,Inv. Officer Name - Unknown,Investigating Officer Phone,Inv. Officer Phone - Unknown,Investigating Officer Email,Inv. Officer Email - Unknown,Within ODD?,Within ODD? - CBI,Narrative,Narrative - CBI?,hub_delta_v_less_than_1mph,hub_zip_code,hub_location,hub_crash_type,hub_is_police_reported,hub_is_any_injury_reported,data_period,reportable_v2,reportable_v3,filter_has_injury,filter_is_vru,filter_has_airbag,filter_has_tow,filter_is_5day_trigger,filter_is_single_vehicle,filter_waymo_struck_another,filter_deltav_over_1mph,filter_waymo_was_moving,filter_waymo_was_stationary
30270-8120,1,Waymo LLC,Monthly,6.0,2024.0,JUL-2024,SADHW2S11M1, ,,Jaguar,I-Pace, ,2021.0, ,3da2202cd33026f,122972.0, ,,5th Generation ADS, , ,5th Generation, , ,Version 9, , ,, ,Y,,, ,Y,Yes (specify below),ADOT                                                						,Yes,ADS,Waymo LLC, , ,Y, , , , , ,,JUN-2024, ,JUN-2024,04:37, ,f76f598e5f5f3af,[MAY CONTAIN PERSONALLY IDENTIFIABLE INFORMATION], ,[MAY CONTAIN PERSONALLY IDENTIFIABLE INFORMATION], ,[MAY CONTAIN PERSONALLY IDENTIFIABLE INFORMATION], ,Phoenix, ,AZ ,[MAY CONTAIN PERSONALLY IDENTIFIABLE INFORMATION], ,Street,Dry,No Unusual Conditions,40.0, ,Dark - Lighted,Y, , , , , , , ,,Animal,No Injuries Reported,Yes,"Other, see Narrative",,, , , , , , , , , , , ,Proceeding Straight,No,No,Yes,35.0, ,Y, , , , , , , , ,Y, , , ,Y, ,Y,Y, , ,No,, ,Yes,, ,, ,, ,Yes, ,"On June [XXX], 2024 at 4:37 AM MT a Waymo Autonomous Vehicle (Waymo AV) operating in [XXX], Arizona was in a collision involving an animal on [XXX] near [XXX].
The Waymo AV was traveling east on [XXX] when an animal that appeared to be a cat ran into the roadway from the left side of the road in front of the Waymo AV. The rear drivers side of the Waymo AV then made contact with the animal. At the time of the impact, the Waymo AVs Level 4 ADS was engaged in autonomous mode. The Waymo AV sustained damage. 
Waymo is reporting this crash under Request No. 2 of Standing General Order 2021-01. Although the Waymo AV was towed, that happened for a reason unrelated to the crash so it was not covered by Request 1. D, which applies where ""the crash results in a vehicle tow-away."" Waymo may supplement or correct its reporting with additional information as it may become available.", ,True,85040,PHOENIX,All Others,False,False,prior_june16,True,True,False,False,False,False,False,True,False,False,True,False
30270-8146,1,Waymo LLC,Monthly,6.0,2024.0,JUL-2024,SADHW2S12M1, ,,Jaguar,I-Pace, ,2021.0, ,60cb1d8004eced0,78153.0, ,,5th Generation ADS, , ,5th Generation, , ,Version 9, , ,, ,Y,,, ,Y,Yes (specify below),ADOT,Yes,ADS,Waymo LLC, , ,Y, , , , , ,,JUN-2024, ,JUN-2024,22:53, ,6b3c02f4aa88803,[MAY CONTAIN PERSONALLY IDENTIFIABLE INFORMATION], ,[MAY CONTAIN PERSONALLY IDENTIFIABLE INFORMATION], ,[MAY CONTAIN PERSONALLY IDENTIFIABLE INFORMATION], ,Chandler, ,AZ ,[MAY CONTAIN PERSONALLY IDENTIFIABLE INFORMATION], ,Street,Dry,No Unusual Conditions,45.0, ,Dark - Lighted,Y, , , , , , , ,,"Other, see Narrative",No Injuries Reported,Yes,"Other, see Narrative",Not Applicable,Not Applicable, , , , , , , , , , ,Y,Proceeding Straight,No,No,Yes,44.0, , , , , , ,Y, , , ,Y, , , ,Y, ,Y,Y, , ,No,, ,Yes,, ,, ,, ,Yes, ,"On June [XXX], 2024 at 10:53 PM MT a Waymo Autonomous Vehicle (Waymo AV) operating in [XXX], Arizona was in a collision involving debris on [XXX] near [XXX]. 
The Waymo AV was traveling east on [XXX] when the vehicle made contact with a small round object located in the middle of the AVs lane.  At the time of the impact, the Waymo AVs Level 4 ADS was engaged in autonomous mode. The Waymo AV sustained damage.
Waymo is reporting this crash under Request No. 2 of Standing General Order 2021-01. Waymo may supplement or correct its reporting with additional information as it may become available.", ,True,85224,PHOENIX,Single Vehicle,False,False,prior_june16,True,True,False,False,False,False,False,False,True,False,True,False
30270-8180,1,Waymo LLC,5-Day,,,JUL-2024,SADHW2S15M1, ,,Jaguar,I-Pace, ,2021.0, ,c5a24e4de70b2d6,152712.0, ,,5th Generation ADS, , ,5th Generation, , ,Version 9, , ,, ,Y,,, ,Y,Yes (specify below),AZ DOT,Yes,ADS,Waymo LLC, , ,Y, , , , , ,,JUL-2024, ,JUL-2024,02:35, ,174b383724b7dbb,[MAY CONTAIN PERSONALLY IDENTIFIABLE INFORMATION], ,[MAY CONTAIN PERSONALLY IDENTIFIABLE INFORMATION], ,[MAY CONTAIN PERSONALLY IDENTIFIABLE INFORMATION], ,Scottsdale, ,AZ ,[MAY CONTAIN PERSONALLY IDENTIFIABLE INFORMATION], ,Intersection,Dry,No Unusual Conditions,40.0, ,Dark - Lighted,Y, , , , , , , ,,SUV,No Injuries Reported,Yes,Proceeding Straight,No,No, , ,Y, , , , , , , , ,Proceeding Straight,No,Yes,No Passengers in Vehicle,3.0, , , , , , , ,Y,Y,Y, , , , ,Y, ,Y,Y, , ,Yes,Scottsdale Police Department, ,Yes,[MAY CONTAIN PERSONALLY IDENTIFIABLE INFORMATION], ,,Y,,Y,Yes, ,"On July [XXX], 2024 at 2:35 AM MT a Waymo Autonomous Vehicle (""Waymo AV"") operating in [XXX], Arizona was in a collision involving an SUV on E [XXX] at [XXX]. 
The Waymo AV was traveling east on [XXX] through the intersection on a green light at N [XXX] when an SUV that was traveling north on N [XXX] entered the intersection against the red light and the front driver side corner of the SUV made contact with the passenger side of the Waymo AV.  At the time of the impact, the Waymo AV's Level 4 ADS was engaged in autonomous mode. Both vehicles sustained damage.
Waymo is reporting this crash under Request No. 1 of Standing General Order 2021-01 because a vehicle involved was towed away. Waymo may supplement or correct its reporting with additional information as it may become available.", ,True,85251,PHOENIX,V2V Intersection,True,False,prior_june16,True,True,False,False,False,True,True,False,True,False,True,False
30270-8199,1,Waymo LLC,5-Day,,,JUL-2024,SADHW2S15M1, ,,Jaguar,I-Pace, ,2021.0, ,a716fa442f09994,134631.0, ,,5th Generation ADS, , ,5th Generation, , ,Version 9, , ,, ,Y,,, ,Y,Yes (specify below),ADOT                                                                                           						,Yes,ADS,Waymo LLC, , ,Y, , , , , ,,JUL-2024, ,JUL-2024,00:16, ,e8f9632ff89eabc,[MAY CONTAIN PERSONALLY IDENTIFIABLE INFORMATION], ,[MAY CONTAIN PERSONALLY IDENTIFIABLE INFORMATION], ,[MAY CONTAIN PERSONALLY IDENTIFIABLE INFORMATION], ,Scottsdale, ,AZ ,[MAY CONTAIN PERSONALLY IDENTIFIABLE INFORMATION], ,Street,Dry,No Unusual Conditions,40.0, ,Dark - Lighted,Y, , , , , , , ,,Passenger Car,Minor,Yes,Proceeding Straight,No,No, , ,Y, , ,Y, , ,Y, , ,Proceeding Straight,No,Yes,Yes,24.0, ,Y, , ,Y, , ,Y, , , , , , ,Y, ,Y,Y, , ,Yes,Scottsdale Police Dept, ,Yes,[MAY CONTAIN PERSONALLY IDENTIFIABLE INFORMATION], ,,Y,,Y,Yes, ,"On July [XXX], 2024 at 12:16 AM MT a Waymo Autonomous Vehicle (Waymo AV) operating in [XXX], Arizona was in a collision involving a passenger car on [XXX] near [XXX]. 
The Waymo AV was traveling north on [XXX] in the rightmost lane when it activated its right turn signal and began to slow as it approached the driveway of [XXX]. As the Waymo AV continued to slow, a passenger car traveling directly behind the Waymo AV at a high rate of speed made contact with the rear of the Waymo AV. At the time of the impact, the Waymo AVs Level 4 ADS was engaged in autonomous mode. Both vehicles sustained damage, and the passenger car left the scene. One of the passengers in the Waymo AV reported a minor injury. 
Waymo is reporting this crash under Request No. 1 of Standing General Order 2021-01 because a vehicle involved was towed away. Waymo may supplement or correct its reporting with additional information as it may become available.", ,False,85257,PHOENIX,V2V F2R,True,True,prior_june16,True,True,True,False,False,True,True,False,False,True,True,False
30270-8217,2,Waymo LLC,10-Day Update,,,AUG-2024,SADHW2S18R1, ,,Jaguar,I-Pace, ,2024.0, ,2376a04b6b04f4c,30108.0, ,,5th Generation ADS, , ,5th Generation, , ,Version 9, , ,, ,Y,,, ,Y,Yes (specify below),AZ DOT,Yes,ADS,Waymo LLC, , ,Y, , , , , ,,JUL-2024, ,JUL-2024,22:53, ,9c9d2411ca10891,[MAY CONTAIN PERSONALLY IDENTIFIABLE INFORMATION], ,[MAY CONTAIN PERSONALLY IDENTIFIABLE INFORMATION], ,[MAY CONTAIN PERSONALLY IDENTIFIABLE INFORMATION], ,Phoenix, ,AZ ,[MAY CONTAIN PERSONALLY IDENTIFIABLE INFORMATION], ,Street,Dry,No Unusual Conditions,35.0, ,Dark - Lighted,Y, , , , , , , ,,Pickup Truck,Unknown,Yes,Traveling Wrong Way,Yes,Yes, , ,Y, , ,Y, , , , , ,Lane / Road Departure,Yes,Yes,No Passengers in Vehicle,8.0, , , ,Y, , ,Y, , , , , , , ,Y, ,Y,Y, , ,Yes,Phoenix Police Department, ,Yes,[MAY CONTAIN PERSONALLY IDENTIFIABLE INFORMATION], ,,Y,,Y,Yes, ,"Other than updating the language in this narrative to consistently describe the involved vehicle as a pickup truck and updating the Mileage field, the content of this report is unchanged from the initial report submitted on July 23, 2024 [REDACTED, MAY CONTAIN CONFIDENTIAL BUSINESS INFORMATION]. 
On July [XXX], 2024 at 10:53 PM PT a Waymo Autonomous Vehicle (Waymo AV) operating in Phoenix, AZ was in a collision involving a pickup truck on [XXX] near [XXX].
The Waymo AV was traveling on westbound [XXX] approaching [XXX], when a pickup truck traveling in the opposite direction crossed over the double solid yellow line, entering the lane the Waymo AV was occupying. The Waymo AV nudged to the right and applied heavy braking. The pickup truck did not slow down and made contact with the front driver side corner of the Waymo AV. The pickup truck showed evidence of prior crash damage and sparks were emanating from the area of the two front wheels. 
At the time of the impact, the Waymo AVs Level 4 ADS was engaged in autonomous mode. Both vehicles sustained damage.
Waymo is reporting this crash under Request No. 1 because the driver of the pickup truck was transported from the scene to a hospital for medical treatment (Waymo does not currently have information about whether any injuries were due to the subject crash or a potential prior crash).", ,False,85016,PHOENIX,V2V Head-on,True,True,prior_june16,True,True,False,False,True,True,True,False,True,True,True,False
30270-8243,2,Waymo LLC,10-Day Update,,,AUG-2024,SADHW2S13M1, ,,Jaguar,I-Pace, ,2021.0, ,53fef4f331be529,127153.0, ,,5th Generation ADS, , ,5th Generation, , ,Version 9, , ,, ,Y,,, ,Y,Yes (specify below),ADOT,Yes,ADS,Waymo LLC, , ,Y, , , , , ,,JUL-2024, ,JUL-2024,03:07, ,45c8cddbfd6f959,[MAY CONTAIN PERSONALLY IDENTIFIABLE INFORMATION], ,[MAY CONTAIN PERSONALLY IDENTIFIABLE INFORMATION], ,[MAY CONTAIN PERSONALLY IDENTIFIABLE INFORMATION], ,Scottsdale, ,AZ ,[MAY CONTAIN PERSONALLY IDENTIFIABLE INFORMATION], ,Intersection,Dry,No Unusual Conditions,45.0, ,Dark - Lighted,Y, , , , , , , ,,Passenger Car,Unknown,Yes,Proceeding Straight,Yes,Yes, , ,Y, , ,Y, , ,Y, , ,Proceeding Straight,No,Yes,Yes,44.0, ,Y, , ,Y, , ,Y, , , , , , ,Y, ,Y,Y, , ,No,, ,Yes,, ,, ,, ,Yes, ,"The content of this report is unchanged from the initial report submitted on July 29, 2024 [REDACTED, MAY CONTAIN CONFIDENTIAL BUSINESS INFORMATION]. 
On July [XXX], 2024 at 3:07 AM PT a Waymo Autonomous Vehicle (Waymo AV) operating in Scottsdale, Arizona was in a collision involving a passenger car on [XXX] near [XXX]. 
The Waymo AV was traveling westbound straight in the left lane of [XXX] at constant speed when a passenger car approached from directly behind the Waymo AV at a high rate of speed and made contact with the rear of the Waymo AV. At the time of the impact, the Waymo AVs Level 4 ADS was engaged in autonomous mode. Both vehicles sustained damage. 
Waymo is reporting this crash under Request No. 1 of Standing General Order 2021-01 because an individual involved was transported from the scene to a hospital for medical treatment, both vehicles involved were towed away, and airbag deployment. Waymo may supplement or correct its reporting with additional information as it may become available.", ,False,85254,PHOENIX,V2V F2R,True,True,prior_june16,True,True,False,False,True,True,True,False,False,True,True,False
30270-8317,1,Waymo LLC,5-Day,,,AUG-2024,SADHW2S16R1, ,,Jaguar,I-Pace, ,2024.0, ,39f0ea8290e0976,26823.0, ,,5th Generation ADS, , ,5th Generation, , ,Version 9, , ,, ,Y,,, ,Y,Yes (specify below),AZ DOT,Yes,ADS,Waymo LLC, , ,Y, , , , , ,,AUG-2024, ,AUG-2024,14:21, ,73d301e8b716511,[MAY CONTAIN PERSONALLY IDENTIFIABLE INFORMATION], ,[MAY CONTAIN PERSONALLY IDENTIFIABLE INFORMATION], ,[MAY CONTAIN PERSONALLY IDENTIFIABLE INFORMATION], ,Phoenix, ,AZ ,[MAY CONTAIN PERSONALLY IDENTIFIABLE INFORMATION], ,Parking Lot,Dry,No Unusual Conditions,15.0, ,Daylight,Y, , , , , , , ,,SUV,No Injuries Reported,Yes,Passing,No,No, , , , , , ,Y,Y,Y, , ,Stopped,No,Yes,"No, see Narrative",0.0, , ,Y, , , , , , , , , , , ,Y, ,Y,Y, , ,Yes,Phoenix Police Department, ,Yes,[MAY CONTAIN PERSONALLY IDENTIFIABLE INFORMATION], ,[MAY CONTAIN PERSONALLY IDENTIFIABLE INFORMATION], ,,Y,Yes, ,"On August [XXX], 2024 at 2:21 PM MT a Waymo Autonomous Vehicle (""Waymo AV"") operating in Phoenix, Arizona was in a collision involving an SUV in a parking lot near [XXX] and [XXX]. 
The Waymo AV was stopped in a parking lot of an apartment complex when the Waymo AV rider opened the rear driver side door as an SUV was passing to the left side of the Waymo AV. The Waymo AV's rear driver door made contact with the front and rear passenger doors of the SUV. The passenger in the Waymo AV unbuckled their seatbelt shortly before the moment of impact, likely because the AV was at its dropoff location and the passenger was preparing to exit. At the time of the impact, the Waymo AV's Level 4 ADS was engaged in autonomous mode. Both vehicles sustained damage.
Waymo is reporting this crash under Request No. 1 of Standing General Order 2021-01 because a vehicle involved was towed away. Waymo may supplement or correct its reporting with additional information as it may become available.", ,True,85008,PHOENIX,All Others,True,False,prior_june16,True,True,False,False,False,True,True,False,False,False,False,True
30270-8343,2,Waymo LLC,10-Day Update,,,AUG-2024,SADHW2S18M1, ,,Jaguar,I-Pace, ,2021.0, ,4b1805e90895d48,160918.0, ,In-Vehicle (Commercial / Test),5th Generation ADS, , ,5th Generation, , ,Version 9, , ,Transdev Alternative Services, , ,,, ,Y,Yes (specify below),ADOT                                                                                           						,Yes,ADS,Waymo LLC, , ,Y, , , , , ,,AUG-2024, ,AUG-2024,10:03, ,a386703bc6498b9,[MAY CONTAIN PERSONALLY IDENTIFIABLE INFORMATION], ,[MAY CONTAIN PERSONALLY IDENTIFIABLE INFORMATION], ,[MAY CONTAIN PERSONALLY IDENTIFIABLE INFORMATION], ,Scottsdale, ,AZ ,[MAY CONTAIN PERSONALLY IDENTIFIABLE INFORMATION], ,Street,Dry,"Other, see Narrative",45.0, ,Daylight,Y, , , , , , , ,,SUV,Moderate,Yes,Proceeding Straight,No,No,Y, , ,Y, ,Y,Y, ,Y, , ,Stopped,No,No,Yes,0.0, , , , ,Y, , , , , , , , , ,Y, ,Y,Y, , ,Yes,Scottsdale Police Department, ,Yes,[MAY CONTAIN PERSONALLY IDENTIFIABLE INFORMATION], ,,Y,,Y,Yes, ,"The content of this report is unchanged from the initial report submitted on August 13, 2024 [REDACTED, MAY CONTAIN CONFIDENTIAL BUSINESS INFORMATION]. 
On August [XXX], 2024 at 10:03 AM MT a Waymo Autonomous Vehicle (Waymo AV) operating in Scottsdale, Arizona was in a collision involving an SUV on [XXX] near [XXX].
The Waymo AV was traveling in autonomous mode in the leftmost lane on northbound [XXX]  when it detected a large shrub in its lane. The Waymo AV test driver transitioned to manual mode and braked to a stop in front of the shrub. Moments later, an SUV approached the stopped Waymo AV from behind and began to slow. As the SUV was slowing, another SUV behind the first SUV made contact with the rear of the first SUV. The front of the first SUV then made contact with the rear of the Waymo AV. At the time of the impact, the Waymo AVs Level 4 ADS was not engaged and a test driver was operating the Waymo AV in manual mode. All vehicles sustained damage and Waymo received notice that a passenger in the second SUV may have sustained a moderate injury. 
Waymo is reporting this crash under Request No. 1 of Standing General Order 2021-01 because an individual involved was transported from the scene to a hospital for medical treatment, a vehicle involved was towed away, and airbag deployment. Waymo may supplement or correct its reporting with additional information as it may become available.", ,,,,,,,prior_june16,True,True,True,False,False,False,True,False,False,False,False,True
30270-8344,1,Waymo LLC,5-Day,,,AUG-2024,SADHW2S15M1, ,,Jaguar,I-Pace, ,2021.0, ,a716fa442f09994,139899.0, ,,5th Generation ADS, , ,5th Generation, , ,Version 9, , ,, ,Y,,, ,Y,Yes (specify below),ADOT,Yes,ADS,Waymo LLC, , ,Y, , , , , ,,AUG-2024, ,AUG-2024,12:24, ,a8e4923d669f9b8,[MAY CONTAIN PERSONALLY IDENTIFIABLE INFORMATION], ,[MAY CONTAIN PERSONALLY IDENTIFIABLE INFORMATION], ,[MAY CONTAIN PERSONALLY IDENTIFIABLE INFORMATION], ,Scottsdale, ,AZ ,[MAY CONTAIN PERSONALLY IDENTIFIABLE INFORMATION], ,Street,Dry,No Unusual Conditions,45.0, ,Daylight,Y, , , , , , , ,,"Other, see Narrative",No Injuries Reported,Yes,"Other, see Narrative",Not Applicable,Not Applicable, , , , , , , , , , ,Y,Proceeding Straight,No,Yes,Yes,44.0, , , , , , , , , ,Y, , , , ,Y, ,Y,Y, , ,No,, ,Yes,, ,, ,, ,Yes, ,"On August [XXX], 2024 at 12:24 PM PT a Waymo Autonomous Vehicle (""Waymo AV"") operating in Scottsdale, Arizona was in a collision involving roadway debris on [XXX] at [XXX]. 
The Waymo AV was traveling south on [XXX] in the rightmost lane and had just crossed the intersection with [XXX] when the front passenger side wheel struck a piece of wood in the roadway. At the time of the impact, the Waymo AV's Level 4 ADS was engaged in autonomous mode. The Waymo AV sustained a flat tire.
Waymo is reporting this crash under Request No. 1 of Standing General Order 2021-01 because a vehicle involved was towed away. Waymo may supplement or correct its reporting with additional information as it may become available.", ,True,85260,PHOENIX,Single Vehicle,False,False,prior_june16,True,True,False,False,False,True,True,False,True,False,True,False
30270-8357,1,Waymo LLC,5-Day,,,AUG-2024,SADHW2S15M1, ,,Jaguar,I-Pace, ,2021.0, ,380f141e3688fe0,138814.0, ,,5th Generation ADS, , ,5th Generation, , ,Version 9, , ,, ,Y,,, ,Y,Yes (specify below),AZ DOT,Yes,ADS,Waymo LLC, , ,Y, , , , , ,,AUG-2024, ,AUG-2024,18:25, ,a9dbd0eec01db66,[MAY CONTAIN PERSONALLY IDENTIFIABLE INFORMATION], ,[MAY CONTAIN PERSONALLY IDENTIFIABLE INFORMATION], ,[MAY CONTAIN PERSONALLY IDENTIFIABLE INFORMATION], ,Scottsdale, ,AZ ,[MAY CONTAIN PERSONALLY IDENTIFIABLE INFORMATION], ,Parking Lot,Dry,No Unusual Conditions,15.0, ,Daylight,Y, , , , , , , ,,Other Fixed Object,No Injuries Reported,Yes,,,, , , , , , , , , , , ,Proceeding Straight,No,No,No Passengers in Vehicle,1.0, , , , , , , , ,Y, , , , , ,Y, ,Y,Y, , ,No,, ,Yes,, ,, ,, ,Yes, ,"On August [XXX], 2024 at 6:25 PM PT a Waymo Autonomous Vehicle (""Waymo AV"") operating in Scottsdale, Arizona was in a collision involving a gate at [XXX]. 
The Waymo AV was proceeding east through an apartment complex parking area and began passing a metal gate as it was closing. The Waymo AV maneuvered to the left and slowed in response to the closing gate but the gate made contact with the front right sensor of the Waymo AV. At the time of the impact, the Waymo AV's Level 4 ADS was engaged in autonomous mode. The Waymo AV sustained damage.
Waymo is reporting this crash under Request No. 1 of Standing General Order 2021-01 because a vehicle involved was towed away. Waymo may supplement or correct its reporting with additional information as it may become available.", ,True,85257,PHOENIX,Single Vehicle,False,False,prior_june16,True,True,False,False,False,False,False,True,False,False,True,False
30270-8378,1,Waymo LLC,Monthly,7.0,2024.0,AUG-2024,SADHW2S1XM1, ,,Jaguar,I-Pace, ,2021.0, ,d85a90fe284d29a,91896.0, ,,5th Generation ADS, , ,5th Generation, , ,Version 9, , ,, ,Y,,, ,Y,Yes (specify below),ADOT,Yes,ADS,Waymo LLC, , ,Y, , , , , ,,JUL-2024, ,JUL-2024,20:27, ,0647db76b221377,[MAY CONTAIN PERSONALLY IDENTIFIABLE INFORMATION], ,[MAY CONTAIN PERSONALLY IDENTIFIABLE INFORMATION], ,[MAY CONTAIN PERSONALLY IDENTIFIABLE INFORMATION], ,Phoenix, ,AZ ,[MAY CONTAIN PERSONALLY IDENTIFIABLE INFORMATION], ,Parking Lot,Dry,No Unusual Conditions,5.0, ,Dark - Lighted,Y, , , , , , , ,,Passenger Car,Minor,Yes,Passing,No,No, , , , , , ,Y,Y, , , ,Parked,No,No,Yes,0.0, ,Y, , , , , , , , , , , , ,Y, ,Y,Y, , ,Yes,Phoenix Police Department, ,Yes,[MAY CONTAIN PERSONALLY IDENTIFIABLE INFORMATION], ,[MAY CONTAIN PERSONALLY IDENTIFIABLE INFORMATION], ,,Y,Yes, ,"On July [XXX], 2024 at 8:27 PM MT a Waymo Autonomous Vehicle (""Waymo AV"") operating in Phoenix, Arizona was in a collision involving a passenger car in a parking lot near [XXX].  
The Waymo AV was stopped in a parking lot of a condominium complex for a passenger drop off when a passenger car immediately behind the Waymo AV reversed briefly and then drove around the Waymo AV on the left. As the passenger car was passing the stopped Waymo AV, the passenger side of the passenger car made contact with the rear driver side corner of the Waymo AV. At the time of the impact, the Waymo AV's Level 4 ADS was engaged in autonomous mode. Both vehicles sustained damage. One of the passengers in the passenger car reported a minor injury.
Waymo is reporting this crash under Request No. 2 of Standing General Order 2021-01. Waymo may supplement or correct its reporting with additional information as it may become available.", ,True,85016,PHOENIX,V2V Lateral,False,True,prior_june16,True,True,True,False,False,False,True,False,False,False,False,True
30270-8443,1,Waymo LLC,5-Day,,,AUG-2024,SADHW2S14R1, ,,Jaguar,I-Pace, ,2024.0, ,a17640abc7498b1,20049.0, ,In-Vehicle (Commercial / Test),5th Generation ADS, , ,5th Generation, , ,Version 9, , ,Transdev Alternative Services, , ,,, ,Y,No,,Yes,ADS,Waymo LLC, , ,Y, , , , , ,,AUG-2024, ,AUG-2024,07:15, ,8d5de51bc775cac,[MAY CONTAIN PERSONALLY IDENTIFIABLE INFORMATION], ,[MAY CONTAIN PERSONALLY IDENTIFIABLE INFORMATION], ,[MAY CONTAIN PERSONALLY IDENTIFIABLE INFORMATION], ,Atlanta, ,GA ,[MAY CONTAIN PERSONALLY IDENTIFIABLE INFORMATION], ,Street,Dry,"Other, see Narrative",25.0, ,Daylight, , ,Y, , , , , ,,"Other, see Narrative",No Injuries Reported,Yes,Unknown,Not Applicable,Not Applicable, , , , , , , , , , ,Y,Proceeding Straight,No,Yes,Yes,23.0, , , , , ,Y,Y, , , , , , , ,Y, ,Y,Y, , ,No,, ,Yes,, ,, ,, ,Yes, ,"On August [XXX], 2024 at 7:15 AM EDT a Waymo Autonomous Vehicle (""Waymo AV"") operating in Atlanta, Georgia was in a collision involving a fallen utility line on [XXX] near [XXX].
The Waymo AV was traveling eastbound on [XXX] when the front of the Waymo AV made contact with a fallen utility line hanging from a utility pole on the right edge of the roadway into the travel lane and laying on the ground across the left half of the roadway. At the time of the impact, the Waymo AV's Level 4 ADS was engaged in autonomous mode, and a test driver was present in the driver's seating position. The Waymo AV sustained damage from contact with the non-live line.
Waymo is reporting this crash under Request No. 1 of Standing General Order 2021-01 because a vehicle involved was towed away. Waymo may supplement or correct its reporting with additional information as it may become available.", ,,,,,,,prior_june16,True,True,False,False,False,True,True,False,True,False,True,False