Report ID,Report Version,Reporting Entity,Report Type,Report Month,Report Year,Report Submission Date,VIN,VIN - Unknown,Serial Number,Make,Model,Model - Unknown,Model Year,Model Year - Unknown,Same Vehicle ID,Mileage,Mileage - Unknown,Driver / Operator Type,ADAS/ADS System Version,ADAS/ADS System Version - Unk,ADAS/ADS System Version CBI,ADAS/ADS Hardware Version,ADAS/ADS Hardware Version - Unk,ADAS/ADS Hardware Version CBI,ADAS/ADS Software Version,ADAS/ADS Software Version - Unk,ADAS/ADS Software Version CBI,Other Reporting Entities?,Other Reporting Entities? - Unk,Other Reporting Entities? - NA,Federal Regulatory Exemption?,Other Federal Reg. Exemption,Federal Reg. Exemption - Unk,Federal Reg. Exemption - No,State or Local Permit?,State or Local Permit,ADS Equipped?,Automation System Engaged?,Operating Entity,Operating Entity - Unknown,Source - Complaint/Claim,Source - Telematics,Source - Law Enforcement,Source - Field Report,Source - Testing,Source - Media,Source - Other,Source - Other Text,Incident Date,Incident Date - Unknown,Notice Received Date,Incident Time (24:00),Incident Time - Unknown,Same Incident ID,Latitude,Latitude - Unknown,Longitude,Longitude - Unknown,Address,Address - Unknown,City,City - Unknown,State,Zip Code,Zip Code - Unknown,Roadway Type,Roadway Surface,Roadway Description,Posted Speed Limit (MPH),Posted Speed Limit - Unknown,Lighting,Weather - Clear,Weather - Snow,Weather - Cloudy,Weather - Fog/Smoke,Weather - Rain,Weather - Severe Wind,Weather - Unknown,Weather - Other,Weather - Other Text,Crash With,Highest Injury Severity Alleged,Property Damage?,CP Pre-Crash Movement,CP Any Air Bags Deployed?,CP Was Vehicle Towed?,CP Contact Area - Rear Left,CP Contact Area - Left,CP Contact Area - Front Left,CP Contact Area - Rear,CP Contact Area - Top,CP Contact Area - Front,CP Contact Area - Rear Right,CP Contact Area - Right,CP Contact Area - Front Right,CP Contact Area - Bottom,CP Contact Area - Unknown,SV Pre-Crash Movement,SV Any Air Bags Deployed?,SV Was Vehicle Towed?,SV Were All Passengers Belted?,SV Precrash Speed (MPH),SV Pre-crash Speed - Unknown,SV Contact Area - Rear Left,SV Contact Area - Left,SV Contact Area - Front Left,SV Contact Area - Rear,SV Contact Area - Top,SV Contact Area - Front,SV Contact Area - Rear Right,SV Contact Area - Right,SV Contact Area - Front Right,SV Contact Area - Bottom,SV Contact Area - Unknown,Data Availability - EDR,Data Availability - Police Rpt,Data Availability - Telematics,Data Availability - Complaints,Data Availability - Video,Data Availability - Other,Data Availability - No Data,Data Availability - Unknown,Law Enforcement Investigating?,Investigating Agency,Investigating Agency - Unknown,Rep Ent Or Mfr Investigating?,Investigating Officer Name,Inv. Officer Name - Unknown,Investigating Officer Phone,Inv. Officer Phone - Unknown,Investigating Officer Email,Inv. Officer Email - Unknown,Within ODD?,Within ODD? - CBI,Narrative,Narrative - CBI?,hub_delta_v_less_than_1mph,hub_zip_code,hub_location,hub_crash_type,hub_is_police_reported,hub_is_any_injury_reported,data_period,reportable_v2,reportable_v3,filter_has_injury,filter_is_vru,filter_has_airbag,filter_has_tow,filter_is_5day_trigger,filter_is_single_vehicle,filter_waymo_struck_another,filter_deltav_over_1mph,filter_waymo_was_moving,filter_waymo_was_stationary
30270-1,2,Waymo LLC,10-Day Update,,,JUL-2021,2C4RC1K76HR, ,,Chrysler,Pacifica, ,2017.0, ,27a8308e4525a57,34996.0, ,In-Vehicle (Commercial / Test),4th Generation ADS, , ,, , ,, , ,, , ,,, , ,,,Yes,ADS,Waymo LLC, , ,Y, , , , , ,,JUL-2021, ,JUL-2021,15:10, ,c26d492ac568c12,[MAY CONTAIN PERSONALLY IDENTIFIABLE INFORMATION], ,[MAY CONTAIN PERSONALLY IDENTIFIABLE INFORMATION], ,[MAY CONTAIN PERSONALLY IDENTIFIABLE INFORMATION], ,San Francisco, ,CA ,,Y,Intersection,Dry,No Unusual Conditions,25.0, ,Daylight, , ,Y, , , , , ,,Van,No Injuries Reported,Yes,Proceeding Straight,No,No, , , , , , , , ,Y, , ,Making Left Turn,No,Yes,Yes,,Y, , , , , , ,Y, , , , , , ,Y, ,Y,Y, , ,No,, ,Yes,, ,, ,, ,Yes, ,"No update to narrative. Please refer to Waymo LLC Report - 202107[XXX]-0 (rev.202107[XXX]170406) submitted on July [XXX], 2021.", ,,,,,,,prior_june16,True,True,False,False,False,True,True,False,False,False,True,False
30270-10007,1,Waymo LLC,5-Day,,,FEB-2025,SADHW2S15R1, ,,Jaguar,I-PACE, ,2024.0, ,7f139073e4159f7,17312.0, ,,5th Generation ADS, , ,5th Generation, , ,Version 9, , ,, ,Y,,, ,Y,Yes (specify below),"CA DMV, CA PUC",Yes,ADS,Waymo LLC, , ,Y, , , , , ,,FEB-2025, ,FEB-2025,01:04, ,198ede2a0f0bc8c,[MAY CONTAIN PERSONALLY IDENTIFIABLE INFORMATION], ,[MAY CONTAIN PERSONALLY IDENTIFIABLE INFORMATION], ,[MAY CONTAIN PERSONALLY IDENTIFIABLE INFORMATION], ,San Francisco, ,CA ,[MAY CONTAIN PERSONALLY IDENTIFIABLE INFORMATION], ,Street,Dry,No Unusual Conditions,25.0, ,Dark - Lighted,Y, , , , , , , ,,"Other, see Narrative",No Injuries Reported,Yes,Backing,No,No, , , ,Y, , , , , , , ,Parked,No,Yes,No Passengers in Vehicle,0.0, , , , , , ,Y, , , , , , , ,Y, ,Y,Y, , ,No,, ,Yes,, ,, ,, ,Yes, ,"On February [XXX], 2025 at 1:04 AM PT a Waymo Autonomous Vehicle (""Waymo AV"") operating in San Francisco, California was in a collision involving a motor home on [XXX]. 
The Waymo AV was parked at the curb facing east on [XXX] when a motor home parked in front of the Waymo AV reversed, and the rear of the motor home made contact with the front of the stationary Waymo AV. At the time of the impact, the Waymo AV's Level 4 ADS was engaged in autonomous mode. The Waymo AV sustained damage.
Waymo is reporting this crash under Request No. 1 of Standing General Order 2021-01 because a vehicle involved was towed away. Waymo may supplement or correct its reporting with additional information as it may become available.", ,False,94103,SAN_FRANCISCO,V2V Backing,False,False,prior_june16,True,True,False,False,False,True,True,False,False,True,False,True
30270-10054,2,Waymo LLC,10-Day Update,,,MAR-2025,SADHW2S19R1, ,[MAY CONTAIN PERSONALLY IDENTIFIABLE INFORMATION],Jaguar,I-PACE, ,2024.0, ,62060b6190797d9,18469.0, ,,5th Generation ADS, , ,5th Generation, , ,Version 9, , ,, ,Y,,, ,Y,Yes (specify below),"CA DMV, CA PUC",Yes,ADS,Waymo LLC, , ,Y, , , , , ,,FEB-2025, ,FEB-2025,08:12, ,245fcf475614f10,[MAY CONTAIN PERSONALLY IDENTIFIABLE INFORMATION], ,[MAY CONTAIN PERSONALLY IDENTIFIABLE INFORMATION], ,[MAY CONTAIN PERSONALLY IDENTIFIABLE INFORMATION], ,Los Angeles, ,CA ,[MAY CONTAIN PERSONALLY IDENTIFIABLE INFORMATION], ,Street,Dry,No Unusual Conditions,35.0, ,Daylight,Y, , , , , , , ,,Non-Motorist: Other,No Injuries Reported,Yes,"Other, see Narrative",,, , , , , , , , , , , ,Stopped,No,No,No Passengers in Vehicle,0.0, ,Y, , , , , , , , , , , , ,Y, ,Y,Y, , ,No,, ,Yes,, ,, ,, ,Yes, ,"The content of this report is unchanged from the initial report submitted on February [XXX], 2025 [REDACTED, MAY CONTAIN CONFIDENTIAL BUSINESS INFORMATION]. 
On February [XXX], 2025 at 8:12 AM PT a Waymo Autonomous Vehicle operating in Culver City, California was in a collision involving a shopping cart.  
The Waymo AV was stopped at a red traffic light heading [XXX]. A pedestrian pushing a shopping cart approached the Waymo AV from behind and made contact with the left rear drivers side of the stationary Waymo AV.  At the time of the impact, the Waymo AV's Level 4 ADS was engaged in autonomous mode.  The Waymo AV sustained damage.
Waymo is reporting this crash under Request No. 1 of Standing General Order 2021-01 because a vulnerable road user was involved. Waymo may supplement or correct its reporting with additional information as it may become available.", ,False,90066,LOS_ANGELES,Pedestrian,False,False,prior_june16,True,True,False,True,False,False,True,False,False,True,False,True
30270-10057,1,Waymo LLC,Monthly,2.0,2025.0,MAR-2025,SADHW2S19R1, ,,Jaguar,I-PACE, ,2024.0, ,7429c8f0a22ec71,26958.0, ,,5th Generation ADS, , ,5th Generation, , ,Version 9, , ,, ,Y,,, ,Y,Yes (specify below),"CA DMV, CA PUC",Yes,ADS,Waymo LLC, , ,Y, , , , , ,,FEB-2025, ,FEB-2025,23:58, ,fbe6478d5c0c171,[MAY CONTAIN PERSONALLY IDENTIFIABLE INFORMATION], ,[MAY CONTAIN PERSONALLY IDENTIFIABLE INFORMATION], ,[MAY CONTAIN PERSONALLY IDENTIFIABLE INFORMATION], ,San Francisco, ,CA ,[MAY CONTAIN PERSONALLY IDENTIFIABLE INFORMATION], ,Street,Dry,No Unusual Conditions,20.0, ,Dark - Lighted,Y, , , , , , , ,,Passenger Car,Minor,Yes,Proceeding Straight,No,No, , , , , , , ,Y, , , ,Stopped,No,No,Yes,0.0, ,Y, , , , , , , , , , , , ,Y, ,Y,Y, , ,No,, ,Yes,, ,, ,, ,Yes, ,"On February [XXX], 2025 at 11:58 PM PT a Waymo Autonomous Vehicle (""Waymo AV"") operating in San Francisco, California was in a collision involving a passenger car on [XXX]. 
The Waymo AV was travelling northbound in the left lane of [XXX] when it began to change lanes to the right lane and came to a stop partially between both lanes in order to yield to a stopped vehicle ahead in the right lane. While the Waymo AV remained stopped, a passenger car traveling in the left lane attempted to maneuver around the Waymo AV, and the passenger side of the passenger car made contact with the rear driver side of the stationary Waymo AV. At the time of the impact, the Waymo AV's Level 4 ADS was engaged in autonomous mode. Both vehicles sustained damage.
Waymo is reporting this crash under Request No. 2 of Standing General Order 2021-01. Waymo may supplement or correct its reporting with additional information as it may become available.", ,True,94117,SAN_FRANCISCO,V2V Lateral,False,True,prior_june16,True,True,True,False,False,False,True,False,False,False,False,True
30270-10060,1,Waymo LLC,5-Day,,,FEB-2025,SADHW2S1XR1, ,,Jaguar,I-PACE, ,2024.0, ,e1600decf466846,4051.0, ,,5th Generation ADS, , ,5th Generation, , ,Version 9, , ,, ,Y,,, ,Y,Yes (specify below),"CA DMV, CA PUC",Yes,ADS,Waymo LLC, , ,Y, , , , , ,,FEB-2025, ,FEB-2025,19:22, ,ec25755718a0c9f,[MAY CONTAIN PERSONALLY IDENTIFIABLE INFORMATION], ,[MAY CONTAIN PERSONALLY IDENTIFIABLE INFORMATION], ,[MAY CONTAIN PERSONALLY IDENTIFIABLE INFORMATION], ,Beverly Hills, ,CA ,[MAY CONTAIN PERSONALLY IDENTIFIABLE INFORMATION], ,Street,Dry,No Unusual Conditions,35.0, ,Dark - Lighted,Y, , , , , , , ,,SUV,No Injuries Reported,Yes,Proceeding Straight,No,No, , , , , ,Y, , , , , ,Proceeding Straight,No,Yes,Yes,3.0, , , , ,Y, , , , , , , , , ,Y, ,Y,Y, , ,Yes,Beverly Hills Police Department, ,Yes,[MAY CONTAIN PERSONALLY IDENTIFIABLE INFORMATION], ,[MAY CONTAIN PERSONALLY IDENTIFIABLE INFORMATION], ,,Y,Yes, ,"On February [XXX], 2025 at 7:22 PM PT a Waymo Autonomous Vehicle (""Waymo AV"") operating in Beverly Hills, California was in a collision involving an SUV on [XXX]. 
The Waymo AV was traveling northeastbound on [XXX] in the left lane and slowing for a queue of traffic ahead in the same lane. An SUV traveling northeastbound in the left lane approached the Waymo AV from behind, and the front of the SUV made contact with the rear of the Waymo AV. At the time of the impact, the Waymo AV's Level 4 ADS was engaged in autonomous mode. Both vehicles sustained damage.
Waymo is reporting this crash under Request No. 1 of Standing General Order 2021-01 because a vehicle involved was towed away. Waymo may supplement or correct its reporting with additional information as it may become available.", ,False,90210,LOS_ANGELES,V2V F2R,True,False,prior_june16,True,True,False,False,False,True,True,False,False,True,True,False
30270-10075,2,Waymo LLC,10-Day Update,,,MAR-2025,SADHW2S15R1, ,,Jaguar,I-PACE, ,2024.0, ,da1c07fbe9f0399,3577.0, ,,5th Generation ADS, , ,5th Generation, , ,Version 9, , ,, ,Y,,, ,Y,Yes (specify below),"CA DMV, CA PUC",Yes,ADS,Waymo LLC, , ,Y, , , , , ,,FEB-2025, ,FEB-2025,09:06, ,7021e4061ead5bc,[MAY CONTAIN PERSONALLY IDENTIFIABLE INFORMATION], ,[MAY CONTAIN PERSONALLY IDENTIFIABLE INFORMATION], ,[MAY CONTAIN PERSONALLY IDENTIFIABLE INFORMATION], ,San Francisco, ,CA ,[MAY CONTAIN PERSONALLY IDENTIFIABLE INFORMATION], ,Street,Dry,No Unusual Conditions,25.0, ,Daylight, , ,Y, , , , , ,,Non-Motorist: Cyclist,No Injuries Reported,Yes,Passing,,, , , , , , , , , , , ,Stopped,No,No,No Passengers in Vehicle,0.0, , ,Y, , , , , , , , , , , ,Y, ,Y,Y, , ,No,, ,Yes,, ,, ,, ,Yes, ,"The content of this report is unchanged from the initial report submitted on February [XXX], 2025 [REDACTED, MAY CONTAIN CONFIDENTIAL BUSINESS INFORMATION]. 
On February [XXX], 2025 at 9:06 AM PT a Waymo Autonomous Vehicle (""Waymo AV"") operating in San Francisco, California was in a collision involving a cyclist near the [XXX]. 
The Waymo AV was stopped at the curb facing north on [XXX] after a passenger drop-off when a cyclist traveling north passed between the Waymo AV and a passenger car that was stopped next to the driver side of the Waymo AV.  As the cyclist passed the stationary Waymo AV, the cyclist made contact with the driver side mirror of the Waymo AV.  At the time of the impact, the Waymo AV's Level 4 ADS was engaged in autonomous mode. Waymo identified damage to the Waymo AV on February [XXX], 2025 and identified that the damage resulted from contact with a vulnerable road user on February [XXX], 2025.
Waymo is reporting this crash under Request No. 1 of Standing General Order 2021-01 because a vulnerable road user was involved. Waymo may supplement or correct its reporting with additional information as it may become available.", ,False,94102,SAN_FRANCISCO,Cyclist,False,False,prior_june16,True,True,False,True,False,False,True,False,False,True,False,True
30270-10076,1,Waymo LLC,Monthly,2.0,2025.0,MAR-2025,SADHW2S10M1, ,,Jaguar,I-PACE, ,2021.0, ,54438cbdb57334f,62004.0, ,,5th Generation ADS, , ,5th Generation, , ,Version 9, , ,, ,Y,,, ,Y,Yes (specify below),"CA DMV, CA PUC",Yes,ADS,Waymo LLC, , ,Y, , , , , ,,FEB-2025, ,FEB-2025,13:49, ,9b6c6e6504c9cd9,[MAY CONTAIN PERSONALLY IDENTIFIABLE INFORMATION], ,[MAY CONTAIN PERSONALLY IDENTIFIABLE INFORMATION], ,[MAY CONTAIN PERSONALLY IDENTIFIABLE INFORMATION], ,San Francisco, ,CA ,[MAY CONTAIN PERSONALLY IDENTIFIABLE INFORMATION], ,Street,Wet,No Unusual Conditions,15.0, ,Daylight, , , , ,Y, , , ,,"Other, see Narrative",No Injuries Reported,Yes,"Other, see Narrative",Not Applicable,Not Applicable, , , , , , , , , , ,Y,Proceeding Straight,No,No,No Passengers in Vehicle,14.0, , , , , , ,Y, , , , , , , ,Y, ,Y,Y, , ,No,, ,Yes,, ,, ,, ,Yes, ,"On February [XXX], 2025 at 1:49 PM PT a Waymo Autonomous Vehicle (""Waymo AV"") operating in San Francisco, California was in a collision involving a fallen utility line on the [XXX]. 
The Waymo AV was traveling southwestbound on [XXX] when the front of the Waymo AV made contact with a fallen utility line hanging across both travel lanes. At the time of the impact, the Waymo AV's Level 4 ADS was engaged in autonomous mode. The Waymo AV sustained damage.
Waymo is reporting this crash under Request No. 2 of Standing General Order 2021-01. Waymo may supplement or correct its reporting with additional information as it may become available.", ,True,94134,SAN_FRANCISCO,Single Vehicle,False,False,prior_june16,True,True,False,False,False,False,False,False,True,False,True,False
30270-10080,1,Waymo LLC,5-Day,,,FEB-2025,SADHW2S10M1, ,,Jaguar,I-PACE, ,2021.0, ,2c2f75d23c37307,121061.0, ,,5th Generation ADS, , ,5th Generation, , ,Version 9, , ,, ,Y,,, ,Y,Yes (specify below),"CA DMV, CA PUC",Yes,ADS,Waymo LLC, , ,Y, , , , , ,,FEB-2025, ,FEB-2025,09:12, ,9d71e2ee82fc64f,[MAY CONTAIN PERSONALLY IDENTIFIABLE INFORMATION], ,[MAY CONTAIN PERSONALLY IDENTIFIABLE INFORMATION], ,[MAY CONTAIN PERSONALLY IDENTIFIABLE INFORMATION], ,San Francisco, ,CA ,[MAY CONTAIN PERSONALLY IDENTIFIABLE INFORMATION], ,Street,Dry,No Unusual Conditions,25.0, ,Daylight, , ,Y, , , , , ,,Heavy Truck,No Injuries Reported,Yes,Backing,No,No, , , , , , ,Y, , , , ,Passing,No,Yes,Yes,7.0, , ,Y, , , , , , , , , , , ,Y, ,Y,Y, , ,No,, ,Yes,, ,, ,, ,Yes, ,"On February [XXX], 2025 at 9:12 AM PT a Waymo Autonomous Vehicle (""Waymo AV"") operating in San Francisco, California was in a collision involving a heavy truck on [XXX]. 
The Waymo AV was traveling north on [XXX] towards the intersection at [XXX]when it encountered a heavy truck that was apparently executing a multi-point turn in the middle of the intersection of [XXX], oriented towards the northwest.  The heavy truck came to a stop as the Waymo AV reached the intersection with [XXX] and remained stationary. The Waymo AV slowly proceeded into the intersection and the heavy truck remained stopped.  As the Waymo AV passed behind the heavy truck, the heavy truck began reversing again and the back of the heavy truck made contact with the drivers side of the Waymo AV.  At the time of the impact, the Waymo AV's Level 4 ADS was engaged in autonomous mode. The Waymo AV sustained damage.
Waymo is reporting this crash under Request No. 1 of Standing General Order 2021-01 because a vehicle involved was towed away. Waymo may supplement or correct its reporting with additional information as it may become available.", ,False,94133,SAN_FRANCISCO,V2V Backing,False,False,prior_june16,True,True,False,False,False,True,True,False,True,True,True,False
30270-10081,1,Waymo LLC,Monthly,2.0,2025.0,MAR-2025,SADHW2S17R1, ,,Jaguar,I-PACE, ,2024.0, ,2e4fc64e3534cb6,32571.0, ,,5th Generation ADS, , ,5th Generation, , ,Version 9, , ,, ,Y,,, ,Y,Yes (specify below),"CA DMV, CA PUC",Yes,ADS,Waymo LLC, , ,Y, , , , , ,,FEB-2025, ,FEB-2025,18:22, ,0dfac0be21c8da4,[MAY CONTAIN PERSONALLY IDENTIFIABLE INFORMATION], ,[MAY CONTAIN PERSONALLY IDENTIFIABLE INFORMATION], ,[MAY CONTAIN PERSONALLY IDENTIFIABLE INFORMATION], ,Los Angeles, ,CA ,[MAY CONTAIN PERSONALLY IDENTIFIABLE INFORMATION], ,Traffic Circle,Dry,No Unusual Conditions,20.0, ,Dark - Lighted,Y, , , , , , , ,,Bus,No Injuries Reported,Yes,Making Left Turn,No,No, ,Y, , , , , , , , , ,Making Left Turn,No,No,No Passengers in Vehicle,6.0, , , , , , , , , ,Y, , , , ,Y, ,Y,Y, , ,No,, ,Yes,, ,, ,, ,Yes, ,"On February [XXX], 2025 at 6:22 PM PT a Waymo Autonomous Vehicle (""Waymo AV"") operating in Los Angeles, California was in a collision involving a bus in a traffic circle on [XXX]. 
The Waymo AV was traveling northbound around a traffic circle on [XXX] in the left lane with a bus traveling next to the Waymo AV in the right lane. As the Waymo AV began to turn left around the traffic circle, the bus also began to turn and crossed into the left lane and the driver side of the bus made contact with the front passenger side of the Waymo AV. At the time of the impact, the Waymo AV's Level 4 ADS was engaged in autonomous mode. Both vehicles sustained damage.
Waymo is reporting this crash under Request No. 2 of Standing General Order 2021-01. Waymo may supplement or correct its reporting with additional information as it may become available.", ,True,90095,LOS_ANGELES,V2V Lateral,False,False,prior_june16,True,True,False,False,False,False,False,False,True,False,True,False
30270-10083,1,Waymo LLC,Monthly,2.0,2025.0,MAR-2025,SADHW2S15R1, ,,Jaguar,I-PACE, ,2024.0, ,99dc6c8a043c39a,16102.0, ,,5th Generation ADS, , ,5th Generation, , ,Version 9, , ,, ,Y,,, ,Y,Yes (specify below),"CA DMV, CA PUC",Yes,ADS,Waymo LLC, , ,Y, , , , , ,,FEB-2025, ,FEB-2025,11:43, ,5665cd0476afae7,[MAY CONTAIN PERSONALLY IDENTIFIABLE INFORMATION], ,[MAY CONTAIN PERSONALLY IDENTIFIABLE INFORMATION], ,[MAY CONTAIN PERSONALLY IDENTIFIABLE INFORMATION], ,Los Angeles, ,CA ,[MAY CONTAIN PERSONALLY IDENTIFIABLE INFORMATION], ,Intersection,Dry,No Unusual Conditions,25.0, ,Daylight, , ,Y, , , , , ,,Passenger Car,Minor,No,Proceeding Straight,No,No, , , , , ,Y, , , , , ,Stopped,No,No,Yes,0.0, , , , ,Y, , , , , , , , , ,Y, ,Y,Y, , ,No,, ,Yes,, ,, ,, ,Yes, ,"On February [XXX], 2025 at 11:43 AM PT a Waymo Autonomous Vehicle (""Waymo AV"") operating in Los Angeles, California was in a collision involving a passenger car on[XXX]. 
The Waymo AV was travelling northbound on[XXX] and came to a stop at a red traffic light at the intersection with [XXX]. A passenger car also traveling northbound on S. Sherbourne Drive approached the Waymo AV from behind and the front of the passenger car made contact with the rear of the stationary Waymo AV. At the time of the impact, the Waymo AV's Level 4 ADS was engaged in autonomous mode. Neither vehicle sustained damage. The passenger in the Waymo AV alleged a minor injury.
Waymo is reporting this crash under Request No. 2 of Standing General Order 2021-01. Waymo may supplement or correct its reporting with additional information as it may become available.", ,True,90048,LOS_ANGELES,V2V F2R,False,True,prior_june16,True,True,True,False,False,False,True,False,False,False,False,True
30270-10086,1,Waymo LLC,5-Day,,,MAR-2025,SADHW2S18R1, ,,Jaguar,I-PACE, ,2024.0, ,11b75b430c54645,35171.0, ,,5th Generation ADS, , ,5th Generation, , ,Version 9, , ,, ,Y,,, ,Y,Yes (specify below),"CA DMV, CA PUC",Yes,ADS,Waymo LLC, , ,Y, , , , , ,,FEB-2025, ,FEB-2025,21:07, ,0189935a3c5671c,[MAY CONTAIN PERSONALLY IDENTIFIABLE INFORMATION], ,[MAY CONTAIN PERSONALLY IDENTIFIABLE INFORMATION], ,[MAY CONTAIN PERSONALLY IDENTIFIABLE INFORMATION], ,Inglewood, ,CA ,[MAY CONTAIN PERSONALLY IDENTIFIABLE INFORMATION], ,Street,Dry,No Unusual Conditions,45.0, ,Dark - Lighted,Y, , , , , , , ,,Passenger Car,No Injuries Reported,Yes,Making Left Turn,No,No, ,Y,Y, , , , , , , , ,Proceeding Straight,No,Yes,No Passengers in Vehicle,27.0, , , , , , , , , ,Y, , , , ,Y, ,Y,Y, , ,Yes,Inglewood Police Department, ,Yes,[MAY CONTAIN PERSONALLY IDENTIFIABLE INFORMATION], ,[MAY CONTAIN PERSONALLY IDENTIFIABLE INFORMATION], ,,Y,Yes, ,"On February [XXX], 2025 at 9:07 PM PT a Waymo Autonomous Vehicle (""Waymo AV"") operating in Inglewood, California was in a collision involving a passenger car on the [XXX]. 
The Waymo AV was traveling northbound in the dedicated left turn lane of[XXX] when a passenger car in the second from the left lane and in front of the Waymo AV began to change lanes to the dedicated left turn lane. During this lane change maneuver, the driver side of the passenger car made contact with the passenger side of the Waymo AV.  At the time of the impact, the Waymo AV's Level 4 ADS was engaged in autonomous mode. Both vehicles sustained damage.
Waymo is reporting this crash under Request No. 1 of Standing General Order 2021-01 because a vehicle involved was towed away. Waymo may supplement or correct its reporting with additional information as it may become available.", ,False,90302,LOS_ANGELES,V2V Lateral,True,False,prior_june16,True,True,False,False,False,True,True,False,True,True,True,False
30270-10089,1,Waymo LLC,Monthly,2.0,2025.0,MAR-2025,SADHW2S16R1, ,,Jaguar,I-PACE, ,2024.0, ,a6d787df6b6267f,41845.0, ,,5th Generation ADS, , ,5th Generation, , ,Version 9, , ,, ,Y,,, ,Y,Yes (specify below),"CA DMV, CA PUC",Yes,ADS,Waymo LLC, , ,Y, , , , , ,,JAN-2025, ,FEB-2025,21:14, ,aeddf9a5808923f,[MAY CONTAIN PERSONALLY IDENTIFIABLE INFORMATION], ,[MAY CONTAIN PERSONALLY IDENTIFIABLE INFORMATION], ,[MAY CONTAIN PERSONALLY IDENTIFIABLE INFORMATION], ,Los Angeles, ,CA ,[MAY CONTAIN PERSONALLY IDENTIFIABLE INFORMATION], ,Street,Dry,No Unusual Conditions,35.0, ,Dark - Lighted,Y, , , , , , , ,,SUV,Minor,No,Changing Lanes,No,No, , , , , , , , ,Y, , ,Proceeding Straight,No,No,Yes,28.0, , ,Y, , , , , , , , , , , ,Y, ,Y,Y, , ,No,, ,Yes,, ,, ,, ,Yes, ,"On January [XXX], 2025 at 9:14 PM PT a Waymo Autonomous Vehicle (""Waymo AV"") operating in Los Angeles, California was in a collision involving an SUV on [XXX].
The Waymo AV was travelling eastbound on [XXX] in the center lane when an SUV travelling eastbound in the opposing travel lanes began to approach the Waymo AV from behind and to the left. The SUV then began to maneuver into the left eastbound travel lane, and continued into the center lane occupied by the Waymo AV, and the front passenger side of the SUV made contact with the drivers side of the Waymo AV. At the time of the impact, the Waymo AV's Level 4 ADS was engaged in autonomous mode. Neither vehicle sustained damage. On February 5, 2025, Waymo received an allegation of a minor injury from the passenger in the Waymo AV.
Waymo is reporting this crash under Request No. 2 of Standing General Order 2021-01. Waymo may supplement or correct its reporting with additional information as it may become available.", ,False,90006,LOS_ANGELES,All Others,False,True,prior_june16,True,True,True,False,False,False,True,False,False,True,True,False
30270-10117,1,Waymo LLC,5-Day,,,MAR-2025,SADHW2S10R1, ,,Jaguar,I-PACE, ,2024.0, ,61fd77a56acc72d,45851.0, ,,5th Generation ADS, , ,5th Generation, , ,Version 9, , ,, ,Y,,, ,Y,Yes (specify below),"CA DMV, CA PUC",Yes,ADS,Waymo LLC, , ,Y, , , , , ,,FEB-2025, ,FEB-2025,19:57, ,c9071aa23149df4,[MAY CONTAIN PERSONALLY IDENTIFIABLE INFORMATION], ,[MAY CONTAIN PERSONALLY IDENTIFIABLE INFORMATION], ,[MAY CONTAIN PERSONALLY IDENTIFIABLE INFORMATION], ,Los Angeles, ,CA ,[MAY CONTAIN PERSONALLY IDENTIFIABLE INFORMATION], ,Street,Dry,No Unusual Conditions,25.0, ,Dark - Lighted,Y, , , , , , , ,,Passenger Car,No Injuries Reported,Yes,Proceeding Straight,Yes,No, , , , , ,Y, , ,Y, , ,Stopped,No,Yes,Yes,3.0, , , , ,Y, , ,Y, , , , , , ,Y, ,Y,Y, , ,No,, ,Yes,, ,, ,, ,Yes, ,"On February [XXX], 2025 at 7:57 PM PT a Waymo Autonomous Vehicle (""Waymo AV"") operating in Los Angeles, California was in a collision involving a passenger car on [XXX]. 
The Waymo AV was traveling southeast bound on [XXX] and was slowing for a queue of traffic stopped for red traffic light. A passenger car traveling southeastbound on [XXX] approached the Waymo AV from behind, and the front of the passenger car made contact with the rear of the Waymo AV. At the time of the impact, the Waymo AV's Level 4 ADS was engaged in autonomous mode. Both vehicles sustained damage.
Waymo is reporting this crash under Request No. 1 of Standing General Order 2021-01 because a vehicle involved was towed away and a vehicle involved was of airbag deployment. Waymo may supplement or correct its reporting with additional information as it may become available.", ,False,90012,LOS_ANGELES,V2V F2R,False,False,prior_june16,True,True,False,False,True,True,True,False,False,True,False,True
30270-10118,1,Waymo LLC,5-Day,,,MAR-2025,SADHW2S1XR1, ,,Jaguar,I-PACE, ,2024.0, ,74c0f789e07e92e,37635.0, ,,5th Generation ADS, , ,5th Generation, , ,Version 9, , ,, ,Y,,, ,Y,Yes (specify below),"CA DMV, CA PUC",Yes,ADS,Waymo LLC, , ,Y, , , , , ,,MAR-2025, ,MAR-2025,13:14, ,68fe277ed2ee205,[MAY CONTAIN PERSONALLY IDENTIFIABLE INFORMATION], ,[MAY CONTAIN PERSONALLY IDENTIFIABLE INFORMATION], ,[MAY CONTAIN PERSONALLY IDENTIFIABLE INFORMATION], ,Los Angeles, ,CA ,[MAY CONTAIN PERSONALLY IDENTIFIABLE INFORMATION], ,Street,Dry,No Unusual Conditions,25.0, ,Daylight, , ,Y, , , , , ,,Heavy Truck,No Injuries Reported,Yes,Proceeding Straight,No,No, ,Y, , , , , , , , , ,Stopped,No,Yes,No Passengers in Vehicle,0.0, ,Y, , , , , , , , , , , , ,Y, ,Y,Y, , ,No,, ,Yes,, ,, ,, ,Yes, ,"On March [XXX], 2025 at 1:14 PM PT Waymo Autonomous Vehicle (""Waymo AV"") operating in Los Angeles, California was in a collision involving a heavy truck on[XXX]. 
The Waymo AV was traveling southbound on[XXX] with vehicles parked at the curb in both directions. A heavy truck traveling southbound on [XXX]made a right turn onto [XXX] crossing the center line into the lane the Waymo AV was traveling in. The Waymo AV stopped for the heavy truck traveling northbound on[XXX]. As the heavy truck passed the stationary Waymo AV the left side of the bed of the heavy truck made contact with the rear left side of the Waymo AV. At the time of the impact, the Waymo AV's Level 4 ADS was engaged in autonomous mode. The Waymo AV sustained damage.
Waymo is reporting this crash under Request No. 1 of Standing General Order 2021-01 because a vehicle involved was towed away. Waymo may supplement or correct its reporting with additional information as it may become available.", ,False,90013,LOS_ANGELES,V2V Head-on,False,False,prior_june16,True,True,False,False,False,True,True,False,False,True,False,True