Report ID,Report Version,Reporting Entity,Report Type,Report Month,Report Year,Report Submission Date,VIN,VIN - Unknown,Serial Number,Make,Model,Model - Unknown,Model Year,Model Year - Unknown,Same Vehicle ID,Mileage,Mileage - Unknown,Driver / Operator Type,ADAS/ADS System Version,ADAS/ADS System Version - Unk,ADAS/ADS System Version CBI,ADAS/ADS Hardware Version,ADAS/ADS Hardware Version - Unk,ADAS/ADS Hardware Version CBI,ADAS/ADS Software Version,ADAS/ADS Software Version - Unk,ADAS/ADS Software Version CBI,Other Reporting Entities?,Other Reporting Entities? - Unk,Other Reporting Entities? - NA,Federal Regulatory Exemption?,Other Federal Reg. Exemption,Federal Reg. Exemption - Unk,Federal Reg. Exemption - No,State or Local Permit?,State or Local Permit,ADS Equipped?,Automation System Engaged?,Operating Entity,Operating Entity - Unknown,Source - Complaint/Claim,Source - Telematics,Source - Law Enforcement,Source - Field Report,Source - Testing,Source - Media,Source - Other,Source - Other Text,Incident Date,Incident Date - Unknown,Notice Received Date,Incident Time (24:00),Incident Time - Unknown,Same Incident ID,Latitude,Latitude - Unknown,Longitude,Longitude - Unknown,Address,Address - Unknown,City,City - Unknown,State,Zip Code,Zip Code - Unknown,Roadway Type,Roadway Surface,Roadway Description,Posted Speed Limit (MPH),Posted Speed Limit - Unknown,Lighting,Weather - Clear,Weather - Snow,Weather - Cloudy,Weather - Fog/Smoke,Weather - Rain,Weather - Severe Wind,Weather - Unknown,Weather - Other,Weather - Other Text,Crash With,Highest Injury Severity Alleged,Property Damage?,CP Pre-Crash Movement,CP Any Air Bags Deployed?,CP Was Vehicle Towed?,CP Contact Area - Rear Left,CP Contact Area - Left,CP Contact Area - Front Left,CP Contact Area - Rear,CP Contact Area - Top,CP Contact Area - Front,CP Contact Area - Rear Right,CP Contact Area - Right,CP Contact Area - Front Right,CP Contact Area - Bottom,CP Contact Area - Unknown,SV Pre-Crash Movement,SV Any Air Bags Deployed?,SV Was Vehicle Towed?,SV Were All Passengers Belted?,SV Precrash Speed (MPH),SV Pre-crash Speed - Unknown,SV Contact Area - Rear Left,SV Contact Area - Left,SV Contact Area - Front Left,SV Contact Area - Rear,SV Contact Area - Top,SV Contact Area - Front,SV Contact Area - Rear Right,SV Contact Area - Right,SV Contact Area - Front Right,SV Contact Area - Bottom,SV Contact Area - Unknown,Data Availability - EDR,Data Availability - Police Rpt,Data Availability - Telematics,Data Availability - Complaints,Data Availability - Video,Data Availability - Other,Data Availability - No Data,Data Availability - Unknown,Law Enforcement Investigating?,Investigating Agency,Investigating Agency - Unknown,Rep Ent Or Mfr Investigating?,Investigating Officer Name,Inv. Officer Name - Unknown,Investigating Officer Phone,Inv. Officer Phone - Unknown,Investigating Officer Email,Inv. Officer Email - Unknown,Within ODD?,Within ODD? - CBI,Narrative,Narrative - CBI?,hub_delta_v_less_than_1mph,hub_zip_code,hub_location,hub_crash_type,hub_is_police_reported,hub_is_any_injury_reported,data_period,reportable_v2,reportable_v3,filter_has_injury,filter_is_vru,filter_has_airbag,filter_has_tow,filter_is_5day_trigger,filter_is_single_vehicle,filter_waymo_struck_another,filter_deltav_over_1mph,filter_waymo_was_moving,filter_waymo_was_stationary
30270-10714,1,Waymo LLC,Monthly,4.0,2025.0,MAY-2025,SADHW2S1XR1, ,,Jaguar,I-Pace, ,2024.0, ,aca840db6563bbb,4676.0, ,,5th Generation ADS, , ,5th Generation, , ,Version 9, , ,, ,Y,,, ,Y,Yes (specify below),"CA DMV, CA PUC",Yes,ADS,Waymo LLC, , ,Y, , , , , ,,APR-2025, ,APR-2025,16:14, ,5bfa8081ac63312,[MAY CONTAIN PERSONALLY IDENTIFIABLE INFORMATION], ,[MAY CONTAIN PERSONALLY IDENTIFIABLE INFORMATION], ,[MAY CONTAIN PERSONALLY IDENTIFIABLE INFORMATION], ,San Francisco, ,CA ,[MAY CONTAIN PERSONALLY IDENTIFIABLE INFORMATION], ,Street,Dry,No Unusual Conditions,25.0, ,Daylight,Y, , , , , , , ,,Passenger Car,No Injuries Reported,Yes,Parking Maneuver,No,No, , ,Y, , , , , , , , ,Passing,No,No,Yes,4.0, , , ,Y, , , , , , , , , , ,Y, ,Y,Y, , ,Yes,San Francisco Police Department, ,Yes,[MAY CONTAIN PERSONALLY IDENTIFIABLE INFORMATION], ,[MAY CONTAIN PERSONALLY IDENTIFIABLE INFORMATION], ,,Y,Yes, ,"On April [XXX], 2025 at 4:14 PM PT a Waymo Autonomous Vehicle (""Waymo AV"") operating in San Francisco, California was in a collision involving a passenger car on [XXX] near [XXX]. 
The Waymo AV was traveling eastbound on a narrow portion of [XXX] when it came to a stop yielding to a passenger car that was stopped with hazard lights on in-lane facing east on [XXX]. As the Waymo AV maneuvered partially into the opposing lane to pass to the left of  the stopped passenger car, another passenger car facing west on [XXX] that was attempting to parallel park reversed and the front driver side of the passenger car made contact with the front driver side of the Waymo AV. At the time of the impact, the Waymo AV's Level 4 ADS was engaged in autonomous mode. Both vehicles sustained damage.
Waymo is reporting this crash under Request No. 2 of Standing General Order 2021-01. Waymo may supplement or correct its reporting with additional information as it may become available.", ,True,94113,SAN_FRANCISCO,V2V Backing,True,False,prior_june16,True,True,False,False,False,False,False,False,True,False,True,False
30270-10727,1,Waymo LLC,Monthly,4.0,2025.0,MAY-2025,SADHW2S14R1, ,,Jaguar,I-Pace, ,2024.0, ,58fc028660eda5f,35114.0, ,,5th Generation ADS, , ,5th Generation, , ,Version 9, , ,, ,Y,,, ,Y,Yes (specify below),"CA DMV, CA PUC",Yes,ADS,Waymo LLC, , ,Y, , , , , ,,FEB-2025, ,APR-2025,06:11, ,d60f0a7874550b0,[MAY CONTAIN PERSONALLY IDENTIFIABLE INFORMATION], ,[MAY CONTAIN PERSONALLY IDENTIFIABLE INFORMATION], ,[MAY CONTAIN PERSONALLY IDENTIFIABLE INFORMATION], ,San Francisco, ,CA ,[MAY CONTAIN PERSONALLY IDENTIFIABLE INFORMATION], ,Street,Dry,No Unusual Conditions,30.0, ,Dark - Lighted,Y, , , , , , , ,,"Other, see Narrative",No Injuries Reported,No,"Other, see Narrative",Not Applicable,Not Applicable, , , , , , , , , , ,Y,Proceeding Straight,No,No,No Passengers in Vehicle,19.0, , , , , , , , , ,Y, , , , ,Y, ,Y,Y, , ,No,, ,Yes,, ,, ,, ,Yes, ,"On February [XXX], 2025 at 6:11 AM PT a Waymo Autonomous Vehicle (""Waymo AV"") operating in San Francisco was in a collision involving debris on [XXX] near [XXX]. 
The Waymo AV was traveling northbound in the leftmost lane on [XXX] when the front passenger side tire of the Waymo AV made contact with a piece of debris that was in the roadway, causing the Waymo AV to slow to a stop. The passenger car traveling directly behind the Waymo AV also slowed to a stop, causing a second passenger car traveling behind the first passenger car to also slow. While the second passenger car was slowing, a third passenger car traveling behind the second passenger car began to merge into the center lane and the front driver side of the third passenger car made contact with the rear passenger side of the second passenger car. At the time of the impact, the Waymo AV's Level 4 ADS was engaged in autonomous mode. The second and third passenger cars sustained damage. 
Waymo is reporting this crash under Request No. 2 of Standing General Order 2021-01. Waymo may supplement or correct its reporting with additional information as it may become available.", ,True,,SAN_FRANCISCO,Single Vehicle,False,False,prior_june16,True,True,False,False,False,False,False,False,True,False,True,False
30270-10746,1,Waymo LLC,5-Day,,,MAY-2025,SADHW2S11R1, ,[MAY CONTAIN PERSONALLY IDENTIFIABLE INFORMATION],Jaguar,I-PACE, ,2024.0, ,8aa8c53bfbf4a75,3909.0, ,,5th Generation ADS, , ,5th Generation, , ,Version 9, , ,, ,Y,,, ,Y,Yes (specify below),"CA DMV, CA PUC",Yes,ADS,Waymo LLC, , ,Y, , , , , ,,MAY-2025, ,MAY-2025,17:27, ,912fe10da529c31,[MAY CONTAIN PERSONALLY IDENTIFIABLE INFORMATION], ,[MAY CONTAIN PERSONALLY IDENTIFIABLE INFORMATION], ,[MAY CONTAIN PERSONALLY IDENTIFIABLE INFORMATION], ,San Francisco, ,CA ,[MAY CONTAIN PERSONALLY IDENTIFIABLE INFORMATION], ,Street,Dry,No Unusual Conditions,25.0, ,Daylight,Y, , , , , , , ,,Pickup Truck,No Injuries Reported,Yes,Proceeding Straight,No,No, ,Y, , , , , , , , , ,Stopped,No,Yes,No Passengers in Vehicle,0.0, ,Y, , , , , , , , , , , , ,Y, ,Y,Y, , ,No,, ,Yes,, ,, ,, ,Yes, ,"On May [XXX], 2025 at 5:27 PM PT a Waymo Autonomous Vehicle (""Waymo AV"") operating in San Francisco, California was in a collision involving a pickup truck on [XXX] near [XXX]. 
The Waymo AV was traveling southbound on a narrow portion of [XXX] with vehicles parked on both sides when it came to a stop to yield to a pickup truck traveling northbound on [XXX]. As the pickup truck passed the stationary Waymo AV, the driver side of the pickup truck made contact with the rear driver side of the Waymo AV. At the time of the impact, the Waymo AV's Level 4 ADS was engaged in autonomous mode. Both vehicles sustained damage.
Waymo is reporting this crash under Request No. 1 of Standing General Order 2021-01 because a vehicle involved was towed away. Waymo may supplement or correct its reporting with additional information as it may become available.", ,True,94110,SAN_FRANCISCO,V2V Head-on,False,False,prior_june16,True,True,False,False,False,True,True,False,False,False,False,True
30270-10768,2,Waymo LLC,10-Day Update,,,MAY-2025,SADHW2S19R1, ,,Jaguar,I-Pace, ,2024.0, ,9ff684673df8aff,11932.0, ,,5th Generation ADS, , ,5th Generation, , ,Version 9, , ,, ,Y,,, ,Y,Yes (specify below),"CA DMV, CA PUC",Yes,ADS,Waymo LLC, , ,Y, , , , , ,,MAY-2025, ,MAY-2025,20:00, ,3bed82ec870ce9c,[MAY CONTAIN PERSONALLY IDENTIFIABLE INFORMATION], ,[MAY CONTAIN PERSONALLY IDENTIFIABLE INFORMATION], ,[MAY CONTAIN PERSONALLY IDENTIFIABLE INFORMATION], ,Los Angeles, ,CA ,[MAY CONTAIN PERSONALLY IDENTIFIABLE INFORMATION], ,Intersection,Dry,No Unusual Conditions,25.0, ,Dawn / Dusk,Y, , , , , , , ,,Non-Motorist: Cyclist,Minor,No,NM Crossing Roadway,,, , , , , , , , , , , ,Making Left Turn,No,No,No Passengers in Vehicle,3.0, , , , , , , , , ,Y, , , , ,Y, ,Y,Y, , ,No,, ,Yes,, ,, ,, ,Yes, ,"The content of this report is unchanged from the initial report submitted on May 13, 2025 [REDACTED, MAY CONTAIN CONFIDENTIAL BUSINESS INFORMATION]. 
On May [XXX], 2025 at 8:00 PM PT a Waymo Autonomous Vehicle (""Waymo AV"") operating in Los Angeles, California was in a collision involving a cyclist on [XXX] at [XXX]. 
The Waymo AV came to a stop facing westbound on [XXX] at a stop sign at the intersection at [XXX] in a location where vegetation to the left of the AV created occlusion of the approaching near-side sidewalk. After coming to a stop at the stop line, the Waymo AV began moving forward into the intersection at [XXX] when a cyclist that had been traveling northwest on the near-side sidewalk along [XXX] entered the crosswalk and the front tire of the bike made contact with the front driver side of the Waymo AV. The cyclist fell to the ground.  At the time of the impact, the Waymo AV's Level 4 ADS was engaged in autonomous mode. The cyclist later informed Waymo of a minor injury.
Waymo is reporting this crash under Request No. 1 of Standing General Order 2021-01 because a vulnerable road user influenced the driving task of a vehicle involved. Waymo may supplement or correct its reporting with additional information as it may become available.", ,False,90291,LOS_ANGELES,Cyclist,False,True,prior_june16,True,True,True,True,False,False,True,False,True,True,True,False
30270-10775,1,Waymo LLC,5-Day,,,MAY-2025,SADHW2S19R1, ,,Jaguar,I-PACE, ,2024.0, ,99792a5987d8ed0,40508.0, ,,5th Generation ADS, , ,5th Generation, , ,Version 9, , ,, ,Y,,, ,Y,Yes (specify below),"CA DMV, CA PUC",Yes,ADS,Waymo LLC, , ,Y, , , , , ,,MAY-2025, ,MAY-2025,04:18, ,a4221254ea9e123,[MAY CONTAIN PERSONALLY IDENTIFIABLE INFORMATION], ,[MAY CONTAIN PERSONALLY IDENTIFIABLE INFORMATION], ,[MAY CONTAIN PERSONALLY IDENTIFIABLE INFORMATION], ,San Francisco, ,CA ,[MAY CONTAIN PERSONALLY IDENTIFIABLE INFORMATION], ,Street,Dry,No Unusual Conditions,25.0, ,Dark - Lighted,Y, , , , , , , ,,Passenger Car,No Injuries Reported,Yes,Proceeding Straight,No,No, , , , , ,Y, , , , , ,Stopped,No,Yes,No Passengers in Vehicle,0.0, , , , ,Y, , , , , , , , , ,Y, ,Y,Y, , ,Yes,San Francisco Police Department, ,Yes,[MAY CONTAIN PERSONALLY IDENTIFIABLE INFORMATION], ,,Y,,Y,Yes, ,"On May [XXX], 2025 at 4:18 AM PT a Waymo Autonomous Vehicle (""Waymo AV"") operating in San Francisco, California was in a collision involving a passenger car on [XXX] at [XXX]. 
The Waymo AV was stopped facing south on [XXX] in the rightmost lane for a red light at the intersection of [XXX]. While the Waymo AV remained stopped for the red light, a passenger car approached the Waymo AV from behind and the front of the passenger car made contact with the rear of the stationary Waymo AV. At the time of the impact, the Waymo AV's Level 4 ADS was engaged in autonomous mode. Both vehicles sustained damage.
Waymo is reporting this crash under Request No. 1 of Standing General Order 2021-01 because a vehicle involved was towed away. Waymo may supplement or correct its reporting with additional information as it may become available.", ,False,94110,SAN_FRANCISCO,V2V F2R,True,False,prior_june16,True,True,False,False,False,True,True,False,False,True,False,True
30270-10776,1,Waymo LLC,5-Day,,,MAY-2025,SADHW2S19R1, ,,Jaguar,I-PACE, ,2024.0, ,4397efdcc60adba,7255.0, ,,5th Generation ADS, , ,5th Generation, , ,Version 9, , ,, ,Y,,, ,Y,Yes (specify below),"CA DMV, CA PUC",Yes,ADS,Waymo LLC, , ,Y, , , , , ,,MAY-2025, ,MAY-2025,22:38, ,dd7979d22b5c160,[MAY CONTAIN PERSONALLY IDENTIFIABLE INFORMATION], ,[MAY CONTAIN PERSONALLY IDENTIFIABLE INFORMATION], ,[MAY CONTAIN PERSONALLY IDENTIFIABLE INFORMATION], ,San Francisco, ,CA ,[MAY CONTAIN PERSONALLY IDENTIFIABLE INFORMATION], ,Street,Dry,No Unusual Conditions,25.0, ,Dark - Lighted,Y, , , , , , , ,,Heavy Truck,No Injuries Reported,Yes,Proceeding Straight,No,No, ,Y,Y, , , , , , , , ,Proceeding Straight,No,Yes,Yes,3.0, ,Y,Y,Y, , , , , , , , , , ,Y, ,Y,Y, , ,Yes,San Francisco Police Department, ,Yes,[MAY CONTAIN PERSONALLY IDENTIFIABLE INFORMATION], ,,Y,,Y,Yes, ,"On May [XXX], 2025 at 10:38 PM PT a Waymo Autonomous Vehicle (""Waymo AV"") operating in San Francisco, California was in a collision involving a heavy truck on [XXX] near [XXX]. 
The Waymo AV was traveling westbound on [XXX]. The heavy truck traveling eastbound on [XXX] began maneuvering left into the path of the Waymo AV and the Waymo AV came to a stop. The truck continued and the front driver side of the heavy truck made contact with the front driver side of the Waymo AV. The heavy truck then reversed and proceeded eastbound. As the heavy truck passed the stationary Waymo AV, it made contact with the driver side of the stationary Waymo AV. At the time of the impact, the Waymo AV's Level 4 ADS was engaged in autonomous mode. The Waymo AV sustained damage.
Waymo is reporting this crash under Request No. 1 of Standing General Order 2021-01 because a vehicle involved was towed away. Waymo may supplement or correct its reporting with additional information as it may become available.", ,False,94103,SAN_FRANCISCO,V2V Head-on,True,False,prior_june16,True,True,False,False,False,True,True,False,True,True,True,False
30270-10837,1,Waymo LLC,5-Day,,,MAY-2025,SADHW2S10R1, ,,Jaguar,I-Pace, ,2024.0, ,667985e3549b9f4,10496.0, ,In-Vehicle (Commercial / Test),5th Generation ADS, , ,5th Generation, , ,Version 9, , ,Transdev Alternative Services, , ,,, ,Y,Yes (specify below),"CA DMV, CA PUC",Yes,ADS,Waymo LLC, , ,Y, , , , , ,,MAY-2025, ,MAY-2025,06:54, ,72018a3ed847e4a,[MAY CONTAIN PERSONALLY IDENTIFIABLE INFORMATION], ,[MAY CONTAIN PERSONALLY IDENTIFIABLE INFORMATION], ,[MAY CONTAIN PERSONALLY IDENTIFIABLE INFORMATION], ,Los Angeles, ,CA ,[MAY CONTAIN PERSONALLY IDENTIFIABLE INFORMATION], ,Street,Dry,No Unusual Conditions,40.0, ,Daylight,Y, , , , , , , ,,Passenger Car,No Injuries Reported,Yes,Passing,No,No, , , , , , , , ,Y, , ,Stopped,No,Yes,Yes,0.0, ,Y, , , , , , , , , , , , ,Y, ,Y,Y, , ,No,, ,Yes,, ,, ,, ,Yes, ,"On May [XXX], 2025 at 6:54 AM PT a Waymo Autonomous Vehicle (""Waymo AV"") operating in Los Angeles, California was in a collision involving a passenger car on [XXX] near [XXX]. 
The Waymo AV was in autonomous mode traveling northeast on [XXX] in the right lane. As the Waymo AV reached the intersection with [XXX], a dog entered the roadway from the southeast sidewalk. The Waymo AV began braking and then the test driver assumed manual control of the Waymo AV and continued braking. As the Waymo AV came to a stop, the dog continued to cross in front of the Waymo AV. A passenger car traveling behind the Waymo AV swerved to the left, and the front passenger side of the passenger car made contact with the rear driver side of the Waymo AV. Following the initial contact, the passenger car continued into the lane to the left of the Waymo AV, struck the dog, and then came to a stop in the left lane. The dog then left the scene. At the time of the impact, the Waymo AV's Level 4 ADS was not engaged and a test driver was operating the Waymo AV in manual mode. Both vehicles sustained damage.
Waymo is reporting this crash under Request No. 1 of Standing General Order 2021-01 because a vehicle involved was towed away. Waymo may supplement or correct its reporting with additional information as it may become available.", ,,,,,,,prior_june16,True,True,False,False,False,True,True,False,False,False,False,True
30270-10838,1,Waymo LLC,5-Day,,,MAY-2025,SADHW2S10R1, ,,Jaguar,I-Pace, ,2024.0, ,597501ee2911576,26382.0, ,,5th Generation ADS, , ,5th Generation, , ,Version 9, , ,, ,Y,,, ,Y,Yes (specify below),"CA DMV, CA PUC",Yes,ADS,Waymo LLC, , ,Y, , , , , ,,MAY-2025, ,MAY-2025,13:52, ,d79d6f7be18d89f,[MAY CONTAIN PERSONALLY IDENTIFIABLE INFORMATION], ,[MAY CONTAIN PERSONALLY IDENTIFIABLE INFORMATION], ,[MAY CONTAIN PERSONALLY IDENTIFIABLE INFORMATION], ,San Francisco, ,CA ,[MAY CONTAIN PERSONALLY IDENTIFIABLE INFORMATION], ,Intersection,Dry,No Unusual Conditions,25.0, ,Daylight,Y, , , , , , , ,,Heavy Truck,No Injuries Reported,Yes,Making Left Turn,No,No, , , , , , ,Y, , , , ,Stopped,No,Yes,No Passengers in Vehicle,0.0, , ,Y, , , , , , , , , , , ,Y, ,Y,Y, , ,No,, ,Yes,, ,, ,, ,Yes, ,"On May [XXX], 2025 at 1:52 PM PT a Waymo Autonomous Vehicle (""Waymo AV"") operating in San Francisco, California was in a collision involving a heavy truck on [XXX] at [XXX]. 
The Waymo AV was stopped facing northwest on [XXX] at a red light with the left turn signal activated, preparing to make a left turn onto [XXX]. A heavy truck approached the Waymo AV from behind and maneuvered around the stationary Waymo AV to make a left turn onto [XXX]. As the light on [XXX] turned green the heavy truck stopped momentarily and then proceeded to turn left. The rear passenger side of the heavy truck made contact with the driver side of the Waymo AV. At the time of the impact, the Waymo AV's Level 4 ADS was engaged in autonomous mode. The Waymo AV sustained damage.
Waymo is reporting this crash under Request No. 1 of Standing General Order 2021-01 because a vehicle involved was towed away. Waymo may supplement or correct its reporting with additional information as it may become available.", ,True,94103,SAN_FRANCISCO,V2V Lateral,False,False,prior_june16,True,True,False,False,False,True,True,False,False,False,False,True
30270-10854,1,Waymo LLC,5-Day,,,MAY-2025,SADHW2S19R1, ,,Jaguar,I-PACE, ,2024.0, ,a64814bf1ec68ee,46884.0, ,,5th Generation ADS, , ,5th Generation, , ,Version 9, , ,, ,Y,,, ,Y,Yes (specify below),"CA DMV, CA PUC",Yes,ADS,Waymo LLC, , ,Y, , , , , ,,MAY-2025, ,MAY-2025,15:15, ,54d130a878bc341,[MAY CONTAIN PERSONALLY IDENTIFIABLE INFORMATION], ,[MAY CONTAIN PERSONALLY IDENTIFIABLE INFORMATION], ,[MAY CONTAIN PERSONALLY IDENTIFIABLE INFORMATION], ,San Francisco, ,CA ,[MAY CONTAIN PERSONALLY IDENTIFIABLE INFORMATION], ,Street,Dry,No Unusual Conditions,25.0, ,Daylight,Y, , , , , , , ,,SUV,No Injuries Reported,Yes,Proceeding Straight,No,No, , , , , , , ,Y, , , ,Stopped,No,Yes,"No, see Narrative",0.0, ,Y, , , , , , , , , , , , ,Y, ,Y,Y, , ,No,, ,Yes,, ,, ,, ,Yes, ,"On May [XXX], 2025 at 3:15 PM PT a Waymo Autonomous Vehicle (""Waymo AV"") operating in San Francisco, California was in a collision involving an SUV on [XXX] near [XXX]. 
The Waymo AV was traveling westbound on [XXX] and came to a stop partially in-lane for a passenger drop-off. An SUV traveling westbound on [XXX] passed the Waymo AV and the passenger side of the SUV made contact with the rear driver side of the Waymo AV. At the time of the impact, the Waymo AV's Level 4 ADS was engaged in autonomous mode. Both vehicles sustained damage. The passenger in the Waymo AV was not belted at the time of the collision, which occurred at the end of the trip.
Waymo is reporting this crash under Request No. 1 of Standing General Order 2021-01 because a vehicle involved was towed away. Waymo may supplement or correct its reporting with additional information as it may become available.", ,True,94110,SAN_FRANCISCO,V2V Lateral,False,False,prior_june16,True,True,False,False,False,True,True,False,False,False,False,True
30270-10857,1,Waymo LLC,5-Day,,,MAY-2025,SADHW2S18R1, ,,Jaguar,I-Pace, ,2024.0, ,2fbc0f5aa555048,48662.0, ,,5th Generation ADS, , ,5th Generation, , ,Version 9, , ,, ,Y,,, ,Y,Yes (specify below),"CA DMV, CA PUC",Yes,ADS,Waymo LLC, , ,Y, , , , , ,,MAY-2025, ,MAY-2025,13:57, ,6883b070cc5e15d,[MAY CONTAIN PERSONALLY IDENTIFIABLE INFORMATION], ,[MAY CONTAIN PERSONALLY IDENTIFIABLE INFORMATION], ,[MAY CONTAIN PERSONALLY IDENTIFIABLE INFORMATION], ,San Francisco, ,CA ,[MAY CONTAIN PERSONALLY IDENTIFIABLE INFORMATION], ,Street,Dry,No Unusual Conditions,30.0, ,Daylight,Y, , , , , , , ,,SUV,No Injuries Reported,Yes,"Other, see Narrative",Yes,Yes, , , , ,Y, , , , , , ,Proceeding Straight,No,Yes,Yes,19.0, , , , , , , , , ,Y, , , , ,Y, ,Y,Y, , ,Yes,San Francisco Police Department, ,Yes,[MAY CONTAIN PERSONALLY IDENTIFIABLE INFORMATION], ,[MAY CONTAIN PERSONALLY IDENTIFIABLE INFORMATION], ,,Y,Yes, ,"On May [XXX], 2025 at 1:57 PM PT a Waymo Autonomous Vehicle (""Waymo AV"") operating in San Francisco, California was in a collision involving a passenger car on [XXX] near [XXX]. 
The Waymo AV was traveling westbound on [XXX] in the second to right lane, when a passenger car traveling westbound in the rightmost lane ahead of the Waymo AV made contact with a car parked at the curb. The passenger car then rolled onto its driver side and pivoted into the Waymo AV's lane of travel, making contact with the front passenger side of the Waymo AV. At the time of the impact, the Waymo AV's Level 4 ADS was engaged in autonomous mode. Both vehicles sustained damage.
Waymo is reporting this crash under Request No. 1 of Standing General Order 2021-01 because a vehicle involved was towed away. Waymo may supplement or correct its reporting with additional information as it may become available.", ,False,94117,SAN_FRANCISCO,Secondary Crash,True,False,prior_june16,True,True,False,False,True,True,True,False,True,True,True,False
30270-10858,1,Waymo LLC,5-Day,,,MAY-2025,SADHW2S15R1, ,,Jaguar,I-Pace, ,2024.0, ,da1c07fbe9f0399,15621.0, ,,5th Generation ADS, , ,5th Generation, , ,Version 9, , ,, ,Y,,, ,Y,Yes (specify below),"CA DMV, CA PUC",Yes,ADS,Waymo LLC, , ,Y, , , , , ,,MAY-2025, ,MAY-2025,08:24, ,4e15b4d932979b5,[MAY CONTAIN PERSONALLY IDENTIFIABLE INFORMATION], ,[MAY CONTAIN PERSONALLY IDENTIFIABLE INFORMATION], ,[MAY CONTAIN PERSONALLY IDENTIFIABLE INFORMATION], ,San Francisco, ,CA ,[MAY CONTAIN PERSONALLY IDENTIFIABLE INFORMATION], ,Street,Dry,No Unusual Conditions,25.0, ,Daylight,Y, , , , , , , ,,Passenger Car,No Injuries Reported,Yes,Making Right Turn,No,No,Y, , , , , , , , , , ,Making Right Turn,No,Yes,No Passengers in Vehicle,2.0, ,Y, , , , , , , , , , , , ,Y, ,Y,Y, , ,Yes,San Francisco Police Department, ,Yes,[MAY CONTAIN PERSONALLY IDENTIFIABLE INFORMATION], ,,Y,,Y,Yes, ,"On May [XXX], 2025 at 8:24 AM PT a Waymo Autonomous Vehicle (""Waymo AV"") operating in San Francisco, California was in a collision involving a passenger car on [XXX] at [XXX]. 
The Waymo AV was stopped facing west on [XXX] for a stop sign at the intersection with [XXX]. As the Waymo AV began to turn right onto [XXX], a passenger car facing north on [XXX] made a right turn onto [XXX] and made contact with a car parked at the south curb. The rear driver side of the passenger car then made contact with the rear driver side of the Waymo AV. At the time of the impact, the Waymo AV's Level 4 ADS was engaged in autonomous mode. Both vehicles sustained damage.
Waymo is reporting this crash under Request No. 1 of Standing General Order 2021-01 because a vehicle involved was towed away. Waymo may supplement or correct its reporting with additional information as it may become available.", ,False,94110,SAN_FRANCISCO,Secondary Crash,True,False,prior_june16,True,True,False,False,False,True,True,False,True,True,True,False
30270-10865,1,Waymo LLC,5-Day,,,MAY-2025,SADHW2S12M1, ,,Jaguar,I-Pace, ,2021.0, ,0abdc3e3d684a4f,155752.0, ,,5th Generation ADS, , ,5th Generation, , ,Version 9, , ,, ,Y,,, ,Y,Yes (specify below),"CA DMV, CA PUC",Yes,ADS,Waymo LLC, , ,Y, , , , , ,,MAY-2025, ,MAY-2025,08:50, ,3f78497ddd69a49,[MAY CONTAIN PERSONALLY IDENTIFIABLE INFORMATION], ,[MAY CONTAIN PERSONALLY IDENTIFIABLE INFORMATION], ,[MAY CONTAIN PERSONALLY IDENTIFIABLE INFORMATION], ,San Francisco, ,CA ,[MAY CONTAIN PERSONALLY IDENTIFIABLE INFORMATION], ,Street,Dry,No Unusual Conditions,25.0, ,Daylight,Y, , , , , , , ,,"Other, see Narrative",No Injuries Reported,Yes,"Other, see Narrative",Not Applicable,Not Applicable, , , , , , , , , , ,Y,Proceeding Straight,No,Yes,No Passengers in Vehicle,9.0, , , , , , , , , , ,Y, , , ,Y, ,Y,Y, , ,No,, ,Yes,, ,, ,, ,Yes, ,"On May [XXX], 2025 at 8:50 AM PT a Waymo Autonomous Vehicle (""Waymo AV"") operating in San Francisco, California was in a collision involving the curb at the parking garage exit at [XXX]. 
The Waymo AV was exiting the parking garage facing northbound at [XXX] and turning onto [XXX] when the bottom of the Waymo AV made contact with the curb adjacent to the driveway. At the time of the impact, the Waymo AV's Level 4 ADS was engaged in autonomous mode. The Waymo AV sustained damage.
Waymo is reporting this crash under Request No. 1 of Standing General Order 2021-01 because a vehicle involved was towed away. Waymo may supplement or correct its reporting with additional information as it may become available.", ,False,94133,SAN_FRANCISCO,All Others,False,False,prior_june16,True,True,False,False,False,True,True,False,False,True,True,False
30270-10866,1,Waymo LLC,5-Day,,,MAY-2025,SADHW2S10R1, ,,Jaguar,I-Pace, ,2024.0, ,d8b37d0763f2362,32966.0, ,,5th Generation ADS, , ,5th Generation, , ,Version 9, , ,, ,Y,,, ,Y,Yes (specify below),"CA DMV, CA PUC",Yes,ADS,Waymo LLC, , ,Y, , , , , ,,MAY-2025, ,MAY-2025,20:35, ,a55b19c4d8134d2,[MAY CONTAIN PERSONALLY IDENTIFIABLE INFORMATION], ,[MAY CONTAIN PERSONALLY IDENTIFIABLE INFORMATION], ,[MAY CONTAIN PERSONALLY IDENTIFIABLE INFORMATION], ,San Francisco, ,CA ,[MAY CONTAIN PERSONALLY IDENTIFIABLE INFORMATION], ,Intersection,Dry,No Unusual Conditions,20.0, ,Dawn / Dusk,Y, , , , , , , ,,Passenger Car,No Injuries Reported,Yes,Making Right Turn,No,No, , , , , , ,Y, , , , ,Proceeding Straight,No,Yes,Yes,9.0, , , ,Y, , , , , , , , , , ,Y, ,Y,Y, , ,No,, ,Yes,, ,, ,, ,Yes, ,"On May [XXX], 2025 at 8:35 PM PT a Waymo Autonomous Vehicle (""Waymo AV"") operating in San Francisco, California was in a collision involving a passenger car on [XXX] at [XXX]. 
The Waymo AV was traveling southbound on [XXX] in the second to the right lane, proceeding through a green light at the intersection at [XXX]. A passenger car that was stopped in traffic within the intersection facing south on [XXX] in the leftmost lane made a right turn across the Waymo AV's lane of travel to proceed southwestbound on [XXX], and the passenger side of the passenger car made contact with the front driver side of the Waymo AV. At the time of the impact, the Waymo AV's Level 4 ADS was engaged in autonomous mode. Both vehicles sustained damage.
Waymo is reporting this crash under Request No. 1 of Standing General Order 2021-01 because a vehicle involved was towed away. Waymo may supplement or correct its reporting with additional information as it may become available.", ,False,94102,SAN_FRANCISCO,V2V Intersection,False,False,prior_june16,True,True,False,False,False,True,True,False,True,True,True,False