Report ID,Report Version,Reporting Entity,Report Type,Report Month,Report Year,Report Submission Date,VIN,VIN - Unknown,Serial Number,Make,Model,Model - Unknown,Model Year,Model Year - Unknown,Same Vehicle ID,Mileage,Mileage - Unknown,Driver / Operator Type,ADAS/ADS System Version,ADAS/ADS System Version - Unk,ADAS/ADS System Version CBI,ADAS/ADS Hardware Version,ADAS/ADS Hardware Version - Unk,ADAS/ADS Hardware Version CBI,ADAS/ADS Software Version,ADAS/ADS Software Version - Unk,ADAS/ADS Software Version CBI,Other Reporting Entities?,Other Reporting Entities? - Unk,Other Reporting Entities? - NA,Federal Regulatory Exemption?,Other Federal Reg. Exemption,Federal Reg. Exemption - Unk,Federal Reg. Exemption - No,State or Local Permit?,State or Local Permit,ADS Equipped?,Automation System Engaged?,Operating Entity,Operating Entity - Unknown,Source - Complaint/Claim,Source - Telematics,Source - Law Enforcement,Source - Field Report,Source - Testing,Source - Media,Source - Other,Source - Other Text,Incident Date,Incident Date - Unknown,Notice Received Date,Incident Time (24:00),Incident Time - Unknown,Same Incident ID,Latitude,Latitude - Unknown,Longitude,Longitude - Unknown,Address,Address - Unknown,City,City - Unknown,State,Zip Code,Zip Code - Unknown,Roadway Type,Roadway Surface,Roadway Description,Posted Speed Limit (MPH),Posted Speed Limit - Unknown,Lighting,Weather - Clear,Weather - Snow,Weather - Cloudy,Weather - Fog/Smoke,Weather - Rain,Weather - Severe Wind,Weather - Unknown,Weather - Other,Weather - Other Text,Crash With,Highest Injury Severity Alleged,Property Damage?,CP Pre-Crash Movement,CP Any Air Bags Deployed?,CP Was Vehicle Towed?,CP Contact Area - Rear Left,CP Contact Area - Left,CP Contact Area - Front Left,CP Contact Area - Rear,CP Contact Area - Top,CP Contact Area - Front,CP Contact Area - Rear Right,CP Contact Area - Right,CP Contact Area - Front Right,CP Contact Area - Bottom,CP Contact Area - Unknown,SV Pre-Crash Movement,SV Any Air Bags Deployed?,SV Was Vehicle Towed?,SV Were All Passengers Belted?,SV Precrash Speed (MPH),SV Pre-crash Speed - Unknown,SV Contact Area - Rear Left,SV Contact Area - Left,SV Contact Area - Front Left,SV Contact Area - Rear,SV Contact Area - Top,SV Contact Area - Front,SV Contact Area - Rear Right,SV Contact Area - Right,SV Contact Area - Front Right,SV Contact Area - Bottom,SV Contact Area - Unknown,Data Availability - EDR,Data Availability - Police Rpt,Data Availability - Telematics,Data Availability - Complaints,Data Availability - Video,Data Availability - Other,Data Availability - No Data,Data Availability - Unknown,Law Enforcement Investigating?,Investigating Agency,Investigating Agency - Unknown,Rep Ent Or Mfr Investigating?,Investigating Officer Name,Inv. Officer Name - Unknown,Investigating Officer Phone,Inv. Officer Phone - Unknown,Investigating Officer Email,Inv. Officer Email - Unknown,Within ODD?,Within ODD? - CBI,Narrative,Narrative - CBI?,hub_delta_v_less_than_1mph,hub_zip_code,hub_location,hub_crash_type,hub_is_police_reported,hub_is_any_injury_reported,data_period,reportable_v2,reportable_v3,filter_has_injury,filter_is_vru,filter_has_airbag,filter_has_tow,filter_is_5day_trigger,filter_is_single_vehicle,filter_waymo_struck_another,filter_deltav_over_1mph,filter_waymo_was_moving,filter_waymo_was_stationary
30270-2743,2,Waymo LLC,10-Day Update,,,APR-2022,SADHW2S10M1, ,,Jaguar,I-Pace, ,2021.0, ,fc507050d262298,20050.0, ,In-Vehicle (Commercial / Test),5th Generation ADS, , ,, , ,, , ,, , ,,, , ,,,Yes,ADS,Waymo LLC, , ,Y, , , , , ,,APR-2022, ,APR-2022,14:53, ,de2cefe32ddb0ed,[MAY CONTAIN PERSONALLY IDENTIFIABLE INFORMATION], ,[MAY CONTAIN PERSONALLY IDENTIFIABLE INFORMATION], ,[MAY CONTAIN PERSONALLY IDENTIFIABLE INFORMATION], ,San Francisco, ,CA ,[MAY CONTAIN PERSONALLY IDENTIFIABLE INFORMATION], ,Intersection,Dry,No Unusual Conditions,35.0, ,Daylight,Y, , , , , , , ,,Pickup Truck,Minor,Yes,Proceeding Straight,No,No, , ,Y, , ,Y, , ,Y, , ,Proceeding Straight,No,Yes,Yes,0.0, ,Y, , ,Y, , ,Y, , , , , , ,Y, ,Y,Y, , ,Yes,San Francisco Police Department, ,Yes,[MAY CONTAIN PERSONALLY IDENTIFIABLE INFORMATION], ,,Y,,Y,Yes, ,"The content of this report is unchanged from the initial report submitted on April [XXX], 2022 [Report ID # 30270-2743-1]. 
On April [XXX], 2022 at 2:53 PM PST a Waymo Autonomous Vehicle ('Waymo AV') operating in San Francisco, California was in a collision involving a pickup truck on [XXX] at [XXX].
The Waymo AV was traveling in autonomous mode in the slip lane on northbound [XXX] at [XXX]. As the Waymo AV slowed to yield to a pedestrian pushing a shopping cart in a crosswalk, the Waymo AV test driver transitioned to manual mode and stopped the Waymo AV. The Waymo AV test driver then proceeded forward but had to yield to approaching traffic in the merge between northbound [XXX] and northbound [XXX]. As the Waymo AV came to a stop, a pickup truck traveling behind the Waymo AV then made contact with the rear of the Waymo AV. At the time of the impact, the Waymo AV's Level 4 ADS was not engaged and a test driver was operating the Waymo AV in manual mode. Both vehicles sustained minor damage.
Waymo is reporting this crash under Request No. 1 of Standing General Order 2021-01 because a vehicle involved was towed away and the Waymo AV test driver was transported from the scene for medical treatment due to reported injuries. Waymo may supplement or correct its reporting with additional information as it may become available. This report was submitted from the Pacific time zone on the required date.", ,,,,,,,prior_june16,True,True,True,False,False,True,True,False,False,False,True,False
30270-2793,2,Waymo LLC,10-Day Update,,,APR-2022,SADHW2S17M1, ,,Jaguar,I-Pace, ,2021.0, ,fcd7d30508e9fce,9310.0, ,In-Vehicle (Commercial / Test),5th Generation ADS, , ,, , ,, , ,, , ,,, , ,,,Yes,ADS,Waymo LLC, , ,Y, , , , , ,,APR-2022, ,APR-2022,02:31, ,005df94ebd26d4e,[MAY CONTAIN PERSONALLY IDENTIFIABLE INFORMATION], ,[MAY CONTAIN PERSONALLY IDENTIFIABLE INFORMATION], ,[MAY CONTAIN PERSONALLY IDENTIFIABLE INFORMATION], ,San Francisco, ,CA ,[MAY CONTAIN PERSONALLY IDENTIFIABLE INFORMATION], ,Parking Lot,Dry,No Unusual Conditions,25.0, ,Dark - Lighted,Y, , , , , , , ,,"Other, see Narrative",No Injuries Reported,Yes,"Other, see Narrative",Not Applicable,Not Applicable, , , , , , , , , , ,Y,Making Left Turn,No,Yes,Yes,9.0, , , , , , , , , , ,Y, , , ,Y, ,Y,Y, , ,No,, ,Yes,, ,, ,, ,Yes, ,"Other than the updated time zone of submission, the content of this report is unchanged from the initial report submitted on April [XXX], 2022 [Report ID # 30270-2793-1]. 
On April [XXX], 2022 at 2:31 AM PST a Waymo Autonomous Vehicle ('Waymo AV') operating in San Francisco, CA made contact with a parking lot driveway on the 200 block of [XXX]. 
The Waymo AV was traveling westbound on [XXX] in autonomous mode when it approached a parking lot on the left side of the street. As the Waymo AV turned left and into the parking lot, the Waymo AV's undercarriage made contact with the driveway pavement (the AV did not contact any vehicle or road user). At the time of the contact, the Waymo AV's Level 4 ADS was engaged in autonomous mode, and a test driver was present (in the driver's seating position). The Waymo AV sustained minor undercarriage damage.
Waymo is reporting this crash under Request No. 1 of Standing General Order 2021-01 because a vehicle involved was towed away. Waymo may supplement or correct its reporting with additional information as it may become available. This report was submitted from the Pacific time zone on the required date.", ,,,,,,,prior_june16,True,True,False,False,False,True,True,False,False,False,True,False
30270-2818,2,Waymo LLC,10-Day Update,,,MAY-2022,SADHW2S1XM1, ,,Jaguar,I-Pace, ,2021.0, ,f5166bf634e8c45,11655.0, ,In-Vehicle (Commercial / Test),5th Generation ADS, , ,, , ,, , ,, , ,,, , ,,,Yes,ADS,Waymo LLC, , ,Y, , , , , ,,APR-2022, ,APR-2022,16:36, ,71ebd2790c0a3b9,[MAY CONTAIN PERSONALLY IDENTIFIABLE INFORMATION], ,[MAY CONTAIN PERSONALLY IDENTIFIABLE INFORMATION], ,[MAY CONTAIN PERSONALLY IDENTIFIABLE INFORMATION], ,San Francisco, ,CA ,[MAY CONTAIN PERSONALLY IDENTIFIABLE INFORMATION], ,Street,Dry,No Unusual Conditions,30.0, ,Daylight,Y, , , , , , , ,,SUV,No Injuries Reported,Yes,Proceeding Straight,No,No, , ,Y, , ,Y, , , , , ,Stopped,No,Yes,Yes,0.0, , , , ,Y, , ,Y, , , , , , ,Y, ,Y,Y, , ,No,, ,Yes,, ,, ,, ,Yes, ,"The content of this report is unchanged from the initial report submitted on April [XXX], 2022 [Report ID # 30270-2818-1]. 
On April [XXX], 2022 at 4:36 PM PST a Waymo Autonomous Vehicle ('Waymo AV') operating in San Francisco, California was in a collision involving an SUV on [XXX] at [XXX]. 
The Waymo AV was in autonomous mode and traveling on westbound [XXX], when it slowed for the vehicle directly in front of the Waymo AV, which stopped shortly after passing [XXX]. Shortly after the Waymo AV came to a stop, the SUV behind the Waymo AV was rear-ended by a pickup truck, and the SUV then made contact with the rear of the Waymo AV. At the time of the impact, the Waymo AV's Level 4 ADS was engaged in autonomous mode, and a test driver was present (in the driver's seating position). Both vehicles sustained minor damage.
Waymo is reporting this crash under Request No. 1 of Standing General Order 2021-01 because a vehicle involved was towed away. Waymo may supplement or correct its reporting with additional information as it may become available. This report was submitted from the Pacific time zone on the required date.", ,,,,,,,prior_june16,True,True,False,False,False,True,True,False,False,False,False,True
30270-3011,1,Waymo LLC,Monthly,4.0,2022.0,MAY-2022,SADHW2S19M1, ,,Jaguar,I-Pace, ,2021.0, ,778fffc33261129,27380.0, ,In-Vehicle (Commercial / Test),5th Generation ADS, , ,, , ,, , ,, , ,,, , ,,,Yes,ADS,Waymo LLC, , ,Y, , , , , ,,APR-2022, ,APR-2022,06:37, ,0154ad8a3896f31,[MAY CONTAIN PERSONALLY IDENTIFIABLE INFORMATION], ,[MAY CONTAIN PERSONALLY IDENTIFIABLE INFORMATION], ,[MAY CONTAIN PERSONALLY IDENTIFIABLE INFORMATION], ,San Francisco, ,CA ,[MAY CONTAIN PERSONALLY IDENTIFIABLE INFORMATION], ,Street,Dry,No Unusual Conditions,25.0, ,Daylight,Y, , , , , , , ,,Pickup Truck,No Injuries Reported,Yes,Entering Traffic,No,No, , , , , , , , ,Y, , ,Proceeding Straight,No,No,Yes,17.0, , , ,Y, , , , , , , , , , ,Y, ,Y,Y, , ,No,, ,Yes,, ,, ,, ,Yes, ,"On April [XXX], 2022 at 6:37 AM PST a Waymo Autonomous Vehicle ('Waymo AV') operating in San Francisco, California was in a collision involving a pickup truck on [XXX] at [XXX].
The Waymo AV was proceeding straight in manual in the left lane of [XXX] (a one-way street). After passing through the [XXX] intersection, a parked pickup truck on the left side of [XXX] pulled out of the parked position and made contact with the front left fender of the passing Waymo AV. At the time of the impact, the Waymo AV's Level 4 ADS was not engaged and a test driver was operating the Waymo AV in manual mode. Both vehicles sustained minor damage.
Waymo is reporting this crash under Request No. 2 of Standing General Order 2021-01. Waymo may supplement or correct its reporting with additional information as it may become available. This report was submitted from the Pacific time zone on the required date.", ,,,,,,,prior_june16,True,True,False,False,False,False,False,False,True,False,True,False
30270-3055,2,Waymo LLC,10-Day Update,,,JUN-2022,SADHW2S10M1, ,,Jaguar,I-PACE, ,2021.0, ,783ba56d2d747d1,16836.0, ,In-Vehicle (Commercial / Test),5th Generation ADS, , ,, , ,, , ,, , ,,, , ,,,Yes,ADS,Waymo LLC, , ,Y, , , , , ,,MAY-2022, ,MAY-2022,01:16, ,237da70b740eca7,[MAY CONTAIN PERSONALLY IDENTIFIABLE INFORMATION], ,[MAY CONTAIN PERSONALLY IDENTIFIABLE INFORMATION], ,[MAY CONTAIN PERSONALLY IDENTIFIABLE INFORMATION], ,San Francisco, ,CA ,[MAY CONTAIN PERSONALLY IDENTIFIABLE INFORMATION], ,Intersection,Dry,No Unusual Conditions,25.0, ,Dark - Lighted,Y, , , , , , , ,,Motorcycle,No Injuries Reported,Yes,Proceeding Straight,No,No, , ,Y, , ,Y, , ,Y, , ,Stopped,No,No,Yes,0.0, ,Y, , , , , , , , , , , , ,Y, ,Y,Y, , ,No,, ,Yes,, ,, ,, ,Yes, ,"The content of this report is unchanged from the initial report submitted on May [XXX], 2022 [REDACTED, MAY CONTAIN CONFIDENTIAL BUSINESS INFORMATION]. 
On May [XXX], 2022 at 1:16AM PST a Waymo Autonomous Vehicle (Waymo AV) operating in San Francisco, California was in a collision involving a motorcycle on [XXX] at [XXX].
While the Waymo AV was stopped at a red light on eastbound [XXX] in the rightmost lane, a motorcycle approached the Waymo AV from behind and the front of the motorcycle made contact with the rear of the Waymo AV. At the time of the impact, the Waymo AVs Level 4 ADS was engaged in autonomous mode, and a test driver was present (in the drivers seating position). Both vehicles sustained minor damage.
Waymo is reporting this crash under Request No. 1 of Standing General Order 2021-01 because a motorcyclist was involved. Waymo may supplement or correct its reporting with additional information as it may become available. This report was submitted from the Pacific time zone on the required date.", ,,,,,,,prior_june16,True,True,False,True,False,False,True,False,False,False,False,True
30270-31,1,Waymo LLC,1-Day,,,AUG-2021,SADHW2S14M1, ,,Jaguar,I-Pace, ,2021.0, ,09f6e9bd642f040,5471.0, ,"Other, see Narrative",5th Generation ADS, , ,, , ,, , ,, , ,,, , ,,,Yes,ADS,Waymo LLC, , ,Y, , , , , ,,AUG-2021, ,AUG-2021,16:48, ,67a8aed333e7a9d,[MAY CONTAIN PERSONALLY IDENTIFIABLE INFORMATION], ,[MAY CONTAIN PERSONALLY IDENTIFIABLE INFORMATION], ,[MAY CONTAIN PERSONALLY IDENTIFIABLE INFORMATION], ,San Francisco, ,CA ,,Y,Intersection,Dry,No Unusual Conditions,25.0, ,Daylight,Y, , , , , , , ,,Non-Motorist: Cyclist,No Injuries Reported,Yes,"Other, see Narrative",Not Applicable,No, , , , , , , , , , , ,Proceeding Straight,No,No,Yes,1.0, ,Y, , , , , , , , , , , , ,Y, ,Y,Y, , ,No,, ,Yes,, ,, ,, ,Yes, ,"On August [XXX], 2021 at 4:48 PM PDT, a Waymo Autonomous Vehicle (Waymo AV) operating in San Francisco, California was struck by a bicycle at [XXX] and [XXX]. The Waymo AV had stopped at a stop sign on [XXX] and, when the intersection was clear, began to proceed westbound through the intersection with [XXX]nue. At approximately the same time, a cyclist traveling northbound ran the stop sign on [XXX]nue, began to turn right onto [XXX] but immediately veered left to continue northbound across the crosswalk on [XXX], where it struck the rear driver?s side of the Waymo AV. The cyclist stayed upright and immediately rode away, continuing northbound on [XXX]nue. The bicycle caused minor scratches and marks on the rear driver?s side bumper of the Waymo AV. The Waymo AV was operating with a driver (in the driver?s seating position), who transitioned the vehicle from autonomous to manual mode approximately 1 second before the impact occurred. At the time of impact, the Waymo AV was in manual mode. Waymo is reporting this crash under Request No. 1 of Standing General Order 2021-01 because a vulnerable road user was involved. Waymo may supplement or correct its reporting with additional information as it may become available.", ,,,,,,,prior_june16,True,True,False,True,False,False,True,False,False,False,True,False
30270-3255,2,Waymo LLC,10-Day Update,,,JUL-2022,SADHW2S16M1, ,,Jaguar,I-Pace, ,2021.0, ,ef101729afc1d68,26479.0, ,In-Vehicle (Commercial / Test),5th Generation ADS, , ,, , ,, , ,, , ,,, , ,,,Yes,ADS,Waymo LLC, , ,Y, , , , , ,,JUN-2022, ,JUN-2022,12:50, ,729291cbc185f73,[MAY CONTAIN PERSONALLY IDENTIFIABLE INFORMATION], ,[MAY CONTAIN PERSONALLY IDENTIFIABLE INFORMATION], ,[MAY CONTAIN PERSONALLY IDENTIFIABLE INFORMATION], ,San Francisco, ,CA ,[MAY CONTAIN PERSONALLY IDENTIFIABLE INFORMATION], ,Parking Lot,Dry,No Unusual Conditions,25.0, ,Daylight,Y, , , , , , , ,,"Other, see Narrative",No Injuries Reported,Yes,"Other, see Narrative",Not Applicable,Not Applicable, , , , , , , , , , ,Y,Proceeding Straight,No,Yes,Yes,9.0, , , , , , , , , , ,Y, , , ,Y, ,Y,Y, , ,No,, ,Yes,, ,, ,, ,Yes, ," A Waymo Autonomous Vehicle (""Waymo AV"") operating in San Francisco, CA made contact with a parking lot driveway.
The Waymo AV approached a parking lot on [XXX] A Waymo Autonomous Vehicle (""Waymo AV"") operating in San Francisco, CA made contact with a parking lot driveway.
The Waymo AV approached a parking lot on [XXX] between [XXX] and [XXX]. As the Waymo AV turned left and into the parking lot, the Waymo AV's undercarriage made contact with the driveway pavement (the AV did not contact any vehicle or road user). At the time of the contact, the Waymo AV's Level 4 ADS was engaged in autonomous mode, and a test driver was present (in the driver's seating position). The Waymo AV sustained minor undercarriage damage.
Waymo is reporting this crash under Request No. 1 of Standing General Order 2021-01 because a vehicle involved was towed away. Waymo may supplement or correct its reporting with additional information as it may become available. This report was submitted from the Pacific time zone on the required date.", ,,,,,,,prior_june16,True,True,False,False,False,True,True,False,False,False,True,False
30270-3323,2,Waymo LLC,10-Day Update,,,JUL-2022,SADHW2S15M1, ,,Jaguar,I-Pace, ,2021.0, ,e801f0c281cadd6,23192.0, ,In-Vehicle (Commercial / Test),5th Generation ADS, , ,, , ,, , ,, , ,,, , ,,,Yes,ADS,Waymo LLC, , ,Y, , , , , ,,JUL-2022, ,JUL-2022,15:26, ,0899b0a38f084ba,[MAY CONTAIN PERSONALLY IDENTIFIABLE INFORMATION], ,[MAY CONTAIN PERSONALLY IDENTIFIABLE INFORMATION], ,[MAY CONTAIN PERSONALLY IDENTIFIABLE INFORMATION], ,San Francisco, ,CA ,[MAY CONTAIN PERSONALLY IDENTIFIABLE INFORMATION], ,Intersection,Dry,No Unusual Conditions,25.0, ,Daylight,Y, , , , , , , ,,Passenger Car,No Injuries Reported,Yes,Proceeding Straight,No,No, , ,Y, , ,Y, , ,Y, , ,Proceeding Straight,No,Yes,Yes,3.0, , , , ,Y, , ,Y, , , , , , ,Y, ,Y,Y, , ,No,, ,Yes,, ,, ,, ,Yes, ,"The content of this report is unchanged from the initial report submitted on July [XXX], 2022 [REDACTED, MAY CONTAIN CONFIDENTIAL BUSINESS INFORMATION]. 
On July [XXX], 2022 at 3:26 PM PST a Waymo Autonomous Vehicle (Waymo AV) operating in San Francisco, CA was in a collision involving a passenger vehicle on [XXX] at [XXX]. 
The Waymo AV was traveling westbound on [XXX] when it detected a siren from a nearby emergency vehicle. As the Waymo AV slowed, a passenger vehicle made contact with the rear of the Waymo AV. At the time of the impact, the Waymo AVs Level 4 ADS was engaged in autonomous mode, and a test driver was present (in the drivers seating position). Both vehicles sustained damage.
Waymo is reporting this crash under Request No. 1 of Standing General Order 2021-01 because a vehicle involved was towed away. Waymo may supplement or correct its reporting with additional information as it may become available. This report was submitted from the Eastern time zone on the required date.", ,,,,,,,prior_june16,True,True,False,False,False,True,True,False,False,False,True,False
30270-3595,2,Waymo LLC,10-Day Update,,,AUG-2022,SADHW2S10M1, ,,Jaguar,I-Pace, ,2021.0, ,3d7a03e316ec104,33977.0, ,In-Vehicle (Commercial / Test),5th Generation ADS, , ,, , ,, , ,, , ,,, , ,,,Yes,ADS,Waymo LLC, , ,Y, , , , , ,,AUG-2022, ,AUG-2022,03:09, ,9be5431de5dfbd1,[MAY CONTAIN PERSONALLY IDENTIFIABLE INFORMATION], ,[MAY CONTAIN PERSONALLY IDENTIFIABLE INFORMATION], ,[MAY CONTAIN PERSONALLY IDENTIFIABLE INFORMATION], ,San Francisco, ,CA ,[MAY CONTAIN PERSONALLY IDENTIFIABLE INFORMATION], ,Intersection,Dry,No Unusual Conditions,25.0, ,Dark - Lighted,Y, , , , , , , ,,SUV,No Injuries Reported,Yes,Proceeding Straight,No,Unknown, , ,Y, , ,Y, , ,Y, , ,Proceeding Straight,No,Yes,Yes,1.0, ,Y, , ,Y, , ,Y, , , , , , ,Y, ,Y,Y, , ,No,, ,Yes,, ,, ,, ,Yes, ,"The content of this report is unchanged from the initial report submitted on August [XXX], 2022 [REDACTED, MAY CONTAIN CONFIDENTIAL BUSINESS INFORMATION]. 
On August [XXX], 2022 at 03:09 AM PST a Waymo Autonomous Vehicle (Waymo AV) operating in San Francisco, CA was in a collision involving an SUV on [XXX] at [XXX] 
The Waymo AV was traveling eastbound on [XXX] in autonomous mode when it slowed for a stop sign on [XXX]. As the Waymo AV slowed to almost a complete stop, an SUV made contact with the rear of the Waymo AV. At the time of the impact, the Waymo AVs Level 4 ADS was engaged in autonomous mode, and a test driver was present (in the drivers seating position). Both vehicles sustained damage.
Waymo is reporting this crash under Request No. 1 of Standing General Order 2021-01 because a vehicle involved was towed away. Waymo may supplement or correct its reporting with additional information as it may become available. This report was submitted from the Eastern time zone on the required date.", ,,,,,,,prior_june16,True,True,False,False,False,True,True,False,False,False,True,False
30270-3628,1,Waymo LLC,Monthly,7.0,2022.0,AUG-2022,SADHW2S1XM1, ,,Jaguar,I-Pace, ,2021.0, ,b5c25ec17ea8588,23628.0, ,In-Vehicle (Commercial / Test),5th Generation ADS, , ,, , ,, , ,, , ,,, , ,,,Yes,ADS,Waymo LLC, , ,Y, , , , , ,,JUL-2022, ,JUL-2022,06:54, ,77b0e0470ca0a8a,[MAY CONTAIN PERSONALLY IDENTIFIABLE INFORMATION], ,[MAY CONTAIN PERSONALLY IDENTIFIABLE INFORMATION], ,[MAY CONTAIN PERSONALLY IDENTIFIABLE INFORMATION], ,San Francisco, ,CA ,[MAY CONTAIN PERSONALLY IDENTIFIABLE INFORMATION], ,Intersection,Dry,No Unusual Conditions,30.0, ,Daylight,Y, , , , , , , ,,Passenger Car,Minor,Yes,Proceeding Straight,No,No, , ,Y, , ,Y, , ,Y, , ,Stopped,No,No,Yes,0.0, , , , ,Y, , ,Y, , , , , , ,Y, ,Y,Y, , ,No,, ,Yes,, ,, ,, ,Yes, ,"On July [XXX], 2022 at 6:54 AM PST a Waymo Autonomous Vehicle (Waymo AV) operating in San Francisco, California was in a collision involving a passenger car on the [XXX] at [XXX]. 
The Waymo AV was stopped in the dedicated left turn lane facing north on the [XXX], awaiting a green signal for a protected left turn onto [XXX]. The signal for traffic proceeding north on the [XXX] turned green, and traffic in adjacent lanes began moving. The left turn arrow signal for the dedicated turn lane occupied by the Waymo AV remained red. The passenger car that had been stopped directly behind the Waymo AV began moving forward. The front of the passenger car made contact with the rear of the Waymo AV, immediately after which the passenger car left the scene.
At the time of the impact, the Waymo AVs Level 4 ADS was engaged in autonomous mode, and a test driver was present (in the drivers seating position). The Waymo AV sustained minor damage and the Waymo AV test driver reported lower back pain.
Waymo is reporting this crash under Request No. 2 of Standing General Order 2021-01. Waymo may supplement or correct its reporting with additional information as it may become available. This report was submitted from the Eastern time zone on the required date.", ,,,,,,,prior_june16,True,True,True,False,False,False,True,False,False,False,False,True
30270-3633,1,Waymo LLC,Monthly,7.0,2022.0,AUG-2022,SADHW2S19M1, ,,Jaguar,I-Pace, ,2021.0, ,778fffc33261129,34308.0, ,In-Vehicle (Commercial / Test),5th Generation ADS, , ,, , ,, , ,, , ,,, , ,,,Yes,ADS,Waymo LLc, , ,Y, , , , , ,,JUL-2022, ,JUL-2022,23:23, ,7f5142da0d24ab5,[MAY CONTAIN PERSONALLY IDENTIFIABLE INFORMATION], ,[MAY CONTAIN PERSONALLY IDENTIFIABLE INFORMATION], ,[MAY CONTAIN PERSONALLY IDENTIFIABLE INFORMATION], ,San Francisco, ,CA ,[MAY CONTAIN PERSONALLY IDENTIFIABLE INFORMATION], ,Street,Dry,No Unusual Conditions,35.0, ,Dark - Lighted,Y, , , , , , , ,,Passenger Car,No Injuries Reported,Yes,Making Right Turn,No,No, , , , , , ,Y, , , , ,Proceeding Straight,No,No,Yes,9.0, , , ,Y, , , , , , , , , , ,Y, ,Y,Y, , ,No,, ,Yes,, ,, ,, ,Yes, ,"On July [XXX], 2022 at 11:23 PM PST a Waymo Autonomous Vehicle (Waymo AV) operating in San Francisco, California was in a collision involving a passenger car on [XXX] at [XXX].
The Waymo AV was traveling north on [XXX] in the rightmost lane when a passenger car approached the Waymo AV from behind on the left. Just after passing the Waymo AV, the passenger car veered across the path of the Waymo AV into the entrance of a gas station on the right hand side of the roadway. The right rear corner of the passenger vehicle made contact with the front left corner of the Waymo AV, immediately after which the passenger car left the scene.
At the time of the impact, the Waymo AVs Level 4 ADS was not engaged and a test driver was operating the Waymo AV in manual mode. The Waymo AV sustained minor damage.
Waymo is reporting this crash under Request No. 2 of Standing General Order 2021-01. Waymo may supplement or correct its reporting with additional information as it may become available. This report was submitted from the Eastern time zone on the required date.", ,,,,,,,prior_june16,True,True,False,False,False,False,False,False,True,False,True,False
30270-3635,1,Waymo LLC,Monthly,7.0,2022.0,AUG-2022,SADHW2S15M1, ,,Jaguar,I-Pace, ,2021.0, ,a4da19aa3243c05,30770.0, ,In-Vehicle (Commercial / Test),5th Generation ADS, , ,, , ,, , ,, , ,,, , ,,,Yes,ADS,Waymo LLC, , ,Y, , , , , ,,JUL-2022, ,JUL-2022,02:50, ,192521d01c49ce2,[MAY CONTAIN PERSONALLY IDENTIFIABLE INFORMATION], ,[MAY CONTAIN PERSONALLY IDENTIFIABLE INFORMATION], ,[MAY CONTAIN PERSONALLY IDENTIFIABLE INFORMATION], ,San Francisco, ,CA ,[MAY CONTAIN PERSONALLY IDENTIFIABLE INFORMATION], ,Intersection,Dry,No Unusual Conditions,25.0, ,Dark - Lighted,Y, , , , , , , ,,Passenger Car,No Injuries Reported,Yes,Traveling Wrong Way,No,No, , , , , , , ,Y, , , ,Making Left Turn,No,No,Yes,12.0, , , ,Y, , , , , , , , , , ,Y, ,Y,Y, , ,No,, ,Yes,, ,, ,, ,Yes, ,"On July [XXX], 2022 at 2:18 AM PST a Waymo Autonomous Vehicle (Waymo AV) operating in San Francisco, California was in a collision involving a passenger car on [XXX] at [XXX].
The Waymo AV was traveling west on [XXX] and preparing to make a left turn onto [XXX] to travel south. A passenger car passed the Waymo AV and the vehicle directly behind the Waymo AV by crossing into and driving in the opposing lane of traffic. As the passenger vehicle passed the Waymo on the left, the right side of the passenger vehicle made contact with the front left corner of the Waymo AV, immediately after which the passenger car left the scene. At the time of impact, the Waymo AVs Level 4 ADS was not engaged and a test driver was operating the Waymo AV in manual mode. The Waymo AV sustained minor damage.
Waymo is reporting this crash under Request No. 2 of Standing General Order 2021-01. Waymo may supplement or correct its reporting with additional information as it may become available. This report was submitted from the Eastern time zone on the required date.", ,,,,,,,prior_june16,True,True,False,False,False,False,False,False,True,False,True,False