Report ID,Report Version,Reporting Entity,Report Type,Report Month,Report Year,Report Submission Date,VIN,VIN - Unknown,Serial Number,Make,Model,Model - Unknown,Model Year,Model Year - Unknown,Same Vehicle ID,Mileage,Mileage - Unknown,Driver / Operator Type,ADAS/ADS System Version,ADAS/ADS System Version - Unk,ADAS/ADS System Version CBI,ADAS/ADS Hardware Version,ADAS/ADS Hardware Version - Unk,ADAS/ADS Hardware Version CBI,ADAS/ADS Software Version,ADAS/ADS Software Version - Unk,ADAS/ADS Software Version CBI,Other Reporting Entities?,Other Reporting Entities? - Unk,Other Reporting Entities? - NA,Federal Regulatory Exemption?,Other Federal Reg. Exemption,Federal Reg. Exemption - Unk,Federal Reg. Exemption - No,State or Local Permit?,State or Local Permit,ADS Equipped?,Automation System Engaged?,Operating Entity,Operating Entity - Unknown,Source - Complaint/Claim,Source - Telematics,Source - Law Enforcement,Source - Field Report,Source - Testing,Source - Media,Source - Other,Source - Other Text,Incident Date,Incident Date - Unknown,Notice Received Date,Incident Time (24:00),Incident Time - Unknown,Same Incident ID,Latitude,Latitude - Unknown,Longitude,Longitude - Unknown,Address,Address - Unknown,City,City - Unknown,State,Zip Code,Zip Code - Unknown,Roadway Type,Roadway Surface,Roadway Description,Posted Speed Limit (MPH),Posted Speed Limit - Unknown,Lighting,Weather - Clear,Weather - Snow,Weather - Cloudy,Weather - Fog/Smoke,Weather - Rain,Weather - Severe Wind,Weather - Unknown,Weather - Other,Weather - Other Text,Crash With,Highest Injury Severity Alleged,Property Damage?,CP Pre-Crash Movement,CP Any Air Bags Deployed?,CP Was Vehicle Towed?,CP Contact Area - Rear Left,CP Contact Area - Left,CP Contact Area - Front Left,CP Contact Area - Rear,CP Contact Area - Top,CP Contact Area - Front,CP Contact Area - Rear Right,CP Contact Area - Right,CP Contact Area - Front Right,CP Contact Area - Bottom,CP Contact Area - Unknown,SV Pre-Crash Movement,SV Any Air Bags Deployed?,SV Was Vehicle Towed?,SV Were All Passengers Belted?,SV Precrash Speed (MPH),SV Pre-crash Speed - Unknown,SV Contact Area - Rear Left,SV Contact Area - Left,SV Contact Area - Front Left,SV Contact Area - Rear,SV Contact Area - Top,SV Contact Area - Front,SV Contact Area - Rear Right,SV Contact Area - Right,SV Contact Area - Front Right,SV Contact Area - Bottom,SV Contact Area - Unknown,Data Availability - EDR,Data Availability - Police Rpt,Data Availability - Telematics,Data Availability - Complaints,Data Availability - Video,Data Availability - Other,Data Availability - No Data,Data Availability - Unknown,Law Enforcement Investigating?,Investigating Agency,Investigating Agency - Unknown,Rep Ent Or Mfr Investigating?,Investigating Officer Name,Inv. Officer Name - Unknown,Investigating Officer Phone,Inv. Officer Phone - Unknown,Investigating Officer Email,Inv. Officer Email - Unknown,Within ODD?,Within ODD? - CBI,Narrative,Narrative - CBI?,hub_delta_v_less_than_1mph,hub_zip_code,hub_location,hub_crash_type,hub_is_police_reported,hub_is_any_injury_reported,data_period,reportable_v2,reportable_v3,filter_has_injury,filter_is_vru,filter_has_airbag,filter_has_tow,filter_is_5day_trigger,filter_is_single_vehicle,filter_waymo_struck_another,filter_deltav_over_1mph,filter_waymo_was_moving,filter_waymo_was_stationary
30270-6405,1,Waymo LLC,5-Day,,,OCT-2023,SADHW2S19M1, ,,Jaguar,I-Pace, ,2021.0, ,cc4cdc0c186dec2,56983.0, ,,5th Generation, , ,5th Generation, , ,Version 8, , ,, ,Y,,, ,Y,Yes (specify below),"DMV, CPUC",Yes,ADS,Waymo LLC, , ,Y, , , , , ,,SEP-2023, ,SEP-2023,19:12, ,e002b64f0353456,[MAY CONTAIN PERSONALLY IDENTIFIABLE INFORMATION], ,[MAY CONTAIN PERSONALLY IDENTIFIABLE INFORMATION], ,[MAY CONTAIN PERSONALLY IDENTIFIABLE INFORMATION], ,San Francisco, ,CA ,[MAY CONTAIN PERSONALLY IDENTIFIABLE INFORMATION], ,Intersection,Dry,No Unusual Conditions,25.0, ,Dark - Lighted, , ,Y, , , , , ,,Passenger Car,No Injuries Reported,Yes,Proceeding Straight,Unknown,Unknown, , , , , , , , ,Y, , ,Proceeding Straight,No,Yes,Yes,8.0, , , ,Y, , , , , , , , , , ,Y, ,Y,Y, , ,Yes,San Francisco Police Department, ,Yes,[MAY CONTAIN PERSONALLY IDENTIFIABLE INFORMATION], ,[MAY CONTAIN PERSONALLY IDENTIFIABLE INFORMATION], ,,Y,Yes, ,"On September [XXX], 2023 at 7:12 PM PT a Waymo Autonomous Vehicle (Waymo AV) operating in San Francisco, California was in a collision involving a passenger car on [XXX] at [XXX].
The Waymo AV was traveling westbound on [XXX] and approached the stop sign intersection at [XXX]. As the Waymo AV came to a full stop, a city bus was proceeding through the intersection, traveling eastbound on [XXX]. As the city bus continued to proceed through the intersection, the Waymo AV began to proceed forward. The Waymo AV entered the intersection as the city bus proceeded through and exited the intersection, and at the same time, a passenger car traveling northbound on [XXX] that had been occluded by the city bus had also entered the intersection. The passenger car and the Waymo AV then made contact in the middle of the intersection. At the time of the impact, the Waymo AVs Level 4 ADS was engaged in autonomous mode. Both vehicles sustained damage.
Waymo is reporting this crash under Request No. 1 of Standing General Order 2021-01 because a vehicle involved was towed away. Waymo may supplement or correct its reporting with additional information as it may become available.", ,False,94102,SAN_FRANCISCO,V2V Intersection,True,False,prior_june16,True,True,False,False,False,True,True,False,True,True,True,False
30270-6529,2,Waymo LLC,10-Day Update,,,OCT-2023,SADHW2S12M1, ,,Jaguar,I-Pace, ,2021.0, ,1d6132bddbe10e4,78568.0, ,In-Vehicle (Commercial / Test),5th Generation, , ,5th Generation, , ,Version 8, , ,Transdev Alternative Services, , ,,, ,Y,Yes (specify below),"DMV, CPUC",Yes,ADS,Waymo LLC, , ,Y, , , , , ,,OCT-2023, ,OCT-2023,9:24, ,d088b81d0aea602,[MAY CONTAIN PERSONALLY IDENTIFIABLE INFORMATION], ,[MAY CONTAIN PERSONALLY IDENTIFIABLE INFORMATION], ,[MAY CONTAIN PERSONALLY IDENTIFIABLE INFORMATION], ,San Francisco, ,CA ,[MAY CONTAIN PERSONALLY IDENTIFIABLE INFORMATION], ,Intersection,Dry,No Unusual Conditions,25.0, ,Daylight,Y, , , , , , , ,,Non-Motorist: Cyclist,No Injuries Reported,Yes,Proceeding Straight,,, , , , , , , , , , , ,Making Right Turn,No,No,Yes,13.0, , , , , , , , ,Y, , , , , ,Y, ,Y,Y, , ,No,, ,Yes,, ,, ,, ,Yes, ,"The content of this report is unchanged from the initial report submitted on October 18, 2023 [REDACTED, MAY CONTAIN CONFIDENTIAL BUSINESS INFORMATION]. 
On October [XXX], 2023 at 9:24 AM PT a Waymo Autonomous Vehicle (Waymo AV) operating in San Francisco, California was in a collision involving a cyclist on [XXX] at [XXX]. 
The Waymo AV was in autonomous mode on eastbound [XXX] preparing to make a right turn onto southbound [XXX] and had stopped to yield, first for pedestrians to cross [XXX] and then for a cyclist approaching from behind traveling eastbound on the sidewalk of [XXX]. As the pedestrians finished crossing [XXX] but before the cyclist had reached [XXX], the Waymo AV test driver took manual control of the Waymo AV and began to accelerate and perform the right turn onto [XXX]. After the Waymo AV entered the crosswalk, the cyclist entered the crosswalk and made contact with the passengers rear quarter panel of the Waymo AV. At the time of the impact, the Waymo AVs Level 4 ADS was not engaged and a test driver was operating the Waymo AV in manual mode. The Waymo AV sustained damage.
Waymo is reporting this crash under Request No. 1 of Standing General Order 2021-01 because a vulnerable road user was involved. Waymo may supplement or correct its reporting with additional information as it may become available.", ,,,,,,,prior_june16,True,True,False,True,False,False,True,False,False,False,True,False
30270-6579,2,Waymo LLC,10-Day Update,,,NOV-2023,SADHW2S19M1, ,[MAY CONTAIN PERSONALLY IDENTIFIABLE INFORMATION],Jaguar,I-Pace, ,2021.0, ,4495e3161c6736c,64204.0, ,,5th Generation, , ,5th Generation, , ,Version 8, , ,,Y, ,,, ,Y,Yes (specify below),"DMV, CPUC",Yes,ADS,Waymo LLC, , ,Y, , , , , ,,NOV-2023, ,NOV-2023,22:43, ,2c723ba2d4b98e0,[MAY CONTAIN PERSONALLY IDENTIFIABLE INFORMATION], ,[MAY CONTAIN PERSONALLY IDENTIFIABLE INFORMATION], ,[MAY CONTAIN PERSONALLY IDENTIFIABLE INFORMATION], ,San Francisco, ,CA ,[MAY CONTAIN PERSONALLY IDENTIFIABLE INFORMATION], ,Intersection,Dry,No Unusual Conditions,25.0, ,Dark - Lighted,Y, , , , , , , ,,Passenger Car,Serious,Yes,"Other, see Narrative",No,Yes,Y,Y,Y, , ,Y, , , , , ,Proceeding Straight,No,Yes,Yes,18.0, , , , , , ,Y, , ,Y, , , , ,Y, ,Y,Y, , ,Yes,California Highway Patrol, ,Yes,,Y,[MAY CONTAIN PERSONALLY IDENTIFIABLE INFORMATION], ,,Y,Yes, ,"Other than correcting the Mileage to 64,204, adding law enforcement investigation details, adding the ADS Software Version, and adding the Waymo AVs Pre-Crash Speed, the content of this report is unchanged from the initial report submitted on November 4, 2023 [REDACTED, MAY CONTAIN CONFIDENTIAL BUSINESS INFORMATION]. 
On November [XXX], 2023 at 10:43 PM PT a Waymo Autonomous Vehicle (Waymo AV) operating in San Francisco, California was in a collision involving a passenger car on [XXX] at [XXX]. 
The Waymo AV was traveling northbound in the left lane on [XXX] and stopped at a red light at the intersection with [XXX] alongside a passenger vehicle in the right lane. After the light turned green, both the Waymo AV and the adjacent passenger car proceeded into the intersection. While in the intersection, a passenger car traveling west on [XXX] ran the red light and the front left corner and left side of this vehicle made contact with the front right of the Waymo AV and the front of the adjacent passenger car. After impact, the vehicle that ran the red light struck pedestrians that had been standing on the sidewalk on the northwest corner of the intersection. At the time of the impact, the Waymo AVs Level 4 ADS was engaged in autonomous mode. All three vehicles sustained damage and were towed from the scene.
Waymo is reporting this crash under Request No. 1 of Standing General Order 2021-01 because an individual involved was transported from the scene to a hospital for medical treatment, and a vehicle involved was towed away. Waymo may supplement or correct its reporting with additional information as it may become available.", ,False,94103,SAN_FRANCISCO,Secondary Crash,True,True,prior_june16,True,True,True,False,False,True,True,False,True,True,True,False
30270-6663,1,Waymo LLC,Monthly,10.0,2023.0,NOV-2023,SADHW2S1XM1, ,,Jaguar,I-Pace, ,2021.0, ,fa8d7f93679b1df,56088.0, ,,5th Generation, , ,5th Generation, , ,Version 8, , ,, ,Y,,, ,Y,Yes (specify below),"CA DMV, CA PUC",Yes,ADS,Waymo LLC, , ,Y, , , , , ,,OCT-2023, ,OCT-2023,16:10, ,394bad4fc5ff01d,[MAY CONTAIN PERSONALLY IDENTIFIABLE INFORMATION], ,[MAY CONTAIN PERSONALLY IDENTIFIABLE INFORMATION], ,[MAY CONTAIN PERSONALLY IDENTIFIABLE INFORMATION], ,San Francisco, ,CA ,[MAY CONTAIN PERSONALLY IDENTIFIABLE INFORMATION], ,Street,Dry,No Unusual Conditions,25.0, ,Daylight, , ,Y, , , , , ,,Passenger Car,No Injuries Reported,Yes,Backing,No,No, , , , , , ,Y, , , , ,Proceeding Straight,No,No,Yes,1.0, , ,Y, , , , , , , , , , , ,Y, ,Y,Y, , ,No,, ,Yes,, ,, ,, ,Yes, ,"On October [XXX], 2023 at 4:10 PM PT a Waymo Autonomous Vehicle (Waymo AV) operating in San Francisco, CA was in a collision involving a passenger car on [XXX] at [XXX]. 
As the Waymo AV was traveling northeast on [XXX] approaching the intersection with [XXX], it began passing a passenger car that was stopped on the other half of the roadway with its front partially in a perpendicular parking space and the rest of the vehicle perpendicular across part of the travel lane. While the Waymo AV was passing the passenger car, the passenger car initiated a reversing maneuver into the lane where the Waymo AV was passing, and the rear right corner of the passenger car made contact with the left side of the Waymo AV. At the time of the impact, the Waymo AVs Level 4 ADS was engaged in autonomous mode. The passenger car sustained damage.
Waymo is reporting this crash under Request No. 2 of Standing General Order 2021-01.", ,False,94107,SAN_FRANCISCO,V2V Backing,False,False,prior_june16,True,True,False,False,False,False,False,False,True,True,True,False
30270-6665,1,Waymo LLC,Monthly,10.0,2023.0,NOV-2023,SADHW2S16M1, ,,Jaguar,I-Pace, ,2021.0, ,d10dd4f4cedd8bd,86499.0, ,In-Vehicle and Remote (Commercial / Test),5th Generation, , ,5th Generation, , ,Version 8, , ,Transdev Alternative Services, , ,,, ,Y,Yes (specify below),"CA DMV, CA PUC						",Yes,ADS,Waymo LLC, , ,Y, , , , , ,,OCT-2023, ,OCT-2023,07:48, ,951dadb865d98c2,[MAY CONTAIN PERSONALLY IDENTIFIABLE INFORMATION], ,[MAY CONTAIN PERSONALLY IDENTIFIABLE INFORMATION], ,[MAY CONTAIN PERSONALLY IDENTIFIABLE INFORMATION], ,San Francisco, ,CA ,[MAY CONTAIN PERSONALLY IDENTIFIABLE INFORMATION], ,Intersection,Dry,No Unusual Conditions,25.0, ,Daylight,Y, , , , , , , ,,SUV,No Injuries Reported,Yes,Changing Lanes,No,No, , , , , , , ,Y, , , ,Proceeding Straight,No,No,Yes,23.0, , , ,Y, , , , , , , , , , ,Y, ,Y,Y, , ,No,, ,Yes,, ,, ,, ,Yes, ,"On October [XXX], 2023 at 7:48 AM PT a Waymo Autonomous Vehicle (Waymo AV) operating in San Francisco, California was in a collision involving an SUV on [XXX] near [XXX]. 
The Waymo AV was traveling westbound on [XXX] in the rightmost lane. As the SUV in the left adjacent lane traveling alongside the Waymo AV initiated a right lane change, the front passengers side of the SUV made contact with the front drivers side of the Waymo AV. At the time of the impact, the Waymo AVs Level 4 ADS was not engaged as the test driver transitioned the Waymo AV to manual mode just before the contact. Both vehicles sustained damage.
Waymo is reporting this crash under Request No. 2 of Standing General Order 2021-01.", ,,,,,,,prior_june16,True,True,False,False,False,False,False,False,True,False,True,False
30270-6879,1,Waymo LLC,5-Day,,,DEC-2023,SADHW2S12M1, ,,Jaguar,I-Pace, ,2021.0, ,1599ac052bcdb57,70533.0, ,,5th Generation, , ,5th Generation, , ,Version 8, , ,, ,Y,,, ,Y,Yes (specify below),"CA DMV, CA PUC",Yes,ADS,Waymo LLC, , ,Y, , , , , ,,DEC-2023, ,DEC-2023,09:42, ,a205e2551852d31,[MAY CONTAIN PERSONALLY IDENTIFIABLE INFORMATION], ,[MAY CONTAIN PERSONALLY IDENTIFIABLE INFORMATION], ,[MAY CONTAIN PERSONALLY IDENTIFIABLE INFORMATION], ,San Francisco, ,CA ,[MAY CONTAIN PERSONALLY IDENTIFIABLE INFORMATION], ,Intersection,Dry,No Unusual Conditions,25.0, ,Daylight,Y, , , , , , , ,,Passenger Car,Minor,Yes,Proceeding Straight,No,No, , ,Y, , ,Y, , ,Y, , ,Proceeding Straight,No,Yes,Yes,2.0, ,Y, , ,Y, , ,Y, , , , , , ,Y, ,Y,Y, , ,Yes,San Francisco Police Department, ,Yes,[MAY CONTAIN PERSONALLY IDENTIFIABLE INFORMATION], ,[MAY CONTAIN PERSONALLY IDENTIFIABLE INFORMATION], ,,Y,Yes, ,"On December [XXX], 2023 at 9:42 AM PT a Waymo Autonomous Vehicle (Waymo AV) operating in San Francisco, California was in a collision involving a passenger vehicle on [XXX] at [XXX].
The Waymo AV was traveling southbound on [XXX] in the middle lane when it approached the intersection with [XXX]. The Waymo AV braked, and a passenger vehicle approached from behind and made contact with the rear of the Waymo AV. At the time of the impact, the Waymo AVs Level 4 ADS was engaged in autonomous mode.
Waymo is reporting this crash under Request No. 1 of Standing General Order 2021-01 because a vehicle involved was towed away. Waymo may supplement or correct its reporting with additional information as it may become available.", ,False,94109,SAN_FRANCISCO,V2V F2R,True,True,prior_june16,True,True,True,False,False,True,True,False,False,True,True,False
30270-6981,2,Waymo LLC,10-Day Update,,,JAN-2024,SADHW2S12M1, ,,Jaguar,I-PACE, ,2021.0, ,b0a4fbd86419a15,80515.0, ,,5th Generation, , ,5th Generation, , ,Version 8, , ,, ,Y,,, ,Y,Yes (specify below),"DMV, CPUC",Yes,ADS,Waymo LLC, , ,Y, , , , , ,,JAN-2024, ,JAN-2024,10:52, ,85bb308f7801ee8,[MAY CONTAIN PERSONALLY IDENTIFIABLE INFORMATION], ,[MAY CONTAIN PERSONALLY IDENTIFIABLE INFORMATION], ,[MAY CONTAIN PERSONALLY IDENTIFIABLE INFORMATION], ,San Francisco, ,CA ,[MAY CONTAIN PERSONALLY IDENTIFIABLE INFORMATION], ,Intersection,Wet,No Unusual Conditions,25.0, ,Daylight, , ,Y, , , , , ,,Motorcycle,No Injuries Reported,Unknown,Proceeding Straight,Not Applicable,No, , , , , , , , , , ,Y,Stopped,No,No,Yes,0.0, , , , , , , , , , , ,Y, , ,Y, ,Y,Y, , ,No,, ,Yes,, ,, ,, ,Yes, ,"This report includes the following updates to the initial report submitted on January 14, 2024 [REDACTED, MAY CONTAIN CONFIDENTIAL BUSINESS INFORMATION]: corrected event year in the narrative from 2023 to 2024 LOCATION ADDRESS / DESCRIPTION field updated to reflect the location listed in the narrative clarifications added to the narrative and correction to the Waymo AVs mileage. The remainder is unchanged from the initial report. 
On January [XXX], 2024 at 10:52AM PT a rider of a moped lost control of the moped they were operating and fell and slid in front of a Waymo Autonomous Vehicle (Waymo AV) operating in San Francisco, California on [XXX] at [XXX] neither the moped nor its driver made contact with the Waymo AV.
The Waymo AV was stopped on northbound [XXX] at the intersection with [XXX] when it started to proceed forward while facing a red traffic light. As the Waymo AV entered the intersection, it detected a moped traveling on eastbound [XXX] and braked. As the Waymo AV braked to a stop, the rider of the moped braked then fell on the wet roadway before sliding to a stop in front of the stationary Waymo AV. There was no contact between the moped or its rider and the Waymo AV. The Waymo AVs Level 4 ADS was engaged in autonomous mode. 
Waymo is reporting this crash under Request No. 1 of Standing General Order 2021-01 because a passenger of the Waymo AV reported that the moped may have been damaged. Waymo may supplement or correct its reporting with additional information as it may become available.", ,False,94109,SAN_FRANCISCO,Motorcycle,False,False,prior_june16,True,True,False,True,False,False,True,False,False,True,False,True
30270-7006,1,Waymo LLC,Monthly,12.0,2023.0,JAN-2024,SADHW2S16M1, ,,Jaguar,I-Pace, ,2021.0, ,012f736814921d2,52254.0, ,,5th Generation ADS, , ,5th Generation, , ,Version 8, , ,, ,Y,,, ,Y,Yes (specify below),"CA DMV, CA PUC",Yes,ADS,Waymo LLC, , ,Y, , , , , ,,DEC-2023, ,DEC-2023,15:23, ,50317ad9488bb18,[MAY CONTAIN PERSONALLY IDENTIFIABLE INFORMATION], ,[MAY CONTAIN PERSONALLY IDENTIFIABLE INFORMATION], ,[MAY CONTAIN PERSONALLY IDENTIFIABLE INFORMATION], ,San Francisco, ,CA ,[MAY CONTAIN PERSONALLY IDENTIFIABLE INFORMATION], ,Street,Wet,No Unusual Conditions,20.0, ,Daylight, , , , ,Y, , , ,,Motorcycle,No Injuries Reported,Yes,Passing,No,No, , , , , , ,Y, , , , ,Proceeding Straight,No,No,Yes,3.0, ,Y, , , , , , , , , , , , ,Y, ,Y,Y, , ,No,, ,Yes,, ,, ,, ,Yes, ,"On December [XXX], 2023 at 3:23 PM PT a Waymo Autonomous Vehicle (Waymo AV) operating in San Francisco, California was struck by a motorcycle on [XXX] at [XXX]. 
The Waymo AV was traveling westbound on [XXX] when a motorcycle that had been traveling behind the Waymo AV passed the Waymo AV on the left, lane-splitting. As the motorcycle passed the Waymo AV, the motorcycle made contact with the driver side rear sensor of the Waymo AV. At the time of the impact, the Waymo AVs Level 4 ADS was engaged in autonomous mode. The Waymo AV sustained damage, and the motorcycle did not stop, leaving the scene without exchanging information.  
Waymo is reporting this crash under Request No. 2 of Standing General Order 2021-01. Waymo may supplement or correct its reporting with additional information as it may become available.", ,False,94110,SAN_FRANCISCO,Motorcycle,False,False,prior_june16,True,True,False,True,False,False,True,False,True,True,True,False
30270-7054,1,Waymo LLC,5-Day,,,JAN-2024,SADHW2S16M1, ,,Jaguar,I-Pace, ,2021.0, ,c0bc3685a7d18ca,75945.0, ,,5th Generation, , ,5th Generation, , ,Version 8, , ,, ,Y,,, ,Y,Yes (specify below),ADOT,Yes,ADS,Waymo LLC, , ,Y, , , , , ,,JAN-2024, ,JAN-2024,17:50, ,f4e66fc9d21a5b9,[MAY CONTAIN PERSONALLY IDENTIFIABLE INFORMATION], ,[MAY CONTAIN PERSONALLY IDENTIFIABLE INFORMATION], ,[MAY CONTAIN PERSONALLY IDENTIFIABLE INFORMATION], ,Phoenix, ,CA ,[MAY CONTAIN PERSONALLY IDENTIFIABLE INFORMATION], ,Street,Dry,"Other, see Narrative",35.0, ,Daylight, , ,Y, , , , , ,,"Other, see Narrative",No Injuries Reported,Yes,"Other, see Narrative",Not Applicable,Not Applicable, , , , , , , , , , ,Y,Proceeding Straight,No,Yes,Yes,35.0, , , , , , , , , ,Y, , , , ,Y, ,Y,Y, , ,No,, ,Yes,, ,, ,, ,Yes, ,"On January [XXX], 2024 at 4:50 PM PT a Waymo Autonomous Vehicle (Waymo AV) operating in Phoenix, Arizona was in an event involving a rock in the road on [XXX] past [XXX].
The Waymo AV was traveling northbound on [XXX] in the far right lane when its front passenger side tire made contact with a rock in the road and immediately deflated. At the time of the impact, the Waymo AVs Level 4 ADS was engaged in autonomous mode. The Waymo AV sustained damage.
Waymo is reporting this under Request No. 1 of Standing General Order 2021-01 because a vehicle involved was towed away. Waymo may supplement or correct its reporting with additional information as it may become available.", ,True,85034,PHOENIX,Single Vehicle,False,False,prior_june16,True,True,False,False,False,True,True,False,True,False,True,False
30270-7071,1,Waymo LLC,5-Day,,,FEB-2024,SADHW2S1XM1, ,,Jaguar,I-Pace, ,2021.0, ,d954beb5defd2fa,74662.0, ,,5th Generation, , ,5th Generation, , ,Version 8, , ,, ,Y,,, ,Y,Yes (specify below),"DMV, CPUC",Yes,ADS,Waymo LLC, , ,Y, , , , , ,,JAN-2024, ,JAN-2024,17:15, ,28fac8141e63339,[MAY CONTAIN PERSONALLY IDENTIFIABLE INFORMATION], ,[MAY CONTAIN PERSONALLY IDENTIFIABLE INFORMATION], ,[MAY CONTAIN PERSONALLY IDENTIFIABLE INFORMATION], ,San Francisco, ,CA ,[MAY CONTAIN PERSONALLY IDENTIFIABLE INFORMATION], ,Street,Wet,No Unusual Conditions,25.0, ,Daylight, , ,Y, ,Y, , , ,,Passenger Car,No Injuries Reported,Yes,Changing Lanes,No,No, , , , , , , ,Y, , , ,Stopped,No,Yes,No Passengers in Vehicle,0.0, ,Y, , , , , , , , , , , , ,Y, ,Y,Y, , ,No,, ,Yes,, ,, ,, ,Yes, ,"On January [XXX], 2024 at 5:15 PM PT a Waymo Autonomous Vehicle (Waymo AV) operating in San Francisco, California was in a collision involving a passenger vehicle on [XXX] near [XXX].
The Waymo AV was traveling southbound on [XXX] in the leftmost thru lane, adjacent to a dedicated left turn lane on its left. As the Waymo AV approached the intersection with [XXX], it came to a stop behind its lead vehicle. The passenger vehicle behind the Waymo AV then attempted to change lanes into the dedicated left turn lane, and made contact with the rear driver side corner of the Waymo AV. At the time of the impact, the Waymo AVs Level 4 ADS was engaged in autonomous mode. Both vehicles sustained damage.
Waymo is reporting this crash under Request No. 1 of Standing General Order 2021-01 because a vehicle involved was towed away. Waymo may supplement or correct its reporting with additional information as it may become available.", ,True,94110,SAN_FRANCISCO,V2V Lateral,False,False,prior_june16,True,True,False,False,False,True,True,False,False,False,False,True
30270-7075,2,Waymo LLC,10-Day Update,,,FEB-2024,SADHW2S15M1, ,,Jaguar,I-Pace, ,2021.0, ,85fbc85393c7d1d,86181.0, ,,5th Generation, , ,5th Generation, , ,Version 8, , ,, ,Y,,, ,Y,Yes (specify below),"DMV, CPUC",Yes,ADS,Waymo LLC, , ,Y, , , , , ,,FEB-2024, ,FEB-2024,14:34, ,35b627077003d07,[MAY CONTAIN PERSONALLY IDENTIFIABLE INFORMATION], ,[MAY CONTAIN PERSONALLY IDENTIFIABLE INFORMATION], ,[MAY CONTAIN PERSONALLY IDENTIFIABLE INFORMATION], ,San Francisco, ,CA ,[MAY CONTAIN PERSONALLY IDENTIFIABLE INFORMATION], ,Intersection,Dry,No Unusual Conditions,25.0, ,Daylight,Y, , , , , , , ,,Non-Motorist: Cyclist,Minor,Yes,Making Left Turn,,, , , , , , , , , , , ,Proceeding Straight,No,No,Yes,11.0, , , , , , , , , ,Y, , , , ,Y, ,Y,Y, , ,Yes,San Francisco Police Department, ,Yes,[MAY CONTAIN PERSONALLY IDENTIFIABLE INFORMATION], ,,Y,,Y,Yes, ,"The Waymo AVs listed mph has been updated, and this narrative has been updated to reflect additional information obtained since the initial report was submitted on February 7, 2024 [REDACTED, MAY CONTAIN CONFIDENTIAL BUSINESS INFORMATION]. 
On February [XXX], 2024 at 2:34 PM PT a Waymo Autonomous Vehicle (Waymo AV) operating in San Francisco, California was in a collision involving a bicyclist on [XXX] at [XXX].
The Waymo AV was traveling westbound on [XXX] and came to a stop at a 4-way stop sign intersection at [XXX]. When it was the Waymo AVs turn at the intersection, the Waymo AV entered the intersection to proceed straight. At this point, a delivery truck traveling eastbound on [XXX] was already in the middle of the intersection (the delivery truck arrived at its stop sign first and proceeded into the intersection before the Waymo AV). As the Waymo AV passed the rear of the delivery truck, an occluded bicyclist who was traveling behind the delivery truck became visible and was making a sharp left turn onto northbound [XXX], in front of the Waymo AVs path. The cyclist had entered the 4-way stop intersection without stopping or yielding. The Waymo AV detected the bicyclist, applied heavy braking, but was unable to avoid contact with the bicyclist before coming to a full stop. 
At the time of the impact, the Waymo AVs Level 4 ADS was engaged in autonomous mode. The Waymo AV sustained minor body damage, and the bicyclist reported minor injuries and damage to their bicycle. The Waymo AV remained stopped in the intersection for approximately one minute, and after the path was clear, resumed driving for a short period of time. The Waymo AV was then returned to the scene by one of Waymos roadside assistance specialists. The Waymo AV did not require towing and was returned to the depot in manual mode.
Waymo is reporting this crash under Request No. 1 of Standing General Order 2021-01 because a vulnerable road user was involved. Waymo may supplement or correct its reporting with additional information as it may become available.", ,False,94107,SAN_FRANCISCO,Cyclist,True,True,prior_june16,True,True,True,True,False,False,True,False,True,True,True,False
30270-7190,2,Waymo LLC,10-Day Update,,,FEB-2024,SADHW2S13M1, ,,Jaguar,I-Pace, ,2021.0, ,0f48fa1f53d41b1,80882.0, ,,5th Generation, , ,5th Generation, , ,Version 8, , ,, ,Y,,, ,Y,Yes (specify below),"CA DMV, CA PUC",Yes,ADS,Waymo LLC, , ,Y, , , , , ,,FEB-2024, ,FEB-2024,13:35, ,9efe939f0ad5856,[MAY CONTAIN PERSONALLY IDENTIFIABLE INFORMATION], ,[MAY CONTAIN PERSONALLY IDENTIFIABLE INFORMATION], ,[MAY CONTAIN PERSONALLY IDENTIFIABLE INFORMATION], ,San Francisco, ,CA ,[MAY CONTAIN PERSONALLY IDENTIFIABLE INFORMATION], ,Intersection,Dry,No Unusual Conditions,25.0, ,Daylight, , ,Y, , , , , ,,Motorcycle,No Injuries Reported,Yes,Proceeding Straight,Not Applicable,No, , ,Y, , , , , , , , ,Proceeding Straight,No,No,Yes,1.0, , , , , , , ,Y, , , , , , ,Y, ,Y,Y, , ,No,, ,Yes,, ,, ,, ,Yes, ,"The content of this report is unchanged from the initial report submitted on February 20, 2024 [REDACTED, MAY CONTAIN CONFIDENTIAL BUSINESS INFORMATION]
On February [XXX], 2024 at 1:35 PM PT a Waymo Autonomous Vehicle (""Waymo AV"") operating in San Francisco, California was in a collision involving a motorcyclist on [XXX] at [XXX].
The Waymo AV was traveling northbound on [XXX] and was stopped at a red traffic light at [XXX], with a motorcyclist stopped behind the Waymo AV. When the light turned green, the Waymo AV proceeded into the intersection with the motorcyclist traveling close behind. In the intersection, the Waymo AV braked, and the motorcyclist then made contact with the rear of the Waymo AV. At the time of the impact, the Waymo AV's Level 4 ADS was engaged in autonomous mode. The Waymo AV sustained damage, and the motorcyclist left the scene.
Waymo is reporting this crash under Request No. 1 of Standing General Order 2021-01 because a vulnerable road user was involved. Waymo may supplement or correct its reporting with additional information as it may become available.", ,False,94115,SAN_FRANCISCO,Motorcycle,False,False,prior_june16,True,True,False,True,False,False,True,False,False,True,True,False