Report ID,Report Version,Reporting Entity,Report Type,Report Month,Report Year,Report Submission Date,VIN,VIN - Unknown,Serial Number,Make,Model,Model - Unknown,Model Year,Model Year - Unknown,Same Vehicle ID,Mileage,Mileage - Unknown,Driver / Operator Type,ADAS/ADS System Version,ADAS/ADS System Version - Unk,ADAS/ADS System Version CBI,ADAS/ADS Hardware Version,ADAS/ADS Hardware Version - Unk,ADAS/ADS Hardware Version CBI,ADAS/ADS Software Version,ADAS/ADS Software Version - Unk,ADAS/ADS Software Version CBI,Other Reporting Entities?,Other Reporting Entities? - Unk,Other Reporting Entities? - NA,Federal Regulatory Exemption?,Other Federal Reg. Exemption,Federal Reg. Exemption - Unk,Federal Reg. Exemption - No,State or Local Permit?,State or Local Permit,ADS Equipped?,Automation System Engaged?,Operating Entity,Operating Entity - Unknown,Source - Complaint/Claim,Source - Telematics,Source - Law Enforcement,Source - Field Report,Source - Testing,Source - Media,Source - Other,Source - Other Text,Incident Date,Incident Date - Unknown,Notice Received Date,Incident Time (24:00),Incident Time - Unknown,Same Incident ID,Latitude,Latitude - Unknown,Longitude,Longitude - Unknown,Address,Address - Unknown,City,City - Unknown,State,Zip Code,Zip Code - Unknown,Roadway Type,Roadway Surface,Roadway Description,Posted Speed Limit (MPH),Posted Speed Limit - Unknown,Lighting,Weather - Clear,Weather - Snow,Weather - Cloudy,Weather - Fog/Smoke,Weather - Rain,Weather - Severe Wind,Weather - Unknown,Weather - Other,Weather - Other Text,Crash With,Highest Injury Severity Alleged,Property Damage?,CP Pre-Crash Movement,CP Any Air Bags Deployed?,CP Was Vehicle Towed?,CP Contact Area - Rear Left,CP Contact Area - Left,CP Contact Area - Front Left,CP Contact Area - Rear,CP Contact Area - Top,CP Contact Area - Front,CP Contact Area - Rear Right,CP Contact Area - Right,CP Contact Area - Front Right,CP Contact Area - Bottom,CP Contact Area - Unknown,SV Pre-Crash Movement,SV Any Air Bags Deployed?,SV Was Vehicle Towed?,SV Were All Passengers Belted?,SV Precrash Speed (MPH),SV Pre-crash Speed - Unknown,SV Contact Area - Rear Left,SV Contact Area - Left,SV Contact Area - Front Left,SV Contact Area - Rear,SV Contact Area - Top,SV Contact Area - Front,SV Contact Area - Rear Right,SV Contact Area - Right,SV Contact Area - Front Right,SV Contact Area - Bottom,SV Contact Area - Unknown,Data Availability - EDR,Data Availability - Police Rpt,Data Availability - Telematics,Data Availability - Complaints,Data Availability - Video,Data Availability - Other,Data Availability - No Data,Data Availability - Unknown,Law Enforcement Investigating?,Investigating Agency,Investigating Agency - Unknown,Rep Ent Or Mfr Investigating?,Investigating Officer Name,Inv. Officer Name - Unknown,Investigating Officer Phone,Inv. Officer Phone - Unknown,Investigating Officer Email,Inv. Officer Email - Unknown,Within ODD?,Within ODD? - CBI,Narrative,Narrative - CBI?,hub_delta_v_less_than_1mph,hub_zip_code,hub_location,hub_crash_type,hub_is_police_reported,hub_is_any_injury_reported,data_period,reportable_v2,reportable_v3,filter_has_injury,filter_is_vru,filter_has_airbag,filter_has_tow,filter_is_5day_trigger,filter_is_single_vehicle,filter_waymo_struck_another,filter_deltav_over_1mph,filter_waymo_was_moving,filter_waymo_was_stationary
30270-7948,2,Waymo LLC,Update,,,JUL-2024,SADHW2S10R1, ,,Jaguar,I-Pace, ,2024.0, ,d502a98b8f0cfcf,164.0, ,In-Vehicle (Commercial / Test),5th Generation ADS, , ,5th Generation, , ,Version 9, , ,Transdev Alternative Services, , ,,, ,Y,Yes (specify below),"CA DMV, CA PUC",Yes,ADS,Waymo LLC, , ,Y, , , , , ,,MAY-2024, ,MAY-2024,11:45, ,fb946bdabf49687,[MAY CONTAIN PERSONALLY IDENTIFIABLE INFORMATION], ,[MAY CONTAIN PERSONALLY IDENTIFIABLE INFORMATION], ,[MAY CONTAIN PERSONALLY IDENTIFIABLE INFORMATION], ,San Francisco, ,CA ,[MAY CONTAIN PERSONALLY IDENTIFIABLE INFORMATION], ,Highway / Freeway,Dry,No Unusual Conditions,65.0, ,Daylight, , ,Y, , , , , ,,Passenger Car,Minor,Yes,Proceeding Straight,No,No, , , , , , ,Y, ,Y, , ,Changing Lanes,No,No,Yes,10.0, , , ,Y, , , , , , , , , , ,Y, ,Y,Y, , ,Yes,California Highway Patrol, ,Yes,[MAY CONTAIN PERSONALLY IDENTIFIABLE INFORMATION], ,[MAY CONTAIN PERSONALLY IDENTIFIABLE INFORMATION], ,,Y,Yes, ,"This report is being submitted as an update to the initial report submitted on June 17, 2024 [REDACTED, MAY CONTAIN CONFIDENTIAL BUSINESS INFORMATION]. Waymo also received notice that passengers in the other involved vehicle alleged minor injuries and is updating this report accordingly. All other content in this report remains unchanged.
On May [XXX], 2024 at 11:45 AM PT a Waymo Autonomous Vehicle (Waymo AV) operating in [XXX], California was in a collision involving a passenger car on [XXX] between exits [XXX] and [XXX]. 
The Waymo AV was traveling north on [XXX] in the rightmost lane in autonomous mode with a test driver seated in the drivers seated position when it approached a slow-moving heavy truck equipped with a truck-mounted light matrix displaying a yellow arrow indicating that traffic should merge to the left. The Waymo AV slowed down behind the heavy truck and the test driver transitioned the Waymo AV to manual mode. The test driver stopped the Waymo AV and activated the left turn signal. Several vehicles passed the Waymo AV on the left side before the test driver manually initiated a left lane change, and the front passenger side of a passenger car which was passing the Waymo AV on the left made contact with the front driver side of the Waymo AV. At the time of the impact, the Waymo AVs Level 4 ADS was not engaged and a test driver was operating the Waymo AV in manual mode.  Both vehicles sustained damage.
Waymo is reporting this crash under Request No. 2 of Standing General Order 2021-01.  Waymo may supplement or correct its reporting with additional information as it may become available.", ,,,,,,,prior_june16,True,True,True,False,False,False,True,False,True,False,True,False
30270-7954,1,Waymo LLC,Monthly,5.0,2024.0,JUN-2024,SADHW2S15R1, ,,Jaguar,I-Pace, ,2024.0, ,c29b4c11225a765,277.0, ,In-Vehicle (Commercial / Test),5th Generation ADS, , ,5th Generation, , ,Version 9, , ,Transdev Alternative Services, , ,,, ,Y,Yes (specify below),"CA DMV, CA PUC",Yes,ADS,Waymo LLC, , ,Y, , , , , ,,MAY-2024, ,MAY-2024,23:16, ,b223e677151596a,[MAY CONTAIN PERSONALLY IDENTIFIABLE INFORMATION], ,[MAY CONTAIN PERSONALLY IDENTIFIABLE INFORMATION], ,[MAY CONTAIN PERSONALLY IDENTIFIABLE INFORMATION], ,San Francisco, ,CA ,[MAY CONTAIN PERSONALLY IDENTIFIABLE INFORMATION], ,Highway / Freeway,Dry,No Unusual Conditions,65.0, ,Dark - Not Lighted,Y, , , , , , , ,,Animal,No Injuries Reported,Yes,"Other, see Narrative",,, , , , , , , , , , , ,Proceeding Straight,No,No,Yes,61.0, , , ,Y, , , , , , , , , , ,Y, ,Y,Y, , ,No,, ,Yes,, ,, ,, ,Yes, ,"On May [XXX], 2024 at 11:16 PM PT a Waymo Autonomous Vehicle (""Waymo AV"") operating in San Francisco, California was in a collision involving a wild animal (raccoon) on [XXX] between [XXX] and [XXX]. 
The Waymo AV was traveling eastbound on [XXX] in autonomous mode when a raccoon ran into the roadway from the left side of the highway in front of the Waymo AV. The Waymo AV test driver transitioned to manual mode shortly before the front drivers side of the Waymo AV made contact with the raccoon. At the time of the impact, the Waymo AV's Level 4 ADS was not engaged and a test driver was operating the Waymo AV in manual mode. The Waymo AV sustained damage.
Waymo is reporting this crash under Request No. 2 of Standing General Order 2021-01. Waymo may supplement or correct its reporting with additional information as it may become available.", ,,,,,,,prior_june16,True,True,False,False,False,False,False,True,True,False,True,False
30270-7959,1,Waymo LLC,5-Day,,,JUN-2024,SADHW2S18R1, ,,Jaguar,I-Pace, ,2024.0, ,5f975470bb11f2c,13931.0, ,,5th Generation ADS, , ,5th Generation, , ,Version 9, , ,, ,Y,,, ,Y,Yes (specify below),"CA DMV, CA PUC",Yes,ADS,Waymo LLC, , ,Y, , , , , ,,JUN-2024, ,JUN-2024,23:31, ,4d0e5e2a7e91285,[MAY CONTAIN PERSONALLY IDENTIFIABLE INFORMATION], ,[MAY CONTAIN PERSONALLY IDENTIFIABLE INFORMATION], ,[MAY CONTAIN PERSONALLY IDENTIFIABLE INFORMATION], ,San Francisco, ,CA ,[MAY CONTAIN PERSONALLY IDENTIFIABLE INFORMATION], ,Intersection,Dry,No Unusual Conditions,25.0, ,Dark - Lighted,Y, , , , , , , ,,Passenger Car,Moderate,Yes,Proceeding Straight,No,Unknown, , ,Y, , ,Y, , ,Y, , ,Proceeding Straight,No,Yes,Yes,1.0, ,Y, , ,Y, , ,Y, , , , , , ,Y, ,Y,Y, , ,Yes,San Francisco Police Department, ,Yes,[MAY CONTAIN PERSONALLY IDENTIFIABLE INFORMATION], ,[MAY CONTAIN PERSONALLY IDENTIFIABLE INFORMATION], ,,Y,Yes, ,"On June [XXX], 2024 at 11:31 PM PT a Waymo Autonomous Vehicle (""Waymo AV"") operating in San Francisco, California was in a collision involving a passenger car on [XXX] at [XXX]. 
The Waymo AV was traveling south on [XXX] and stopped at a stop sign at [XXX].  After the stop as the Waymo AV started to enter the intersection, a passenger car traveling behind the Waymo AV made contact with the rear bumper of the Waymo AV.  At the time of the impact, the Waymo AV's Level 4 ADS was engaged in autonomous mode. Both vehicles sustained damage.  
Waymo is reporting this crash under Request No. 1 of Standing General Order 2021-01 a vehicle involved was towed away. Waymo may supplement or correct its reporting with additional information as it may become available.", ,False,94114,SAN_FRANCISCO,V2V F2R,True,True,prior_june16,True,True,True,False,False,True,True,False,False,True,True,False
30270-7998,1,Waymo LLC,5-Day,,,JUN-2024,SADHW2S18R1, ,,Jaguar,I-Pace, ,2024.0, ,2fbc0f5aa555048,5004.0, ,,5th Generation ADS, , ,5th Generation, , ,Version 9, , ,, ,Y,,, ,Y,Yes (specify below),"CA DMV, CA PUC",Yes,ADS,Waymo LLC, , ,Y, , , , , ,,JUN-2024, ,JUN-2024,00:33, ,88ebc78ffa54a7c,[MAY CONTAIN PERSONALLY IDENTIFIABLE INFORMATION], ,[MAY CONTAIN PERSONALLY IDENTIFIABLE INFORMATION], ,[MAY CONTAIN PERSONALLY IDENTIFIABLE INFORMATION], ,San Francisco, ,CA ,[MAY CONTAIN PERSONALLY IDENTIFIABLE INFORMATION], ,Street,Dry,No Unusual Conditions,25.0, ,Dark - Lighted,Y, , , , , , , ,,Passenger Car,No Injuries Reported,Yes,Proceeding Straight,No,No, , , , , , , ,Y, , , ,Stopped,No,Yes,"No, see Narrative",0.0, , ,Y, , , , , , , , , , , ,Y, ,Y,Y, , ,No,, ,Yes,, ,, ,, ,Yes, ,"On June [XXX], 2024 at 12:33 AM PT a Waymo Autonomous Vehicle (""Waymo AV"") operating in San Francisco, California was in a collision involving an SUV on [XXX] near [XXX]. 
The Waymo AV was stopped partially in a curbside parking space conducting a rider dropoff facing east on the south side of [XXX] when the passenger side of an SUV traveling east in the rightmost lane of [XXX] made contact with the driver side mirror of the Waymo AV.  One of the passengers in the Waymo AV unbuckled their seatbelt shortly before the moment of impact, likely because the AV was at its dropoff location and the passenger was preparing to exit. At the time of the impact, the Waymo AV's Level 4 ADS was engaged in autonomous mode. The Waymo AV sustained damage.
Waymo is reporting this crash under Request No. 1 of Standing General Order 2021-01 because a vehicle involved was towed away. Waymo may supplement or correct its reporting with additional information as it may become available.", ,True,94102,SAN_FRANCISCO,V2V Lateral,False,False,prior_june16,True,True,False,False,False,True,True,False,False,False,False,True
30270-8039,2,Waymo LLC,10-Day Update,,,JUL-2024,SADHW2S18M1, ,,Jaguar,I-Pace, ,2021.0, ,66e5f5ca1d65aee,112590.0, ,In-Vehicle (Commercial / Test),5th Generation ADS, , ,5th Generation, , ,Version 9, , ,, ,Y,,, ,Y,Yes (specify below),"CA DMV, CA PUC",Yes,ADS,Waymo LLC, , ,Y, , , ,Y, ,,JUL-2024, ,JUL-2024,12:59, ,46313087c8e64f4,[MAY CONTAIN PERSONALLY IDENTIFIABLE INFORMATION], ,[MAY CONTAIN PERSONALLY IDENTIFIABLE INFORMATION], ,[MAY CONTAIN PERSONALLY IDENTIFIABLE INFORMATION], ,San Francisco, ,CA ,[MAY CONTAIN PERSONALLY IDENTIFIABLE INFORMATION], ,Parking Lot,Dry,No Unusual Conditions,5.0, ,Daylight,Y, , , , , , , ,,Non-Motorist: Cyclist,Unknown,No,NM Moving on Sidewalk,,, , , , , , , , , , , ,Stopped,No,No,No Passengers in Vehicle,0.0, , , , , , , , , ,Y, , , , ,Y, ,Y, , , ,Yes,SFPD, ,Yes,[MAY CONTAIN PERSONALLY IDENTIFIABLE INFORMATION], ,[MAY CONTAIN PERSONALLY IDENTIFIABLE INFORMATION], ,,Y,Yes, ,"The content of this report is unchanged from the initial report submitted on July 7th, 2024 [REDACTED, MAY CONTAIN CONFIDENTIAL BUSINESS INFORMATION]. 
On July [xxx], 2024, at 12:59 PM PT a Waymo Autonomous Vehicle (""Waymo AV"") operating in [XXX], California was involved in an alleged collision with a non-motorist (cyclist) at a parking garage exit on [XXX] between [XXX] and [XXX]. 
The Waymo AV was exiting a parking garage onto [XXX], between [XXX] and [XXX]. As the Waymo AV approached the garage exit, it stopped for a cyclist who was approaching from the left. The Waymo AV remained stationary as the cyclist passed in front of the vehicle, slowed, and appeared to begin to dismount. The cyclist then reached out a hand and made contact with the front passenger side of the stationary Waymo AV, backed the bicycle up slightly, dropped the bicycle, then fell to the ground. 
At the time of the possible impact, the Waymo AV's Level 4 ADS was engaged in autonomous mode, and a test driver was present. The cyclist received medical attention at the scene and was reportedly transported to a hospital by local emergency services. The Waymo AV did not sustain any damage. 
Even though this event may involve intentional contact by the bicyclist with a stationary Waymo AV and the occurrence of actual impact between the Waymo AV and the cycle is not clear, Waymo is reporting this event as a crash under Request No. 1 of Standing General Order 2021-01 because a media report included an allegation of a crash and because a vulnerable road user (cyclist) influenced the driving task of a vehicle involved and reportedly was transported to a hospital for medical treatment as a result of the event. Waymo may supplement or correct its reporting with additional information as it may become available.", ,,,,,,,prior_june16,True,True,False,True,False,False,True,False,False,False,False,True
30270-8061,1,Waymo LLC,5-Day,,,JUL-2024,SADHW2S10R1, ,,Jaguar,I-Pace, ,2024.0, ,bba221bd494dda8,17265.0, ,,5th Generation ADS, , ,5th Generation, , ,Version 9, , ,, ,Y,,, ,Y,Yes (specify below),"CA DMV, CA PUC",Yes,ADS,Waymo LLC, , ,Y, , , , , ,,JUL-2024, ,JUL-2024,20:43, ,e7bd1ea6542b009,[MAY CONTAIN PERSONALLY IDENTIFIABLE INFORMATION], ,[MAY CONTAIN PERSONALLY IDENTIFIABLE INFORMATION], ,[MAY CONTAIN PERSONALLY IDENTIFIABLE INFORMATION], ,San Francisco, ,CA ,[MAY CONTAIN PERSONALLY IDENTIFIABLE INFORMATION], ,Intersection,Dry,No Unusual Conditions,25.0, ,Dawn / Dusk, , ,Y, , , , , ,,Passenger Car,No Injuries Reported,Yes,Traveling Wrong Way,Yes,Yes, , ,Y, , ,Y, , ,Y, , ,"Other, see Narrative",Yes,Yes,Yes,1.0, , , ,Y, , , , , , , , , , ,Y, ,Y,Y, , ,No,, ,Yes,, ,, ,, ,Yes, ,"On July [XXX], 2024 at 8:43 PM PT a Waymo Autonomous Vehicle (""Waymo AV"") operating in [XXX], California was in a collision involving a passenger car on [XXX]. 
The Waymo AV was traveling east on [XXX]. As the AV approached the all-way stop sign at [XXX], it detected a vehicle traveling west on [XXX] and crossing into the opposing lane (the lane in which the AV was traveling). The passenger car entered the intersection in the opposing lane without slowing. The Waymo AV slowed down and maneuvered towards the right side of the eastbound lane as the front of the passenger car, still moving in the wrong direction in the eastbound lane, made contact with the front driver side corner of the Waymo AV.  At the time of the impact, the Waymo AV's Level 4 ADS was engaged in autonomous mode.  Both vehicles sustained damage.
Waymo is reporting this crash under Request No. 1 of Standing General Order 2021-01 because a vehicle involved was towed away and because of airbag deployment. Waymo may supplement or correct its reporting with additional information as it may become available.", ,False,94116,SAN_FRANCISCO,V2V Head-on,True,False,prior_june16,True,True,False,False,True,True,True,False,True,True,True,False
30270-8139,1,Waymo LLC,Monthly,6.0,2024.0,JUL-2024,SADHW2S15M1, ,,Jaguar,I-Pace, ,2021.0, ,c01ea2068860b0f,127908.0, ,,5th Generation ADS, , ,5th Generation, , ,Version 9, , ,, ,Y,,, ,Y,Yes (specify below),"CA DMV, CA PUC						",Yes,ADS,Waymo LLC, , ,Y, , , , , ,,JUN-2024, ,JUN-2024,12:28, ,a44514c80a6c2d2,[MAY CONTAIN PERSONALLY IDENTIFIABLE INFORMATION], ,[MAY CONTAIN PERSONALLY IDENTIFIABLE INFORMATION], ,[MAY CONTAIN PERSONALLY IDENTIFIABLE INFORMATION], ,San Francisco, ,CA ,[MAY CONTAIN PERSONALLY IDENTIFIABLE INFORMATION], ,Intersection,Dry,No Unusual Conditions,25.0, ,Daylight, , ,Y, , , , , ,,Passenger Car,No Injuries Reported,Yes,Proceeding Straight,No,No,Y, , , , , , , , , , ,Proceeding Straight,No,No,No Passengers in Vehicle,1.0, , , , , , , , , ,Y, , , , ,Y, ,Y,Y, , ,No,, ,Yes,, ,, ,, ,Yes, ,"On June [XXX], 2024 at 12:28 PM PT a Waymo Autonomous Vehicle (Waymo AV) operating in [XXX], California was in a collision involving a passenger car on [XXX] at [XXX]. 
The Waymo AV was traveling north on [XXX] through the intersection at [XXX] when a passenger car passed the Waymo AV on the right. The passenger car turned to the left in front of the Waymo AV and came to an abrupt stop. The driver side rear corner of the passenger car made contact with the passenger side front corner of the Waymo AV.  At the time of the impact, the Waymo AVs Level 4 ADS was engaged in autonomous mode.  The Waymo AV sustained damage and the passenger car left the scene.
Waymo is reporting this crash under Request No. 2 of Standing General Order 2021-01. Waymo may supplement or correct its reporting with additional information as it may become available.", ,True,94102,SAN_FRANCISCO,V2V Lateral,False,False,prior_june16,True,True,False,False,False,False,False,False,True,False,True,False
30270-8145,1,Waymo LLC,Monthly,6.0,2024.0,JUL-2024,SADHW2S18R1, ,,Jaguar,I-Pace, ,2024.0, ,d674426385f0fc8,1436.0, ,,5th Generation ADS, , ,5th Generation, , ,Version 9, , ,, ,Y,,, ,Y,Yes (specify below),"CA DMV, CA PUC						",Yes,ADS,Waymo LLC, , ,Y, , , , , ,,JUN-2024, ,JUN-2024,08:47, ,19284fe3327827b,[MAY CONTAIN PERSONALLY IDENTIFIABLE INFORMATION], ,[MAY CONTAIN PERSONALLY IDENTIFIABLE INFORMATION], ,[MAY CONTAIN PERSONALLY IDENTIFIABLE INFORMATION], ,San Francisco, ,CA ,[MAY CONTAIN PERSONALLY IDENTIFIABLE INFORMATION], ,Parking Lot,Dry,No Unusual Conditions,15.0, ,Daylight,Y, , , , , , , ,,Other Fixed Object,No Injuries Reported,Yes,,,, , , , , , , , , , , ,Making Left Turn,No,No,No Passengers in Vehicle,2.0, , , , , , ,Y, , , , , , , ,Y, ,Y,Y, , ,Yes,Department of Public Safety, ,Yes,[MAY CONTAIN PERSONALLY IDENTIFIABLE INFORMATION], ,[MAY CONTAIN PERSONALLY IDENTIFIABLE INFORMATION], ,[MAY CONTAIN PERSONALLY IDENTIFIABLE INFORMATION], ,Yes, ,"On June [XXX], 2024 at 8:47 AM PT a Waymo Autonomous Vehicle (Waymo AV) operating in [XXX], California was in a collision involving a fixed object (gate reader box) at [XXX]. 
The Waymo AV was turning left to exit a driveway at [XXX] when the front of the Waymo AV made contact with a gate reader box on the right side of the driveway. At the time of the impact, the Waymo AVs Level 4 ADS was engaged in autonomous mode. The Waymo AV and the gate reader box sustained damage.
Waymo is reporting this crash under Request No. 2 of Standing General Order 2021-01. Waymo may supplement or correct its reporting with additional information as it may become available.", ,True,94117,SAN_FRANCISCO,Single Vehicle,True,False,prior_june16,True,True,False,False,False,False,False,True,True,False,True,False
30270-8152,1,Waymo LLC,Monthly,6.0,2024.0,JUL-2024,SADHW2S11R1, ,,Jaguar,I-Pace, ,2024.0, ,a408dead6df7aab,15703.0, ,,5th Generation ADS, , ,5th Generation, , ,Version 9, , ,, ,Y,,, ,Y,Yes (specify below),"CA DMV, CA PUC						",Yes,ADS,Waymo LLC, , ,Y, , , , , ,,JUN-2024, ,JUN-2024,20:15, ,395270ce46157ae,[MAY CONTAIN PERSONALLY IDENTIFIABLE INFORMATION], ,[MAY CONTAIN PERSONALLY IDENTIFIABLE INFORMATION], ,[MAY CONTAIN PERSONALLY IDENTIFIABLE INFORMATION], ,San Francisco, ,CA ,[MAY CONTAIN PERSONALLY IDENTIFIABLE INFORMATION], ,Intersection,Dry,No Unusual Conditions,25.0, ,Daylight,Y, , , , , , , ,,"Other, see Narrative",No Injuries Reported,Yes,"Other, see Narrative",Not Applicable,Not Applicable, , , , , , , , , , ,Y,Proceeding Straight,No,No,Yes,3.0, , , ,Y, , ,Y, , ,Y, , , , ,Y, ,Y,Y, , ,No,, ,Yes,, ,, ,, ,Yes, ,"On June [XXX], 2024 at 8:15 PM PT a Waymo Autonomous Vehicle (Waymo AV) operating in [XXX], California was in a collision involving a portable metal barrier on [XXX] at [XXX].
The Waymo AV was traveling southeast on [XXX] at a low rate of speed when the front of the Waymo AV made contact with a portable metal barrier at the intersection with [XXX]. As the Waymo AV made a right turn onto southwestbound {XXX], it pushed the barrier along with it and the rightmost edge of the barrier made contact with the rear driver side of a postal van parked at the curb of southwestbound [XXX]. As the Waymo AV began to slow to initiate a pull over (still pushing the barrier), the rightmost edge of the barrier made contact with the driver side of two other postal vans and two passenger cars that were also parked at the curb of southwestbound [XXX]. The Waymo AV continued to push the barrier as it completed the pullover, coming to a stop on the right side of  southwestbound [XXX]. At the time of the impact, the Waymo AVs Level 4 ADS was engaged in autonomous mode. The metal barrier and all vehicles mentioned sustained damage.
Waymo is reporting this crash under Request No. 2 of Standing General Order 2021-01.Waymo may supplement or correct its reporting with additional information as it may become available.", ,True,94105,SAN_FRANCISCO,Single Vehicle,False,False,prior_june16,True,True,False,False,False,False,False,False,True,False,True,False
30270-8156,1,Waymo LLC,Monthly,6.0,2024.0,JUL-2024,SADHW2S18R1, ,,Jaguar,I-Pace, ,2024.0, ,d642b99fb76068b,3200.0, ,,5th Generation ADS, , ,5th Generation, , ,Version 9, , ,, ,Y,,, ,Y,Yes (specify below),"CA DMV, CA PUC						",Yes,ADS,Waymo LLC, , ,Y, , , , , ,,JUN-2024, ,JUN-2024,00:07, ,ac315e948c2c082,[MAY CONTAIN PERSONALLY IDENTIFIABLE INFORMATION], ,[MAY CONTAIN PERSONALLY IDENTIFIABLE INFORMATION], ,[MAY CONTAIN PERSONALLY IDENTIFIABLE INFORMATION], ,Santa Monica, ,CA ,[MAY CONTAIN PERSONALLY IDENTIFIABLE INFORMATION], ,Street,Dry,No Unusual Conditions,25.0, ,Dark - Not Lighted,Y, , , , , , , ,,SUV,No Injuries Reported,Yes,Parked,No,No,Y, , , , , , , , , , ,Entering Traffic,No,No,No Passengers in Vehicle,2.0, , , , , , , , , ,Y, , , , ,Y, ,Y,Y, , ,No,, ,Yes,, ,, ,, ,Yes, ,"On June [XXX], 2024 at 12:07 AM PT a Waymo Autonomous Vehicle (Waymo AV) operating in [XXX], California was in a collision involving an SUV on [XXX] near [XXX]. 
The Waymo AV was maneuvering out of a curbside parallel parking space on the south side of [XXX] when the passenger side front corner of the Waymo AV made contact with the driver side back corner of an SUV parked in front of the AV. At the time of the impact, the Waymo AVs Level 4 ADS was engaged in autonomous mode. Both vehicles sustained damage.
Waymo is reporting this crash under Request No. 2 of Standing General Order 2021-01. Waymo may supplement or correct its reporting with additional information as it may become available.", ,False,90405,LOS_ANGELES,V2V F2R,False,False,prior_june16,True,True,False,False,False,False,False,False,True,True,True,False
30270-8158,1,Waymo LLC,Monthly,6.0,2024.0,JUL-2024,SADHW2S15R1, ,,Jaguar,I-Pace, ,2024.0, ,8b01c33676034f7,5587.0, ,,5th Generation ADS, , ,5th Generation, , ,Version 9, , ,, ,Y,,, ,Y,Yes (specify below),"CA DMV, CA PUC						",Yes,ADS,Waymo LLC, , ,Y, , , , , ,,JUN-2024, ,JUN-2024,11:54, ,6631b7a8dd06504,[MAY CONTAIN PERSONALLY IDENTIFIABLE INFORMATION], ,[MAY CONTAIN PERSONALLY IDENTIFIABLE INFORMATION], ,[MAY CONTAIN PERSONALLY IDENTIFIABLE INFORMATION], ,Los Angeles, ,CA ,[MAY CONTAIN PERSONALLY IDENTIFIABLE INFORMATION], ,Intersection,Dry,No Unusual Conditions,25.0, ,Daylight,Y, , , , , , , ,,Passenger Car,Minor,Yes,Proceeding Straight,No,No, , ,Y, , ,Y, , , , , ,Stopped,No,No,Yes,0.0, ,Y, , ,Y, , , , , , , , , ,Y, ,Y,Y, , ,No,, ,Yes,, ,, ,, ,Yes, ,"On June [XXX], 2024 at 11:54 AM PT a Waymo Autonomous Vehicle (Waymo AV) operating in [XXX], California was in a collision involving a passenger car on [XXX] at [XXX]. 
The Waymo AV was traveling southwest on [XXX] when it came to a stop at a stop sign at [XXX].  While the Waymo AV remained stopped, a passenger car approached the Waymo AV from behind. The front of the passenger car made contact with the rear of the Waymo AV. At the time of the impact, the Waymo AVs Level 4 ADS was engaged in autonomous mode. Both vehicles sustained damage and the passenger car left the scene. The passenger in the Waymo AV reported a minor injury. 
Waymo is reporting this crash under Request No. 2 of Standing General Order 2021-01. Waymo may supplement or correct its reporting with additional information as it may become available.", ,False,90025,LOS_ANGELES,V2V F2R,False,True,prior_june16,True,True,True,False,False,False,True,False,False,True,False,True
30270-8182,2,Waymo LLC,10-Day Update,,,JUL-2024,SADHW2S12M1, ,,Jaguar,I-Pace, ,2021.0, ,1f94d9b474c8b7b,94884.0, ,,5th Generation ADS, , ,5th Generation, , ,Version 9, , ,, ,Y,,, ,Y,Yes (specify below),"CA DMV, CA PUC						",Yes,ADS,Waymo LLC, , ,Y, , , , , ,,JUL-2024, ,JUL-2024,15:49, ,52013c1519577f5,[MAY CONTAIN PERSONALLY IDENTIFIABLE INFORMATION], ,[MAY CONTAIN PERSONALLY IDENTIFIABLE INFORMATION], ,[MAY CONTAIN PERSONALLY IDENTIFIABLE INFORMATION], ,San Francisco, ,CA ,[MAY CONTAIN PERSONALLY IDENTIFIABLE INFORMATION], ,Intersection,Dry,No Unusual Conditions,25.0, ,Daylight,Y, , , , , , , ,,Motorcycle,No Injuries Reported,Yes,Proceeding Straight,No,No, , , , , ,Y, , , , , ,Stopped,No,No,Yes,0.0, ,Y, , , , , , , , , , , , ,Y, ,Y,Y, , ,No,, ,Yes,, ,, ,, ,Yes, ,"The content of this report is unchanged from the initial report submitted on July 18, 2024 [REDACTED, MAY CONTAIN CONFIDENTIAL BUSINESS INFORMATION]. 
On July [XXX], 2024 at 3:49 PM PT a Waymo Autonomous Vehicle (Waymo AV) operating in San Francisco, California was in a collision involving a motorcycle on [XXX] at [XXX]. 
The Waymo AV was traveling northbound on [XXX] and stopped at a four-way stop sign at [XXX]. The Waymo AV then slowly proceeded forward to prepare to make a left turn from northbound [XXX] onto westbound [XXX], when it slowed to yield to a pedestrian crossing [XXX]. While continuing to yield, the Waymo AV crossed through the intersection and began making the left turn at a low rate of speed. As the Waymo AV continued to yield, a motorcycle traveling eastbound on [XXX] crossed through the intersection behind the pedestrian without first stopping. The Waymo AV slowed to a stop as it yielded to both the pedestrian and the motorcycle when the front of the motorcycle made contact with the rear driver side of the Waymo AV. At the time of the impact, the Waymo AVs Level 4 ADS was engaged in autonomous mode. The Waymo AV sustained damage, and the motorcyclist left the scene.
Waymo is reporting this crash under Request No. 1 of Standing General Order 2021-01 because a vulnerable road user influenced the driving task of a vehicle involved. Waymo may supplement or correct its reporting with additional information as it may become available.", ,False,94115,SAN_FRANCISCO,Motorcycle,False,False,prior_june16,True,True,False,True,False,False,True,False,False,True,False,True