Report ID,Report Version,Reporting Entity,Report Type,Report Month,Report Year,Report Submission Date,VIN,VIN - Unknown,Serial Number,Make,Model,Model - Unknown,Model Year,Model Year - Unknown,Same Vehicle ID,Mileage,Mileage - Unknown,Driver / Operator Type,ADAS/ADS System Version,ADAS/ADS System Version - Unk,ADAS/ADS System Version CBI,ADAS/ADS Hardware Version,ADAS/ADS Hardware Version - Unk,ADAS/ADS Hardware Version CBI,ADAS/ADS Software Version,ADAS/ADS Software Version - Unk,ADAS/ADS Software Version CBI,Other Reporting Entities?,Other Reporting Entities? - Unk,Other Reporting Entities? - NA,Federal Regulatory Exemption?,Other Federal Reg. Exemption,Federal Reg. Exemption - Unk,Federal Reg. Exemption - No,State or Local Permit?,State or Local Permit,ADS Equipped?,Automation System Engaged?,Operating Entity,Operating Entity - Unknown,Source - Complaint/Claim,Source - Telematics,Source - Law Enforcement,Source - Field Report,Source - Testing,Source - Media,Source - Other,Source - Other Text,Incident Date,Incident Date - Unknown,Notice Received Date,Incident Time (24:00),Incident Time - Unknown,Same Incident ID,Latitude,Latitude - Unknown,Longitude,Longitude - Unknown,Address,Address - Unknown,City,City - Unknown,State,Zip Code,Zip Code - Unknown,Roadway Type,Roadway Surface,Roadway Description,Posted Speed Limit (MPH),Posted Speed Limit - Unknown,Lighting,Weather - Clear,Weather - Snow,Weather - Cloudy,Weather - Fog/Smoke,Weather - Rain,Weather - Severe Wind,Weather - Unknown,Weather - Other,Weather - Other Text,Crash With,Highest Injury Severity Alleged,Property Damage?,CP Pre-Crash Movement,CP Any Air Bags Deployed?,CP Was Vehicle Towed?,CP Contact Area - Rear Left,CP Contact Area - Left,CP Contact Area - Front Left,CP Contact Area - Rear,CP Contact Area - Top,CP Contact Area - Front,CP Contact Area - Rear Right,CP Contact Area - Right,CP Contact Area - Front Right,CP Contact Area - Bottom,CP Contact Area - Unknown,SV Pre-Crash Movement,SV Any Air Bags Deployed?,SV Was Vehicle Towed?,SV Were All Passengers Belted?,SV Precrash Speed (MPH),SV Pre-crash Speed - Unknown,SV Contact Area - Rear Left,SV Contact Area - Left,SV Contact Area - Front Left,SV Contact Area - Rear,SV Contact Area - Top,SV Contact Area - Front,SV Contact Area - Rear Right,SV Contact Area - Right,SV Contact Area - Front Right,SV Contact Area - Bottom,SV Contact Area - Unknown,Data Availability - EDR,Data Availability - Police Rpt,Data Availability - Telematics,Data Availability - Complaints,Data Availability - Video,Data Availability - Other,Data Availability - No Data,Data Availability - Unknown,Law Enforcement Investigating?,Investigating Agency,Investigating Agency - Unknown,Rep Ent Or Mfr Investigating?,Investigating Officer Name,Inv. Officer Name - Unknown,Investigating Officer Phone,Inv. Officer Phone - Unknown,Investigating Officer Email,Inv. Officer Email - Unknown,Within ODD?,Within ODD? - CBI,Narrative,Narrative - CBI?,hub_delta_v_less_than_1mph,hub_zip_code,hub_location,hub_crash_type,hub_is_police_reported,hub_is_any_injury_reported,data_period,reportable_v2,reportable_v3,filter_has_injury,filter_is_vru,filter_has_airbag,filter_has_tow,filter_is_5day_trigger,filter_is_single_vehicle,filter_waymo_struck_another,filter_deltav_over_1mph,filter_waymo_was_moving,filter_waymo_was_stationary
30270-8687,1,Waymo LLC,5-Day,,,SEP-2024,SADHW2S17M1, ,,Jaguar,I-Pace, ,2021.0, ,e99629229709aa3,113314.0, ,,5th Generation ADS, , ,5th Generation, , ,Version 9, , ,, ,Y,,, ,Y,Yes (specify below),"CA DMV, CA PUC",Yes,ADS,Waymo LLC, , ,Y, , , , , ,,SEP-2024, ,SEP-2024,08:16, ,ed1e98a150df5af,[MAY CONTAIN PERSONALLY IDENTIFIABLE INFORMATION], ,[MAY CONTAIN PERSONALLY IDENTIFIABLE INFORMATION], ,[MAY CONTAIN PERSONALLY IDENTIFIABLE INFORMATION], ,San Francisco, ,CA ,[MAY CONTAIN PERSONALLY IDENTIFIABLE INFORMATION], ,Street,Dry,No Unusual Conditions,25.0, ,Daylight, , ,Y, , , , , ,,Heavy Truck,No Injuries Reported,Yes,Proceeding Straight,No,No, ,Y, , , , , , , , , ,Stopped,No,Yes,No Passengers in Vehicle,0.0, ,Y, , , , , , , , , , , , ,Y, ,Y,Y, , ,No,, ,Yes,, ,, ,, ,Yes, ,"On September [XXX], 2024 at 8:16 AM PT a Waymo Autonomous Vehicle (""Waymo AV"") operating in San Francisco, California was in a collision involving a garbage truck on [XXX] north of [XXX]. 
The Waymo AV was traveling northbound on [XXX], which is a narrow street with rows of parked cars on both sides of the street. The AV slowed to a stop to yield to an oncoming garbage truck. As the oncoming garbage truck passed the stopped Waymo AV, the driver side of the garbage truck made contact with the rear driver side of the Waymo AV. At the time of the impact, the Waymo's Level 4 ADS was engaged in autonomous mode. The Waymo AV sustained damage.
Waymo is reporting this crash under Request No. 1 of Standing General Order 2021-01 because a vehicle involved was towed away. Waymo may supplement or correct its reporting with additional information as it may become available", ,True,94132,SAN_FRANCISCO,V2V Head-on,False,False,prior_june16,True,True,False,False,False,True,True,False,False,False,False,True
30270-8769,1,Waymo LLC,5-Day,,,OCT-2024,SADHW2S11R1, ,,Jaguar,I-Pace, ,2024.0, ,6540a15ef008b27,12063.0, ,,5th Generation ADS, , ,5th Generation, , ,Version 9, , ,, ,Y,,, ,Y,Yes (specify below),"CA DMV, CA PUC",Yes,ADS,Waymo LLC, , ,Y, , , , , ,,OCT-2024, ,OCT-2024,02:20, ,fd33b37b7e1cb0f,[MAY CONTAIN PERSONALLY IDENTIFIABLE INFORMATION], ,[MAY CONTAIN PERSONALLY IDENTIFIABLE INFORMATION], ,[MAY CONTAIN PERSONALLY IDENTIFIABLE INFORMATION], ,San Francisco, ,CA ,[MAY CONTAIN PERSONALLY IDENTIFIABLE INFORMATION], ,Intersection,Dry,No Unusual Conditions,25.0, ,Dark - Lighted,Y, , , , , , , ,,Heavy Truck,No Injuries Reported,Yes,Making Right Turn,No,No, , , , , , ,Y, , , , ,Stopped,No,Yes,No Passengers in Vehicle,0.0, , , ,Y, , , , , , , , , , ,Y, ,Y,Y, , ,Yes,San Francisco Police Department, ,Yes,[MAY CONTAIN PERSONALLY IDENTIFIABLE INFORMATION], ,[MAY CONTAIN PERSONALLY IDENTIFIABLE INFORMATION], ,[MAY CONTAIN PERSONALLY IDENTIFIABLE INFORMATION], ,Yes, ,"On October [XXX], 2024 at 2:20 AM PT a Waymo Autonomous Vehicle (""Waymo AV"") operating in San Francisco, California was in a collision involving a heavy truck on [XXX] at [XXX].
The Waymo AV was traveling north eastbound on [XXX] and came to a stop at a stop sign at the intersection with [XXX]. To the left of the Waymo AV, a heavy truck was stopped, facing the same direction as the Waymo AV, but in the opposing lane of travel and partially within the intersection with [XXX]. As the Waymo AV began to proceed forward from a stop, the heavy truck began making a wide right turn. The Waymo AV came to a stop and the rear passenger side of the heavy truck made contact with the front driver side of the stationary Waymo AV. At the time of the impact, the Waymo AV's Level 4 ADS was engaged in autonomous mode. The Waymo AV sustained damage.
Waymo is reporting this crash under Request No. 1 of Standing General Order 2021-01 because a vehicle involved was towed away. Waymo may supplement or correct its reporting with additional information as it may become available.", ,True,94124,SAN_FRANCISCO,V2V Intersection,True,False,prior_june16,True,True,False,False,False,True,True,False,False,False,False,True
30270-8781,1,Waymo LLC,5-Day,,,OCT-2024,SADHW2S17R1, ,,Jaguar,I-Pace, ,2024.0, ,bb7a95e3244d782,2606.0, ,,5th Generation ADS, , ,5th Generation, , ,Version 9, , ,, ,Y,,, ,Y,Yes (specify below),"CA DMV, CA PUC",Yes,ADS,Waymo LLC, , ,Y, , , , , ,,OCT-2024, ,OCT-2024,05:33, ,8cee75711cb9227,[MAY CONTAIN PERSONALLY IDENTIFIABLE INFORMATION], ,[MAY CONTAIN PERSONALLY IDENTIFIABLE INFORMATION], ,[MAY CONTAIN PERSONALLY IDENTIFIABLE INFORMATION], ,San Francisco, ,CA ,[MAY CONTAIN PERSONALLY IDENTIFIABLE INFORMATION], ,Street,Dry,No Unusual Conditions,20.0, ,Dark - Lighted,Y, , , , , , , ,,Passenger Car,No Injuries Reported,Yes,Proceeding Straight,No,No, , ,Y, , ,Y, , ,Y, , ,Stopped,No,Yes,No Passengers in Vehicle,0.0, ,Y, , ,Y, , ,Y, , , , , , ,Y, ,Y,Y, , ,No,, ,Yes,, ,, ,, ,Yes, ,"On October [XXX], 2024 at 5:33 AM PT a Waymo Autonomous Vehicle (""Waymo AV"") operating in San Francisco, California was in a collision involving a passenger car on [XXX] at [XXX].
The Waymo AV was traveling eastbound on [XXX] and came to a stop at a flashing red traffic light at the intersection with [XXX]. While the Waymo AV was stopped, the front of a passenger car traveling behind the Waymo AV made contact with the rear of the Waymo AV. At the time of the impact, the Waymo AV's Level 4 ADS was engaged in autonomous mode. The Waymo AV sustained damage.
Waymo is reporting this crash under Request No. 1 of Standing General Order 2021-01 because a vehicle involved was towed away. Waymo may supplement or correct its reporting with additional information as it may become available.", ,False,94104,SAN_FRANCISCO,V2V F2R,False,False,prior_june16,True,True,False,False,False,True,True,False,False,True,False,True
30270-8822,1,Waymo LLC,Monthly,9.0,2024.0,OCT-2024,SADHW2S17M1, ,,Jaguar,I-Pace, ,2021.0, ,e99629229709aa3,110948.0, ,,5th Generation ADS, , ,5th Generation, , ,Version 9, , ,, ,Y,,, ,Y,Yes (specify below),"CA DMV, CA PUC",Yes,ADS,Waymo LLC, , ,Y, , , , , ,,SEP-2024, ,SEP-2024,12:22, ,b44d737d8566e73,[MAY CONTAIN PERSONALLY IDENTIFIABLE INFORMATION], ,[MAY CONTAIN PERSONALLY IDENTIFIABLE INFORMATION], ,[MAY CONTAIN PERSONALLY IDENTIFIABLE INFORMATION], ,San Francisco, ,CA ,[MAY CONTAIN PERSONALLY IDENTIFIABLE INFORMATION], ,Street,Dry,No Unusual Conditions,35.0, ,Daylight,Y, , , , , , , ,,Passenger Car,Minor,Yes,Proceeding Straight,No,No, , , , , ,Y, , , , , ,Stopped,No,No,Yes,0.0, , , , ,Y, , , , , , , , , ,Y, ,Y,Y, , ,No,, ,Yes,, ,, ,, ,Yes, ,"On September [XXX], 2024 at 12:22 PM PT a Waymo Autonomous Vehicle (Waymo AV) operating in San Francisco, California was in a collision involving a SUV on [XXX] at [XXX]. 
The Waymo AV was traveling northwest on [XXX] and came to a stop in traffic to yield to a red traffic light at the intersection with [XXX]. While the Waymo AV remained stopped, an SUV approached the Waymo AV from behind and the front bumper of the SUV made contact with the rear bumper of the Waymo AV. At the time of the impact, the Waymo AVs Level 4 ADS was engaged in autonomous mode. Both vehicles sustained damage.
Waymo is reporting this crash under Request No. 2 of Standing General Order 2021-01.", ,False,94124,SAN_FRANCISCO,V2V F2R,False,True,prior_june16,True,True,True,False,False,False,True,False,False,True,False,True
30270-8886,1,Waymo LLC,Monthly,9.0,2024.0,OCT-2024,SADHW2S19R1, ,,Jaguar,I-Pace, ,2024.0, ,7e2a46cbd75e3c2,6370.0, ,,5th Generation ADS, , ,5th Generation, , ,Version 9, , ,, ,Y,,, ,Y,Yes (specify below),"CA DMV, CA PUC",Yes,ADS,Waymo LLC, , ,Y, , , , , ,,SEP-2024, ,SEP-2024,14:52, ,30c2487fa6ae1cb,[MAY CONTAIN PERSONALLY IDENTIFIABLE INFORMATION], ,[MAY CONTAIN PERSONALLY IDENTIFIABLE INFORMATION], ,[MAY CONTAIN PERSONALLY IDENTIFIABLE INFORMATION], ,Los Angeles, ,CA ,[MAY CONTAIN PERSONALLY IDENTIFIABLE INFORMATION], ,Intersection,Dry,No Unusual Conditions,35.0, ,Daylight,Y, , , , , , , ,,Passenger Car,No Injuries Reported,Yes,Lane / Road Departure,No,No, , , , , , , ,Y, , , ,Proceeding Straight,No,No,No Passengers in Vehicle,26.0, , , ,Y, , , , , , , , , , ,Y, ,Y,Y, , ,No,, ,Yes,, ,, ,, ,Yes, ,"On September [XXX], 2024 at 2:52 PM PT a Waymo Autonomous Vehicle (Waymo AV) operating in Los Angeles, California was in a collision involving a passenger car on [XXX] at [XXX].
The Waymo AV was stopped in traffic for a red light in the leftmost through lane of southeastbound [XXX] at the intersection with [XXX]. When the light turned green, the Waymo AV proceeded into the intersection. Simultaneously, a passenger car traveling in the rightmost dedicated left turn lane (the left adjacent lane to the Waymo AV) proceeded straight into the intersection and partially entered the leftmost through lane ahead of the Waymo AV. The passenger side of the passenger car then made contact with the driver side of the Waymo AV. At the time of the impact, the Waymo AVs Level 4 ADS was engaged in autonomous mode. Both vehicles sustained damage.
Waymo is reporting this crash under Request No. 2 of Standing General Order 2021-01. Waymo may supplement or correct its reporting with additional information as it may become available.", ,False,90211,LOS_ANGELES,V2V Lateral,False,False,prior_june16,True,True,False,False,False,False,False,False,True,True,True,False
30270-8908,1,Waymo LLC,5-Day,,,OCT-2024,SADHW2S11M1, ,,Jaguar,I-Pace, ,2021.0, ,d4e22689b56b6e4,89929.0, ,,5th Generation ADS, , ,5th Generation, , ,Version 9, , ,, ,Y,,, ,Y,Yes (specify below),"CA DMV, CA PUC",Yes,ADS,Waymo LLC, , ,Y, , , , , ,,OCT-2024, ,OCT-2024,13:29, ,f868890e4cda7fe,[MAY CONTAIN PERSONALLY IDENTIFIABLE INFORMATION], ,[MAY CONTAIN PERSONALLY IDENTIFIABLE INFORMATION], ,[MAY CONTAIN PERSONALLY IDENTIFIABLE INFORMATION], ,San Francisco, ,CA ,[MAY CONTAIN PERSONALLY IDENTIFIABLE INFORMATION], ,Street,Dry,No Unusual Conditions,25.0, ,Daylight,Y, , , , , , , ,,Heavy Truck,No Injuries Reported,Yes,Proceeding Straight,No,No, ,Y, , , , , , , , , ,Stopped,No,Yes,No Passengers in Vehicle,0.0, ,Y, , , , , , , , , , , , ,Y, ,Y,Y, , ,No,, ,Yes,, ,, ,, ,Yes, ,"On October [XXX], 2024 at 1:29 PM PT a Waymo Autonomous Vehicle (""Waymo AV"") operating in San Francisco, California was in a collision involving a heavy truck on [XXX] near Duncan Street.
The Waymo AV was traveling east en route to a rider pick-up on a narrow portion of [XXX] (a dead-end street) when it encountered a U-Haul box truck approaching westbound on [XXX]. The Waymo AV and the truck each came to a stop. The U-Haul truck reversed a short distance and then proceeded west on [XXX], passing the Waymo AV's left side. The driver side of the U-Haul truck made contact with the rear left sensor of the stopped Waymo AV and the truck came to a stop briefly alongside the Waymo AV before continuing west on [XXX]. At the time of the impact, the Waymo AV's Level 4 ADS was engaged in autonomous mode. The Waymo AV sustained damage.
Waymo is reporting this crash under Request No. 1 of Standing General Order 2021-01 because a vehicle involved was towed away. Waymo may supplement or correct its reporting with additional information as it may become available.", ,True,94131,SAN_FRANCISCO,V2V Head-on,False,False,prior_june16,True,True,False,False,False,True,True,False,False,False,False,True
30270-8927,1,Waymo LLC,5-Day,,,OCT-2024,SADHW2S10R1, ,,Jaguar,I-Pace, ,2024.0, ,54003ed86083398,18646.0, ,,5th Generation ADS, , ,5th Generation, , ,Version 9, , ,, ,Y,,, ,Y,Yes (specify below),"CA DMV, CA PUC       ",Yes,ADS,Waymo LLC, , ,Y, , , , , ,,OCT-2024, ,OCT-2024,17:04, ,f615c017d4c3424,[MAY CONTAIN PERSONALLY IDENTIFIABLE INFORMATION], ,[MAY CONTAIN PERSONALLY IDENTIFIABLE INFORMATION], ,[MAY CONTAIN PERSONALLY IDENTIFIABLE INFORMATION], ,South San Francisco, ,CA ,[MAY CONTAIN PERSONALLY IDENTIFIABLE INFORMATION], ,Street,Dry,No Unusual Conditions,35.0, ,Daylight, , ,Y, , , , , ,,Pickup Truck,No Injuries Reported,Yes,Crossing into Opposing Lane,No,Yes, , ,Y, , ,Y, , , , , ,Stopped,No,Yes,No Passengers in Vehicle,0.0, ,Y, , , , , , , , , , , , ,Y, ,Y,Y, , ,Yes,San Francisco Police Department, ,Yes,[MAY CONTAIN PERSONALLY IDENTIFIABLE INFORMATION], ,,Y,,Y,Yes, ,"On October [XXX], 2024 at 5:04 PM PT a Waymo Autonomous Vehicle (Waymo AV) operating in South San Francisco, California was in a collision involving a pickup truck (Chevrolet El Camino) on [XXX] at [XXX].
The Waymo AV was traveling northwest on [XXX] when it came to a stop behind a queue of traffic in the rightmost dedicated left turn lane at the intersection with [XXX]. Simultaneously, a pickup truck was traveling southeast on [XXX] in the center of three lanes when a passenger car entered the center southeast lane from a driveway to the right of the pickup truck. As the passenger car entered the center southeast lane just in front of the pickup truck, the pickup truck swerved to the left, crossing the curbed median. The front of the pickup truck then made contact with the rear driver side of the stopped Waymo AV and with the rear driver side of another pickup truck traveling two lanes to the right of the Waymo AV. At the time of the impact, the Waymo AVs Level 4 ADS was engaged in autonomous mode. All three vehicles sustained damage.
Waymo is reporting this crash under Request No. 1 of Standing General Order 2021-01 because a vehicle involved was towed away.  Waymo may supplement or correct its reporting with additional information as it may become available.", ,False,94080,SAN_FRANCISCO,Secondary Crash,True,False,prior_june16,True,True,False,False,False,True,True,False,False,True,False,True
30270-8933,1,Waymo LLC,5-Day,,,OCT-2024,SADHW2S17R1, ,,Jaguar,I-Pace, ,2024.0, ,81dd10bee130a88,32832.0, ,,5th Generation ADS, , ,5th Generation, , ,Version 9, , ,, ,Y,,, ,Y,Yes (specify below),"CA DMV, CA PUC       ",Yes,ADS,Waymo LLC, , ,Y, , , , , ,,OCT-2024, ,OCT-2024,05:27, ,083988c1ea33958,[MAY CONTAIN PERSONALLY IDENTIFIABLE INFORMATION], ,[MAY CONTAIN PERSONALLY IDENTIFIABLE INFORMATION], ,[MAY CONTAIN PERSONALLY IDENTIFIABLE INFORMATION], ,San Francisco, ,CA ,[MAY CONTAIN PERSONALLY IDENTIFIABLE INFORMATION], ,Parking Lot,Dry,No Unusual Conditions,4.0, ,"Other, see Narrative", , , , , , , ,Y,"Collision was in an indoor, underground lot",Van,No Injuries Reported,Yes,Traveling Wrong Way,No,No, , , , , , , ,Y, , , ,Stopped,No,Yes,No Passengers in Vehicle,0.0, ,Y, , , , , , , , , , , , ,Y, ,Y,Y, , ,No,, ,Yes,, ,, ,, ,Yes, ,"On October [XXX], 2024 at 5:27 AM PT a Waymo Autonomous Vehicle (Waymo AV) operating in San Francisco, California was in a collision involving a van in an underground parking lot at [XXX].
Two Waymo AVs were stopped at neighboring junctures of a tight [XXX] of the lot. The first Waymo AV was preparing to make a right turn, while yielding to the other Waymo AV. While the Waymo AVs remained stopped, a van that had been traveling behind the first Waymo AV entered the oncoming lane to maneuver around the left side of the Waymo AV. The passenger side of the van then made contact with the rear driver side of the stopped Waymo AV. At the time of the impact, the Waymo AVs Level 4 ADS was engaged in autonomous mode. Both vehicles sustained damage.
Waymo is reporting this crash under Request No. 1 of Standing General Order 2021-01 because a vehicle involved was towed away. Waymo may supplement or correct its reporting with additional information as it may become available.", ,True,94103,SAN_FRANCISCO,V2V Lateral,False,False,prior_june16,True,True,False,False,False,True,True,False,False,False,False,True
30270-8940,3,Waymo LLC,10-Day Update,,,OCT-2024,SADHW2S19R1, ,,Jaguar,I-Pace, ,2024.0, ,a64814bf1ec68ee,18194.0, ,,5th Generation ADS, , ,5th Generation, , ,Version 9, , ,, ,Y,,, ,Y,Yes (specify below),"CA DMV, CA PUC",Yes,ADS,Waymo LLC, , ,Y, , , , , ,,OCT-2024, ,OCT-2024,15:58, ,5495e0dccac8dca,[MAY CONTAIN PERSONALLY IDENTIFIABLE INFORMATION], ,[MAY CONTAIN PERSONALLY IDENTIFIABLE INFORMATION], ,[MAY CONTAIN PERSONALLY IDENTIFIABLE INFORMATION], ,San Francisco, ,CA ,[MAY CONTAIN PERSONALLY IDENTIFIABLE INFORMATION], ,Intersection,Dry,No Unusual Conditions,25.0, ,Daylight,Y, , , , , , , ,,Passenger Car,No Injuries Reported,Yes,Proceeding Straight,No,Yes, , , , , ,Y, , , , , ,Stopped,No,No,Yes,0.0, , , , ,Y, , , , , , , , , ,Y, ,Y,Y, , ,No,, ,Yes,, ,, ,, ,Yes, ,"The content of this report is unchanged from the initial report submitted on October 22, 2024 [REDACTED, MAY CONTAIN CONFIDENTIAL BUSINESS INFORMATION]. 
On October [XXX], 2024 at 3:58 PM PT a Waymo Autonomous Vehicle (""Waymo AV"") operating in San Francisco, California was in a collision involving a passenger car on [XXX] at [XXX]. 
The Waymo AV was traveling south in the left lane on [XXX] and came to a stop in a queue of traffic for the red traffic light at the intersection with [XXX]. As the Waymo AV approached the intersection and came to a stop, a passenger car which was following behind the Waymo AV at a low rate of speed approached the Waymo AV from behind and partially crossed into the right-hand travel lane. The passenger car continued proceeding slowly forward until the front of the passenger car made contact with the rear of the Waymo AV. After contact occurred, the passenger car remained in contact with the rear of the Waymo AV, and several bystanders approached the passenger car, attempting to communicate with the driver. Once the traffic light turned green, the Waymo AV proceeded through the intersection and pulled over at the curb on the south side of the intersection to avoid obstructing other traffic. While the Waymo AV proceeded through the intersection, the passenger car continued to roll forward into the intersection, and was stopped by several bystanders. Law enforcement communicated to Waymo that the driver of the passenger car was experiencing a medical emergency and was transported from the scene in an ambulance. At the time of the impact, the Waymo AV's Level 4 ADS was engaged in autonomous mode. Both vehicles sustained damage.
Waymo is reporting this crash under Request No. 1 of Standing General Order 2021-01. Waymo may supplement or correct its reporting with additional information as it may become available.", ,False,94102,SAN_FRANCISCO,V2V F2R,False,False,prior_june16,True,True,False,False,False,True,True,False,False,True,False,True
30270-8943,1,Waymo LLC,5-Day,,,OCT-2024,SADHW2S13R1, ,,Jaguar,I-Pace, ,2024.0, ,14aa9e06c039169,26745.0, ,,5th Generation ADS, , ,5th Generation, , ,Version 9, , ,, ,Y,,, ,Y,Yes (specify below),"CA DMV, CA PUC",Yes,ADS,Waymo LLC, , ,Y, , , , , ,,OCT-2024, ,OCT-2024,21:59, ,144c52c5ef2a2ee,[MAY CONTAIN PERSONALLY IDENTIFIABLE INFORMATION], ,[MAY CONTAIN PERSONALLY IDENTIFIABLE INFORMATION], ,[MAY CONTAIN PERSONALLY IDENTIFIABLE INFORMATION], ,San Francisco, ,CA ,[MAY CONTAIN PERSONALLY IDENTIFIABLE INFORMATION], ,Intersection,Dry,No Unusual Conditions,25.0, ,Dark - Lighted,Y, , , , , , , ,,Passenger Car,No Injuries Reported,Yes,Traveling Wrong Way,No,No, , ,Y, , , , , , , , ,Making Right Turn,No,Yes,Yes,4.0, , , ,Y, , , , , , , , , , ,Y, ,Y,Y, , ,No,, ,Yes,, ,, ,, ,Yes, ,"On October [XXX], 2024 at 9:59 PM PT a Waymo Autonomous Vehicle (Waymo AV) operating in San Francisco, California was in a collision involving a passenger car on [XXX] at [XXX].  
The Waymo AV was traveling north on [XXX] when it made a right turn onto eastbound [XXX]. Immediately after the Waymo AV had completed its right turn onto eastbound [XXX], a passenger car that had crossed over the double solid yellow line and was traveling in the opposite direction, proceeded straight in the same lane the Waymo AV was occupying. The front driver side of the passenger car then made contact with the front driver side of the Waymo AV. At the time of the impact, the Waymo AVs Level 4 ADS was engaged in autonomous mode. Both vehicles sustained damage and the passenger car left the scene. 
Waymo is reporting this crash under Request No. 1 of Standing General Order 2021-01 because a vehicle involved was towed away. Waymo may supplement or correct its reporting with additional information as it may become available.", ,False,94102,SAN_FRANCISCO,V2V Head-on,False,False,prior_june16,True,True,False,False,False,True,True,False,True,True,True,False
30270-8947,1,Waymo LLC,5-Day,,,OCT-2024,SADHW2S13R1, ,,Jaguar,I-Pace, ,2024.0, ,6d9ec34f82b6f27,26803.0, ,,5th Generation ADS, , ,5th Generation, , ,Version 9, , ,, ,Y,,, ,Y,Yes (specify below),"CA DMV, CA PUC",Yes,ADS,Waymo LLC, , ,Y, , , , , ,,OCT-2024, ,OCT-2024,06:57, ,d985331ad732285,[MAY CONTAIN PERSONALLY IDENTIFIABLE INFORMATION], ,[MAY CONTAIN PERSONALLY IDENTIFIABLE INFORMATION], ,[MAY CONTAIN PERSONALLY IDENTIFIABLE INFORMATION], ,Los Angeles, ,CA ,[MAY CONTAIN PERSONALLY IDENTIFIABLE INFORMATION], ,Street,Dry,No Unusual Conditions,25.0, ,Dawn / Dusk,Y, , , , , , , ,,SUV,No Injuries Reported,Yes,Traveling Wrong Way,No,No, , , , , , , ,Y, , , ,Proceeding Straight,No,Yes,No Passengers in Vehicle,21.0, , ,Y, , , , , , , , , , , ,Y, ,Y,Y, , ,No,, ,Yes,, ,, ,, ,Yes, ,"On October [XXX], 2024 at 6:57 AM PT a Waymo Autonomous Vehicle (""Waymo AV"") operating in Los Angeles, California was in a collision involving an SUV on [XXX] at [XXX]. 
The Waymo AV was traveling southeast on [XXX], and stopped at a stop sign at the intersection with [XXX] with an SUV following behind. As the Waymo AV finished traversing the intersection, the trailing SUV entered the opposing lane of travel, passing the Waymo AV, and the passenger side of the SUV made contact with the driver side of the Waymo AV. At the time of the impact, the Waymo AV's Level 4 ADS was engaged in autonomous mode. The Waymo AV sustained damage and the SUV left the scene.
Waymo is reporting this crash under Request No. 1 of Standing General Order 2021-01 because a vehicle involved was towed away. Waymo may supplement or correct its reporting with additional information as it may become available.", ,True,90230,LOS_ANGELES,V2V Lateral,False,False,prior_june16,True,True,False,False,False,True,True,False,False,False,True,False
30270-8966,1,Waymo LLC,5-Day,,,OCT-2024,SADHW2S19R1, ,,Jaguar,I-Pace, ,2024.0, ,19f3ad6d393de82,3075.0, ,,5th Generation ADS, , ,5th Generation, , ,Version 9, , ,, ,Y,,, ,Y,Yes (specify below),"CA DMV, CA PUC",Yes,ADS,Waymo LLC, , ,Y, , , , , ,,OCT-2024, ,OCT-2024,23:10, ,acfaefbc0abe2a9,[MAY CONTAIN PERSONALLY IDENTIFIABLE INFORMATION], ,[MAY CONTAIN PERSONALLY IDENTIFIABLE INFORMATION], ,[MAY CONTAIN PERSONALLY IDENTIFIABLE INFORMATION], ,San Francisco, ,CA ,[MAY CONTAIN PERSONALLY IDENTIFIABLE INFORMATION], ,Street,Dry,No Unusual Conditions,35.0, ,Dark - Lighted,Y, , , , , , , ,,Passenger Car,No Injuries Reported,Yes,Proceeding Straight,No,No, , , , , ,Y, , , , , ,Making Left Turn,No,Yes,Yes,9.0, , ,Y, , , , , , , , , , , ,Y, ,Y,Y, , ,No,, ,Yes,, ,, ,, ,Yes, ,"On October [XXX], 2024 at 11:10 PM PT a Waymo Autonomous Vehicle (""Waymo AV"") operating in San Francisco, California was in a collision involving a passenger car on [XXX] at [XXX].
The Waymo AV was traveling south on [XXX] when it activated its left turn signal and began to slow, preparing for an unprotected left turn onto [XXX]. As the Waymo AV began the left turn, a passenger car that was previously stopped at the stop sign on [XXX] facing [XXX] proceeded straight into the intersection, and the front of the passenger car made contact with the driver side of the Waymo AV. At the time of the impact, the Waymo AV's Level 4 ADS was engaged in autonomous mode. Both vehicles sustained damage.
Waymo is reporting this crash under Request No. 1 of Standing General Order 2021-01 because a vehicle involved was towed away. Waymo may supplement or correct its reporting with additional information as it may become available.", ,False,94132,SAN_FRANCISCO,V2V Intersection,False,False,prior_june16,True,True,False,False,False,True,True,False,False,True,True,False