Report ID,Report Version,Reporting Entity,Report Type,Report Month,Report Year,Report Submission Date,VIN,VIN - Unknown,Serial Number,Make,Model,Model - Unknown,Model Year,Model Year - Unknown,Same Vehicle ID,Mileage,Mileage - Unknown,Driver / Operator Type,ADAS/ADS System Version,ADAS/ADS System Version - Unk,ADAS/ADS System Version CBI,ADAS/ADS Hardware Version,ADAS/ADS Hardware Version - Unk,ADAS/ADS Hardware Version CBI,ADAS/ADS Software Version,ADAS/ADS Software Version - Unk,ADAS/ADS Software Version CBI,Other Reporting Entities?,Other Reporting Entities? - Unk,Other Reporting Entities? - NA,Federal Regulatory Exemption?,Other Federal Reg. Exemption,Federal Reg. Exemption - Unk,Federal Reg. Exemption - No,State or Local Permit?,State or Local Permit,ADS Equipped?,Automation System Engaged?,Operating Entity,Operating Entity - Unknown,Source - Complaint/Claim,Source - Telematics,Source - Law Enforcement,Source - Field Report,Source - Testing,Source - Media,Source - Other,Source - Other Text,Incident Date,Incident Date - Unknown,Notice Received Date,Incident Time (24:00),Incident Time - Unknown,Same Incident ID,Latitude,Latitude - Unknown,Longitude,Longitude - Unknown,Address,Address - Unknown,City,City - Unknown,State,Zip Code,Zip Code - Unknown,Roadway Type,Roadway Surface,Roadway Description,Posted Speed Limit (MPH),Posted Speed Limit - Unknown,Lighting,Weather - Clear,Weather - Snow,Weather - Cloudy,Weather - Fog/Smoke,Weather - Rain,Weather - Severe Wind,Weather - Unknown,Weather - Other,Weather - Other Text,Crash With,Highest Injury Severity Alleged,Property Damage?,CP Pre-Crash Movement,CP Any Air Bags Deployed?,CP Was Vehicle Towed?,CP Contact Area - Rear Left,CP Contact Area - Left,CP Contact Area - Front Left,CP Contact Area - Rear,CP Contact Area - Top,CP Contact Area - Front,CP Contact Area - Rear Right,CP Contact Area - Right,CP Contact Area - Front Right,CP Contact Area - Bottom,CP Contact Area - Unknown,SV Pre-Crash Movement,SV Any Air Bags Deployed?,SV Was Vehicle Towed?,SV Were All Passengers Belted?,SV Precrash Speed (MPH),SV Pre-crash Speed - Unknown,SV Contact Area - Rear Left,SV Contact Area - Left,SV Contact Area - Front Left,SV Contact Area - Rear,SV Contact Area - Top,SV Contact Area - Front,SV Contact Area - Rear Right,SV Contact Area - Right,SV Contact Area - Front Right,SV Contact Area - Bottom,SV Contact Area - Unknown,Data Availability - EDR,Data Availability - Police Rpt,Data Availability - Telematics,Data Availability - Complaints,Data Availability - Video,Data Availability - Other,Data Availability - No Data,Data Availability - Unknown,Law Enforcement Investigating?,Investigating Agency,Investigating Agency - Unknown,Rep Ent Or Mfr Investigating?,Investigating Officer Name,Inv. Officer Name - Unknown,Investigating Officer Phone,Inv. Officer Phone - Unknown,Investigating Officer Email,Inv. Officer Email - Unknown,Within ODD?,Within ODD? - CBI,Narrative,Narrative - CBI?,hub_delta_v_less_than_1mph,hub_zip_code,hub_location,hub_crash_type,hub_is_police_reported,hub_is_any_injury_reported,data_period,reportable_v2,reportable_v3,filter_has_injury,filter_is_vru,filter_has_airbag,filter_has_tow,filter_is_5day_trigger,filter_is_single_vehicle,filter_waymo_struck_another,filter_deltav_over_1mph,filter_waymo_was_moving,filter_waymo_was_stationary
30270-9177,1,Waymo LLC,Monthly,10.0,2024.0,NOV-2024,SADHW2S19M1, ,,Jaguar,I-Pace, ,2021.0, ,ada18c60b810838,116185.0, ,,5th Generation ADS, , ,5th Generation, , ,Version 9, , ,, ,Y,,, ,Y,Yes (specify below),"CA DMV, CA PUC",Yes,ADS,Waymo LLC, , ,Y, , , , , ,,OCT-2024, ,OCT-2024,10:12, ,240a151c45d4bda,[MAY CONTAIN PERSONALLY IDENTIFIABLE INFORMATION], ,[MAY CONTAIN PERSONALLY IDENTIFIABLE INFORMATION], ,[MAY CONTAIN PERSONALLY IDENTIFIABLE INFORMATION], ,San Francisco, ,CA ,[MAY CONTAIN PERSONALLY IDENTIFIABLE INFORMATION], ,Street,Dry,No Unusual Conditions,25.0, ,Daylight, , ,Y, , , , , ,,Animal,No Injuries Reported,Yes,"Other, see Narrative",,, , , , , , , , , , , ,Proceeding Straight,No,No,Yes,31.0, , , , , , , , , , ,Y, , , ,Y, ,Y,Y, , ,Yes,University of San Francisco Police, ,Yes,[MAY CONTAIN PERSONALLY IDENTIFIABLE INFORMATION], ,,Y,,Y,Yes, ,"On October [XXX], 2024 at 10:12 AM PT a Waymo Autonomous Vehicle (""Waymo AV"") operating in San Francisco, California was in a collision involving a domestic animal on [XXX] at [XXX].
The Waymo AV was traveling eastbound on [XXX]. As it approached the intersection with [XXX], it made contact with a small dog that had apparently been previously struck by a preceding vehicle and was laying in the roadway. At the time of the impact, the Waymo AV's Level 4 ADS was engaged in autonomous mode.
Waymo is reporting this crash under Request No. 2 of Standing General Order 2021-01. Waymo may supplement or correct its reporting with additional information as it may become available.", ,True,94115,SAN_FRANCISCO,All Others,False,False,prior_june16,True,True,False,False,False,False,False,True,False,False,True,False
30270-9187,1,Waymo LLC,Monthly,10.0,2024.0,NOV-2024,SADHW2S1XR1, ,,Jaguar,I-Pace, ,2024.0, ,30d416716606fc7,1122.0, ,,5th Generation ADS, , ,5th Generation, , ,Version 9, , ,, ,Y,,, ,Y,Yes (specify below),"CA PUC, CA DMV",Yes,ADS,Waymo LLC, , ,Y, , , , , ,,OCT-2024, ,OCT-2024,09:09, ,a85bce110d12bb8,[MAY CONTAIN PERSONALLY IDENTIFIABLE INFORMATION], ,[MAY CONTAIN PERSONALLY IDENTIFIABLE INFORMATION], ,[MAY CONTAIN PERSONALLY IDENTIFIABLE INFORMATION], ,San Francisco, ,CA ,[MAY CONTAIN PERSONALLY IDENTIFIABLE INFORMATION], ,Street,Dry,No Unusual Conditions,25.0, ,Daylight,Y, , , , , , , ,,Van,No Injuries Reported,Yes,Proceeding Straight,No,No, , , , , , , ,Y, , , ,Proceeding Straight,No,No,Yes,2.0, , , ,Y, , , , , , , , , , ,Y, ,Y,Y, , ,No,, ,Yes,, ,, ,, ,Yes, ,"On October [XXX], 2024 at 9:09 AM PT a Waymo Autonomous Vehicle (""Waymo AV"") operating in San Francisco, California was in a collision involving a minivan on [XXX] at [XXX]. 
The Waymo AV was stopped facing southeast in the southbound lane of [XXX] preparing for an unprotected left turn onto [XXX] while yielding to northbound traffic on [XXX] at a green light. The AV re-routed in response to heavy northbound traffic and as the AV began proceeding straight, aminivan attempted to pass the Waymo AV on the left, partially crossing into the opposing lane of traffic. The passenger side of the minivan made contact with the driver side of the Waymo AV. At the time of the impact, the Waymo AV's Level 4 ADS was engaged in autonomous mode.  Both vehicles sustained damage.
Waymo is reporting this crash under Request No. 2 of Standing General Order 2021-01.  Waymo may supplement or correct its reporting with additional information as it may become available.", ,True,94103,SAN_FRANCISCO,V2V Intersection,False,False,prior_june16,True,True,False,False,False,False,False,False,True,False,True,False
30270-9214,1,Waymo LLC,5-Day,,,NOV-2024,SADHW2S19R1, ,,Jaguar,I-Pace, ,2024.0, ,af27b1e040a4a30,26065.0, ,,5th Generation ADS, , ,5th Generation, , ,Version 9, , ,, ,Y,,, ,Y,Yes (specify below),"CA DMV, CA PUC",Yes,ADS,Waymo LLC, , ,Y, , , , , ,,NOV-2024, ,NOV-2024,01:35, ,bbb0e2252e1f4dc,[MAY CONTAIN PERSONALLY IDENTIFIABLE INFORMATION], ,[MAY CONTAIN PERSONALLY IDENTIFIABLE INFORMATION], ,[MAY CONTAIN PERSONALLY IDENTIFIABLE INFORMATION], ,Daly City, ,CA ,[MAY CONTAIN PERSONALLY IDENTIFIABLE INFORMATION], ,Street,Dry,No Unusual Conditions,25.0, ,Dark - Lighted, , ,Y, , , , , ,,Passenger Car,No Injuries Reported,Yes,Lane / Road Departure,No,No, , , , , , , , ,Y, , ,Parked,No,Yes,No Passengers in Vehicle,0.0, ,Y, , , , ,Y, , , , , , , ,Y, ,Y,Y, , ,No,, ,Yes,, ,, ,, ,Yes, ,"On Saturday, November [XXX], 2024 at 1:35 AM PST, a Waymo Autonomous Vehicle (""Waymo AV"") operating in Daly City, California was in a collision involving a passenger car on [XXX] at [XXX].
The Waymo AV was parked facing north on the east side of [XXX] when the front passenger side corner of a black passenger car traveling north on [XXX] made contact with the rear driver side corner of the Waymo AV. The impact caused the front of the Waymo AV to make contact with the rear bumper of the passenger car parked in front of the Waymo AV. The black passenger car then left the scene.  At the time of the impact, the Waymo AV's Level 4 ADS was engaged in autonomous mode. All three vehicles sustained damage.
Waymo is reporting this crash under Request No. 1 of Standing General Order 2021-01 because a vehicle involved was towed away. Waymo may supplement or correct its reporting with additional information as it may become available.", ,False,94014,SAN_FRANCISCO,V2V Lateral,False,False,prior_june16,True,True,False,False,False,True,True,False,False,True,False,True
30270-9229,1,Waymo LLC,5-Day,,,NOV-2024,SADHW2S17R1, ,,Jaguar,I-Pace, ,2024.0, ,1736a51f807f3e6,3777.0, ,,5th Generation ADS, , ,5th Generation, , ,Version 9, , ,, ,Y,,, ,Y,Yes (specify below),"CA DMV, CA PUC",Yes,ADS,Waymo LLC, , ,Y, , , , , ,,NOV-2024, ,NOV-2024,07:21, ,cab2fa2cbb583cf,[MAY CONTAIN PERSONALLY IDENTIFIABLE INFORMATION], ,[MAY CONTAIN PERSONALLY IDENTIFIABLE INFORMATION], ,[MAY CONTAIN PERSONALLY IDENTIFIABLE INFORMATION], ,San Francisco, ,CA ,[MAY CONTAIN PERSONALLY IDENTIFIABLE INFORMATION], ,Street,Dry,No Unusual Conditions,25.0, ,Daylight, , ,Y, , , , , ,,Passenger Car,No Injuries Reported,Yes,Proceeding Straight,No,No, , ,Y, , ,Y, , , , , ,Stopped,No,Yes,Yes,0.0, , , , ,Y, , ,Y, , , , , , ,Y, ,Y,Y, , ,No,, ,Yes,, ,, ,, ,Yes, ,"On Monday, November [XXX], 2024 at 7:21 AM PST, a Waymo Autonomous Vehicle (""Waymo AV"") operating in San Francisco, California was in a collision involving a passenger car on [XXX] at [XXX].
The Waymo AV was traveling northbound on [XXX] in the leftmost of two northbound general-purpose travel lanes and came to a stop for the red traffic light at the intersection with [XXX]. While the Waymo AV was stopped, the passenger car traveling directly behind the AV did not come to a stop and the front bumper of the passenger car made contact with the rear bumper of the Waymo AV. At the time of the impact, the Waymo AV's Level 4 ADS was engaged in autonomous mode. Both vehicles sustained damage.
Waymo is reporting this crash under Request No. 1 of Standing General Order 2021-01 because a vehicle involved was towed away. Waymo may supplement or correct its reporting with additional information as it may become available.", ,False,94109,SAN_FRANCISCO,V2V F2R,False,False,prior_june16,True,True,False,False,False,True,True,False,False,True,False,True
30270-9230,1,Waymo LLC,5-Day,,,NOV-2024,SADHW2S12R1, ,,Jaguar,I-Pace, ,2024.0, ,18cdb02acc361c0,9074.0, ,,5th Generation ADS, , ,5th Generation, , ,Version 9, , ,, ,Y,,, ,Y,Yes (specify below),"CA DMV, CA PUC",Yes,ADS,Waymo LLC, , ,Y, , , , , ,,NOV-2024, ,NOV-2024,08:39, ,04f0625614ddc1f,[MAY CONTAIN PERSONALLY IDENTIFIABLE INFORMATION], ,[MAY CONTAIN PERSONALLY IDENTIFIABLE INFORMATION], ,[MAY CONTAIN PERSONALLY IDENTIFIABLE INFORMATION], ,San Francisco, ,CA ,[MAY CONTAIN PERSONALLY IDENTIFIABLE INFORMATION], ,Intersection,Dry,No Unusual Conditions,25.0, ,Daylight, , ,Y, , , , , ,,Heavy Truck,No Injuries Reported,Yes,Making Left Turn,No,No, , , , , , ,Y, , , , ,Stopped,No,Yes,Yes,0.0, ,Y,Y, , , , , , , , , , , ,Y, ,Y,Y, , ,No,, ,Yes,, ,, ,, ,Yes, ,"On November [XXX], 2024 at 8:39 AM PT a Waymo Autonomous Vehicle (""Waymo AV"") operating in San Francisco, California was in a collision involving a heavy truck on [XXX] at [XXX]. 
The Waymo AV was stopped at a red light in the second lane from the left of five one-way lanes facing north on [XXX] at the intersection with [XXX] when a heavy truck came to a stop alongside the AV on the left, positioned partially within the AV's lane.  The light turned green and the AV remained stopped due to the very close proximity with the heavy truck within its lane to the left, and the heavy truck initiated a left turn. As the heavy truck turned, the rear passenger side corner of the heavy truck swung even further into the AV's lane and made contact with the driver side of the Waymo AV.  At the time of the impact, the Waymo AV's Level 4 ADS was engaged in autonomous mode. The Waymo AV sustained damage.
Waymo is reporting this crash under Request No. 1 of Standing General Order 2021-01 because a vehicle involved was towed away. Waymo may supplement or correct its reporting with additional information as it may become available.", ,True,94107,SAN_FRANCISCO,V2V Lateral,False,False,prior_june16,True,True,False,False,False,True,True,False,False,False,False,True
30270-9234,2,Waymo LLC,10-Day Update,,,DEC-2024,SADHW2S14R1, ,,Jaguar,I-Pace, ,2024.0, ,31c9cef6355228c,22729.0, ,,5th Generation ADS, , ,5th Generation, , ,Version 9, , ,, ,Y,,, ,Y,Yes (specify below),"CA DMV, CA PUC           ",Yes,ADS,Waymo LLC, , ,Y, , , , , ,,NOV-2024, ,NOV-2024,04:04, ,245053e3a6a403b,[MAY CONTAIN PERSONALLY IDENTIFIABLE INFORMATION], ,[MAY CONTAIN PERSONALLY IDENTIFIABLE INFORMATION], ,[MAY CONTAIN PERSONALLY IDENTIFIABLE INFORMATION], ,Los Angeles, ,CA ,[MAY CONTAIN PERSONALLY IDENTIFIABLE INFORMATION], ,Street,Dry,No Unusual Conditions,25.0, ,Dark - Lighted,Y, , , , , , , ,,Non-Motorist: Pedestrian,Minor,No,"Other, see Narrative",,, , , , , , , , , , , ,"Other, see Narrative",No,No,Yes,4.0, , ,Y, , , , , , , , , , , ,Y, ,Y,Y, , ,No,, ,Yes,, ,, ,, ,Yes, ,"The content of this report is unchanged from the initial report submitted on November 25, 2024 [REDACTED, MAY CONTAIN CONFIDENTIAL BUSINESS INFORMATION]. 
On November [XXX], 2024 Waymo received notice of an allegation that a Waymo Autonomous Vehicle (Waymo AV) operating in Los Angeles, California may have been in a low-speed collision with a non-motorist (pedestrian) on [XXX] near [XXX]. 
On November [XXX], 2024 at 4:04 AM PT a Waymo AV operating in Los Angeles, California was traveling northwest on [XXX] when it began to slow to yield to a pedestrian crossing the street ahead from right to left. After the pedestrian had crossed the path of the Waymo AV, the Waymo AV began to accelerate slightly then immediately began to slow again as the pedestrian turned around and approached the Waymo AV. As the Waymo AV was slowing, the pedestrian may have made contact with the driver side of the Waymo AV. 
At the time of the possible impact, the Waymo AVs Level 4 ADS was engaged in autonomous mode. The pedestrian later claimed to have a minor injury.  The Waymo AV did not sustain any damage. 
Even though this event may involve intentional contact by the pedestrian and the occurrence of actual contact between the Waymo AV and the pedestrian is not clear, Waymo is reporting this event as a crash under Request No. 1 of Standing General Order 2021-01 because a vulnerable road user (pedestrian) influenced the driving task of a vehicle involved and reportedly sustained a minor injury as a result of the event. Waymo may supplement or correct its reporting with additional information as it may become available.", ,False,90021,LOS_ANGELES,Pedestrian,False,True,prior_june16,True,True,True,True,False,False,True,False,False,True,True,False
30270-9259,1,Waymo LLC,5-Day,,,DEC-2024,SADHW2S12R1, ,,Jaguar,I-PACE, ,2024.0, ,e7c7d499b6f8f51,15267.0, ,,5th Generation ADS, , ,5th Generation, , ,Version 9, , ,, ,Y,,, ,Y,Yes (specify below),"CA DMV, CA PUC",Yes,ADS,Waymo LLC, , ,Y, , , , , ,,NOV-2024, ,NOV-2024,17:57, ,3aa44bb00362edf,[MAY CONTAIN PERSONALLY IDENTIFIABLE INFORMATION], ,[MAY CONTAIN PERSONALLY IDENTIFIABLE INFORMATION], ,[MAY CONTAIN PERSONALLY IDENTIFIABLE INFORMATION], ,Los Angeles, ,CA ,[MAY CONTAIN PERSONALLY IDENTIFIABLE INFORMATION], ,Intersection,Wet,No Unusual Conditions,35.0, ,Dark - Lighted, , , , ,Y, , , ,,Passenger Car,Minor,Yes,Making Left Turn,No,Yes, , , , , ,Y, ,Y,Y, , ,Proceeding Straight,No,Yes,No Passengers in Vehicle,21.0, , ,Y,Y, , ,Y, , , , , , , ,Y, ,Y,Y, , ,Yes,Los Angeles Police Department, ,Yes,[MAY CONTAIN PERSONALLY IDENTIFIABLE INFORMATION], ,[MAY CONTAIN PERSONALLY IDENTIFIABLE INFORMATION], ,,Y,Yes, ,"On November [XXX], 2024 at 5:57 PM PT, a Waymo Autonomous Vehicle (Waymo AV) operating in Los Angeles, California, was involved in a collision involving a passenger car at the intersection of [XXX] and [XXX].
The Waymo AV was traveling west on [XXX], and approaching [XXX] in lane 1, with the intention of proceeding straight through the intersection. As the Waymo AV began to enter the intersection after the traffic light turned yellow, an eastbound passenger car, waiting to make a left turn onto northbound [XXX], proceeded to make a left turn during the yellow traffic signal, and impacted the Waymo AV on the front driver side. At the time of the impact, the Waymo AV Level 4 ADS was engaged in autonomous mode. Both vehicles sustained damage and required towing services.", ,False,90006,LOS_ANGELES,V2V Intersection,True,True,prior_june16,True,True,True,False,False,True,True,False,True,True,True,False
30270-9269,1,Waymo LLC,5-Day,,,DEC-2024,SADHW2S11R1, ,,Jaguar,I-Pace, ,2024.0, ,e1f2bebd32f409e,18646.0, ,,5th Generation ADS, , ,5th Generation, , ,Version 9, , ,, ,Y,,, ,Y,Yes (specify below),"CA DMV, CA PUC   ",Yes,ADS,Waymo LLC, , ,Y, , , , , ,,NOV-2024, ,NOV-2024,18:21, ,98de3a7d413af67,[MAY CONTAIN PERSONALLY IDENTIFIABLE INFORMATION], ,[MAY CONTAIN PERSONALLY IDENTIFIABLE INFORMATION], ,[MAY CONTAIN PERSONALLY IDENTIFIABLE INFORMATION], ,San Francisco, ,CA ,[MAY CONTAIN PERSONALLY IDENTIFIABLE INFORMATION], ,Intersection,Dry,No Unusual Conditions,25.0, ,Dark - Lighted,Y, , , , , , , ,,Passenger Car,No Injuries Reported,Yes,Proceeding Straight,No,No, , , , , ,Y, , ,Y, , ,Stopped,No,Yes,No Passengers in Vehicle,0.0, ,Y, , ,Y, , , , , , , , , ,Y, ,Y,Y, , ,No,, ,Yes,, ,, ,, ,Yes, ,"On November [XXX], 2024 at 6:21 PM PT, a Waymo Autonomous Vehicle (Waymo AV) operating in San Francisco, California, was in a collision involving a passenger car on [XXX] at [XXX].
The Waymo AV was traveling north on [XXX] and came to a stop at the 3-way stop sign controlled intersection of [XXX], when a passenger car approached the Waymo AV from behind. The front of the passenger car made contact with the rear of the Waymo AV. At the time of the impact, the Waymo AVs Level 4 ADS was engaged in autonomous mode. The Waymo AV sustained damage.
Waymo is reporting this crash under Request No. 1 of Standing General Order 2021-01 because a vehicle involved was towed away. Waymo may supplement or correct its reporting with additional information as it may become available.", ,False,94124,SAN_FRANCISCO,V2V F2R,False,False,prior_june16,True,True,False,False,False,True,True,False,False,True,False,True
30270-9276,2,Waymo LLC,Update,,,DEC-2024,SADHW2S16R1, ,,Jaguar,I-Pace, ,2024.0, ,a75d868697f2e75,7462.0, ,,5th Generation ADS, , ,5th Generation, , ,Version 9, , ,, ,Y,,, ,Y,Yes (specify below),"CA DMV, CA PUC              ",Yes,ADS,Waymo LLC, , ,Y, , , , , ,,NOV-2024, ,NOV-2024,21:45, ,c225db226c2ea4a,[MAY CONTAIN PERSONALLY IDENTIFIABLE INFORMATION], ,[MAY CONTAIN PERSONALLY IDENTIFIABLE INFORMATION], ,[MAY CONTAIN PERSONALLY IDENTIFIABLE INFORMATION], ,West Hollywood, ,CA ,[MAY CONTAIN PERSONALLY IDENTIFIABLE INFORMATION], ,Street,Dry,No Unusual Conditions,30.0, ,Dark - Lighted,Y, , , , , , , ,,SUV,Minor,Yes,Proceeding Straight,No,No, , , , , , , ,Y,Y, , ,Parked,No,Yes,"No, see Narrative",0.0, , ,Y, , , , , , , , , , , ,Y, ,Y,Y, , ,No,, ,Yes,, ,, ,, ,Yes, ,"Other than the report of a minor injury, the content of this report is unchanged from the initial report submitted on December 4, 2024 [REDACTED, MAY CONTAIN CONFIDENTIAL BUSINESS INFORMATION].
On November [XXX], 2024 at 9:45 PM PT a Waymo Autonomous Vehicle (Waymo AV) operating in Hollywood, California was in a collision involving an SUV on [XXX] near [XXX]. 
The Waymo AV was traveling east on [XXX] when it came to a stop for a passenger drop off. A rider in the Waymo AV opened the rear driver side door as an SUV traveling in the left adjacent lane was approaching from the rear to the left side of the Waymo AV. As the SUV was passing the stopped Waymo AV, the passenger side of the SUV made contact with the Waymo AVs opened rear driver side door. The passengers of the Waymo AV were not belted at the time of impact, likely because the vehicle was at a drop off location and they were preparing to exit. At the time of the impact, the Waymo AVs Level 4 ADS was engaged in autonomous mode. Both vehicles sustained damage. One of the passengers in the Waymo AV reported a minor injury.
Waymo is reporting this crash under Request No. 1 of Standing General Order 2021-01 because a vehicle involved was towed away. Waymo may supplement or correct its reporting with additional information as it may become available.", ,True,90046,LOS_ANGELES,All Others,False,True,prior_june16,True,True,True,False,False,True,True,False,False,False,False,True
30270-9282,1,Waymo LLC,5-Day,,,DEC-2024,SADHW2S1XM1, ,,Jaguar,I-Pace, ,2021.0, ,39cc9faced8effe,114873.0, ,In-Vehicle (Commercial / Test),5th Generation ADS, , ,5th Generation, , ,Version 9, , ,Transdev Alternative Services, , ,,, ,Y,Yes (specify below),"CA DMV, CA PUC",Yes,ADS,Waymo LLC, , ,Y, , , , , ,,DEC-2024, ,DEC-2024,07:58, ,593c74a00dde78e,[MAY CONTAIN PERSONALLY IDENTIFIABLE INFORMATION], ,[MAY CONTAIN PERSONALLY IDENTIFIABLE INFORMATION], ,[MAY CONTAIN PERSONALLY IDENTIFIABLE INFORMATION], ,Los Angeles, ,CA ,[MAY CONTAIN PERSONALLY IDENTIFIABLE INFORMATION], ,Street,Dry,No Unusual Conditions,35.0, ,Daylight,Y, , , , , , , ,,Passenger Car,No Injuries Reported,Yes,Proceeding Straight,No,No, , , , , ,Y, , , , , ,Stopped,No,Yes,Yes,0.0, , , , ,Y, , , , , , , , , ,Y, ,Y,Y, , ,No,, ,Yes,, ,, ,, ,Yes, ,"On December [XXX], 2024 at 7:58 AM PT a Waymo Autonomous Vehicle (""Waymo AV"") operating in Los Angeles, California was in a collision involving a passenger car on [XXX] at [XXX].
The Waymo AV was traveling westbound on [XXX] and slowing to a stop for a queue of traffic. A passenger car approached the Waymo AV from behind, and the front of the passenger car made contact with the rear of the Waymo AV. At the time of the impact, the Waymo AV's Level 4 ADS was engaged in autonomous mode, and a test driver was present (in the driver's seating position). Both vehicles sustained damage.
Waymo is reporting this crash under Request No. 1 of Standing General Order 2021-01 because a vehicle involved was towed away. Waymo may supplement or correct its reporting with additional information as it may become available.", ,,,,,,,prior_june16,True,True,False,False,False,True,True,False,False,False,False,True
30270-9285,2,Waymo LLC,10-Day Update,,,DEC-2024,SADHW2S12R1, ,,Jaguar,I-Pace, ,2024.0, ,4b66a9a41155b16,19087.0, ,,5th Generation ADS, , ,5th Generation, , ,Version 9, , ,, ,Y,,, ,Y,Yes (specify below),"CA DMV, CA PUC",Yes,ADS,Waymo LLC, , ,Y, , , , , ,,DEC-2024, ,DEC-2024,10:29, ,2480c0e06ee89ea,[MAY CONTAIN PERSONALLY IDENTIFIABLE INFORMATION], ,[MAY CONTAIN PERSONALLY IDENTIFIABLE INFORMATION], ,[MAY CONTAIN PERSONALLY IDENTIFIABLE INFORMATION], ,San Francisco, ,CA ,[MAY CONTAIN PERSONALLY IDENTIFIABLE INFORMATION], ,Street,Dry,Work Zone,25.0, ,Daylight,Y, , , , , , , ,,"Other, see Narrative",No Injuries Reported,Yes,Backing,No,No,Y, , , , , , , , , , ,Stopped,No,Yes,Yes,0.0, , , , , , , ,Y, , , , , , ,Y, ,Y,Y, , ,No,, ,Yes,, ,, ,, ,Yes, ,"The content of this report is unchanged from the initial report submitted on December 6, 2024 [REDACTED, MAY CONTAIN CONFIDENTIAL BUSINESS INFORMATION]. 
On December [XXX], 2024 at 10:29 AM PT a Waymo Autonomous Vehicle (""Waymo AV"") operating in San Francisco, California was in a collision involving an asphalt roller vehicle on [XXX] near [XXX].
This section of [XXX], between [XXX] and [XXX] was an active, open construction zone without lane markings where the roadway was being repaved. The Waymo AV had picked up a passenger on this section of road and was continuing northbound on [XXX] when it came to a stop before the construction personnel that were working within the roadway. While the Waymo AV remained stationary, an asphalt roller vehicle passed the Waymo AV multiple times. On one such pass while the asphalt roller was reversing, the rear driver side of the asphalt roller vehicle made contact with the rear passenger side of the stationary Waymo AV. At the time of the impact, the Waymo AV's Level 4 ADS was engaged in autonomous mode. The Waymo AV sustained damage.
Waymo is reporting this crash under Request No. 1 of Standing General Order 2021-01 because a vulnerable road user influenced the driving task of a vehicle involved. Waymo may supplement or correct its reporting with additional information as it may become available.", ,True,94107,SAN_FRANCISCO,V2V Backing,False,False,prior_june16,True,True,False,False,False,True,True,False,False,False,False,True
30270-9287,2,Waymo LLC,10-Day Update,,,DEC-2024,SADHW2S17R1, ,,Jaguar,I-Pace, ,2024.0, ,77dcefb2295481e,23149.0, ,,5th Generation ADS, , ,5th Generation, , ,Version 9, , ,, ,Y,,, ,Y,Yes (specify below),"CA DMV, CA PUC",Yes,ADS,Waymo LLC, , ,Y, , , , , ,,DEC-2024, ,DEC-2024,10:54, ,0fa98029f8f1cef,[MAY CONTAIN PERSONALLY IDENTIFIABLE INFORMATION], ,[MAY CONTAIN PERSONALLY IDENTIFIABLE INFORMATION], ,[MAY CONTAIN PERSONALLY IDENTIFIABLE INFORMATION], ,Los Angeles, ,CA ,[MAY CONTAIN PERSONALLY IDENTIFIABLE INFORMATION], ,Intersection,Dry,No Unusual Conditions,25.0, ,Daylight,Y, , , , , , , ,,"Other, see Narrative",Unknown,Unknown,NM in Roadway - Other,Not Applicable,Not Applicable, , , , , , , , , , ,Y,Proceeding Straight,No,No,No Passengers in Vehicle,16.0, , , , , , , , , ,Y, , , , ,Y, ,Y,Y, , ,No,, ,Yes,, ,, ,, ,Yes, ,"Other than confirmation that law enforcement is not investigating this incident, the content of this report is unchanged from the initial report submitted on December 6, 2024 [REDACTED, MAY CONTAIN CONFIDENTIAL BUSINESS INFORMATION]. 
On December [XXX], 2024 at 10:54 AM PT a Waymo Autonomous Vehicle (""Waymo AV"") operating in Los Angeles, California was in a collision involving a plastic crate on [XXX] at [XXX].
The Waymo AV was traveling westbound in the center lane on [XXX], crossing the intersection with [XXX] when the front passenger side of the Waymo AV made contact with a plastic crate that was in the roadway within the Waymo AV's lane of travel. The contact with the Waymo AV caused the crate to move into the adjacent right lane, which was occupied by a scooterist. The front tire of the scooter made contact with the crate and the scooter and scooterist fell. At the time of the impact, the Waymo AV's Level 4 ADS was engaged in autonomous mode. Given the speed at which the scooter was traveling at the time of the contact, the scooter may have sustained damage. 
Waymo is reporting this crash under Request No. 1 of Standing General Order 2021-01 because a vulnerable road user was involved. Waymo may supplement or correct its reporting with additional information as it may become available.", ,True,94117,LOS_ANGELES,Single Vehicle,False,True,prior_june16,True,True,False,False,False,False,False,False,True,False,True,False