Report ID,Report Version,Reporting Entity,Report Type,Report Month,Report Year,Report Submission Date,VIN,VIN - Unknown,Serial Number,Make,Model,Model - Unknown,Model Year,Model Year - Unknown,Same Vehicle ID,Mileage,Mileage - Unknown,Driver / Operator Type,ADAS/ADS System Version,ADAS/ADS System Version - Unk,ADAS/ADS System Version CBI,ADAS/ADS Hardware Version,ADAS/ADS Hardware Version - Unk,ADAS/ADS Hardware Version CBI,ADAS/ADS Software Version,ADAS/ADS Software Version - Unk,ADAS/ADS Software Version CBI,Other Reporting Entities?,Other Reporting Entities? - Unk,Other Reporting Entities? - NA,Federal Regulatory Exemption?,Other Federal Reg. Exemption,Federal Reg. Exemption - Unk,Federal Reg. Exemption - No,State or Local Permit?,State or Local Permit,ADS Equipped?,Automation System Engaged?,Operating Entity,Operating Entity - Unknown,Source - Complaint/Claim,Source - Telematics,Source - Law Enforcement,Source - Field Report,Source - Testing,Source - Media,Source - Other,Source - Other Text,Incident Date,Incident Date - Unknown,Notice Received Date,Incident Time (24:00),Incident Time - Unknown,Same Incident ID,Latitude,Latitude - Unknown,Longitude,Longitude - Unknown,Address,Address - Unknown,City,City - Unknown,State,Zip Code,Zip Code - Unknown,Roadway Type,Roadway Surface,Roadway Description,Posted Speed Limit (MPH),Posted Speed Limit - Unknown,Lighting,Weather - Clear,Weather - Snow,Weather - Cloudy,Weather - Fog/Smoke,Weather - Rain,Weather - Severe Wind,Weather - Unknown,Weather - Other,Weather - Other Text,Crash With,Highest Injury Severity Alleged,Property Damage?,CP Pre-Crash Movement,CP Any Air Bags Deployed?,CP Was Vehicle Towed?,CP Contact Area - Rear Left,CP Contact Area - Left,CP Contact Area - Front Left,CP Contact Area - Rear,CP Contact Area - Top,CP Contact Area - Front,CP Contact Area - Rear Right,CP Contact Area - Right,CP Contact Area - Front Right,CP Contact Area - Bottom,CP Contact Area - Unknown,SV Pre-Crash Movement,SV Any Air Bags Deployed?,SV Was Vehicle Towed?,SV Were All Passengers Belted?,SV Precrash Speed (MPH),SV Pre-crash Speed - Unknown,SV Contact Area - Rear Left,SV Contact Area - Left,SV Contact Area - Front Left,SV Contact Area - Rear,SV Contact Area - Top,SV Contact Area - Front,SV Contact Area - Rear Right,SV Contact Area - Right,SV Contact Area - Front Right,SV Contact Area - Bottom,SV Contact Area - Unknown,Data Availability - EDR,Data Availability - Police Rpt,Data Availability - Telematics,Data Availability - Complaints,Data Availability - Video,Data Availability - Other,Data Availability - No Data,Data Availability - Unknown,Law Enforcement Investigating?,Investigating Agency,Investigating Agency - Unknown,Rep Ent Or Mfr Investigating?,Investigating Officer Name,Inv. Officer Name - Unknown,Investigating Officer Phone,Inv. Officer Phone - Unknown,Investigating Officer Email,Inv. Officer Email - Unknown,Within ODD?,Within ODD? - CBI,Narrative,Narrative - CBI?,hub_delta_v_less_than_1mph,hub_zip_code,hub_location,hub_crash_type,hub_is_police_reported,hub_is_any_injury_reported,data_period,reportable_v2,reportable_v3,filter_has_injury,filter_is_vru,filter_has_airbag,filter_has_tow,filter_is_5day_trigger,filter_is_single_vehicle,filter_waymo_struck_another,filter_deltav_over_1mph,filter_waymo_was_moving,filter_waymo_was_stationary
30270-9295,2,Waymo LLC,10-Day Update,,,DEC-2024,SADHW2S13R1, ,,Jaguar,I-Pace, ,2024.0, ,285acda21cb9800,10219.0, ,,5th Generation ADS, , ,5th Generation, , ,Version 9, , ,, ,Y,,, ,Y,Yes (specify below),"CA DMV, CA PUC",Yes,ADS,Waymo LLC, , ,Y, , , , , ,,DEC-2024, ,DEC-2024,15:13, ,a4770372ceb27d6,[MAY CONTAIN PERSONALLY IDENTIFIABLE INFORMATION], ,[MAY CONTAIN PERSONALLY IDENTIFIABLE INFORMATION], ,[MAY CONTAIN PERSONALLY IDENTIFIABLE INFORMATION], ,San Francisco, ,CA ,[MAY CONTAIN PERSONALLY IDENTIFIABLE INFORMATION], ,Street,Dry,No Unusual Conditions,25.0, ,Daylight,Y, , , , , , , ,,Non-Motorist: Cyclist,No Injuries Reported,Yes,Proceeding Straight,,, , , , , , , , , , , ,Stopped,No,No,"No, see Narrative",0.0, , , , ,Y, , , , , , , , , ,Y, ,Y, , , ,No,, ,Yes,, ,, ,, ,Yes, ,"Other than an update to the seat belt state of the passenger, described in further detail below, and confirmation of property damage, the content of this report is unchanged from the initial report submitted on December 7, 2024 [REDACTED, MAY CONTAIN CONFIDENTIAL BUSINESS INFORMATION]. 
On December [XXX], 2024 at 3:13 PM PT, a Waymo Autonomous Vehicle (""Waymo AV"") operating in San Francisco, California was involved in a collision with a bicyclist on [XXX] at [XXX].
The Waymo AV was traveling southeast on [XXX], signalling to pull over to the right and park alongside the curb, ahead of other parked vehicles, to perform a dropoff pullover. The Waymo AV yielded to a bicyclist approaching from behind and to the right, who subsequently made contact with the rear of the Waymo AV. The contact with the Waymo AV caused a scratch to the rear trunk panel of the Waymo AV. The bicyclist subsequently passed the Waymo AV on the right and left the scene. The passenger within the Waymo AV was not belted at the time of the collision, having buckled it behind them.
At the time of the impact, the Waymo AV's Level 4 ADS was engaged in autonomous mode. 
Waymo is reporting this crash under Request No. 1 of Standing General Order 2021-01 because a vulnerable road user was involved. Waymo may supplement or correct its reporting with additional information as it may become available.", ,False,94103,SAN_FRANCISCO,Cyclist,False,False,prior_june16,True,True,False,True,False,False,True,False,False,True,False,True
30270-9312,2,Waymo LLC,10-Day Update,,,DEC-2024,SADHW2S10R1, ,,Jaguar,I-Pace, ,2024.0, ,9c5038897dc8056,19055.0, ,,5th Generation ADS, , ,5th Generation, , ,Version 9, , ,, ,Y,,, ,Y,Yes (specify below),"CA DMV, CA PUC",Yes,ADS,Waymo LLC, , ,Y, , , , , ,,DEC-2024, ,DEC-2024,17:14, ,902679e9b0927cd,[MAY CONTAIN PERSONALLY IDENTIFIABLE INFORMATION], ,[MAY CONTAIN PERSONALLY IDENTIFIABLE INFORMATION], ,[MAY CONTAIN PERSONALLY IDENTIFIABLE INFORMATION], ,San Francisco, ,CA ,[MAY CONTAIN PERSONALLY IDENTIFIABLE INFORMATION], ,Intersection,Dry,No Unusual Conditions,25.0, ,Dark - Lighted,Y, , , , , , , ,,Non-Motorist: Other,No Injuries Reported,Yes,Passing,,, , , , , , , , , , , ,Stopped,No,No,Yes,0.0, ,Y, , , , , , , , , , , , ,Y, ,Y,Y, , ,No,, ,Yes,, ,, ,, ,Yes, ,"The content of this report is unchanged from the initial report submitted on December 10, 2024 [REDACTED, MAY CONTAIN CONFIDENTIAL BUSINESS INFORMATION]. 
On December [XXX], 2024 at 5:14 PM PT a Waymo Autonomous Vehicle (""Waymo AV"") operating in San Francisco, California was in a collision involving a scooter on [XXX] at [XXX]. 
The Waymo AV was traveling southbound on [XXX] in a queue of traffic and slowed to a stop at the intersection with [XXX], which had a green light but did not have sufficient space for the Waymo AV to fully traverse and clear the intersection. A scooterist following behind the Waymo AV began to pass the Waymo AV on the left, and the front of the scooter made contact with the rear driver side of the stationary Waymo AV. At the time of the impact, the Waymo AV's Level 4 ADS was engaged in autonomous mode. The scooterist immediately left the scene.  The Waymo AV was discovered to have sustained damage from the contact during a subsequent inspection of the vehicle on December 9, 2024.
Waymo is reporting this crash under Request No. 1 of Standing General Order 2021-01 because a vulnerable road user was involved. Waymo may supplement or correct its reporting with additional information as it may become available.", ,False,94102,SAN_FRANCISCO,Motorcycle,False,False,prior_june16,True,True,False,True,False,False,True,False,False,True,False,True
30270-9326,2,Waymo LLC,10-Day Update,,,DEC-2024,SADHW2S18R1, ,,Jaguar,I-Pace, ,2024.0, ,787d8e13705ed24,11811.0, ,,5th Generation ADS, , ,5th Generation, , ,Version 9, , ,, ,Y,,, ,Y,Yes (specify below),"CA DMV, CA PUC",Yes,ADS,Waymo LLC, , ,Y, , , , , ,,DEC-2024, ,DEC-2024,11:35, ,fc07e1236c3e5d3,[MAY CONTAIN PERSONALLY IDENTIFIABLE INFORMATION], ,[MAY CONTAIN PERSONALLY IDENTIFIABLE INFORMATION], ,[MAY CONTAIN PERSONALLY IDENTIFIABLE INFORMATION], ,San Francisco, ,CA ,[MAY CONTAIN PERSONALLY IDENTIFIABLE INFORMATION], ,Street,Dry,No Unusual Conditions,20.0, ,Daylight,Y, , , , , , , ,,Van,No Injuries Reported,Yes,Changing Lanes,No,No, , ,Y, , , , , , , , ,Proceeding Straight,No,Yes,Yes,5.0, , , , , , , ,Y, , , , , , ,Y, ,Y,Y, , ,No,, ,Yes,, ,, ,, ,Yes, ,"The content of this report is unchanged from the initial report submitted on December 11, 2024 [REDACTED, MAY CONTAIN CONFIDENTIAL BUSINESS INFORMATION]
On Tuesday, December [XXX], 2024 at 11:35 AM PST, a Waymo Autonomous Vehicle (""Waymo AV"") operating in San Francisco, California was in a collision involving a van on [XXX] at [XXX]. 
The Waymo AV was traveling west on [XXX] in the leftmost of two westbound travel lanes. In the rightmost westbound lane ahead of the Waymo AV, a passenger car was double parked in the travel lane.  As the Waymo AV approached the double parked car, it slowed for a pedestrian walking north across [XXX] between a queue of stopped vehicles in the eastbound lane, headed towards the westbound lanes. A minivan traveling behind the Waymo AV in the rightmost westbound lane then began merging into the left westbound lane and the front driver side corner of the minivan made contact with the rear passenger side corner of the Waymo AV. The pedestrian then continued crossing in front of the Waymo AV. At the time of the impact, the Waymo AV's Level 4 ADS was engaged in autonomous mode. Both vehicles sustained damage.
Waymo is reporting this crash under Request No. 1 of Standing General Order 2021-01 because a vulnerable road user influenced the driving task of a vehicle involved and a vehicle involved was towed away. Waymo may supplement or correct its reporting with additional information as it may become available.", ,False,94133,SAN_FRANCISCO,V2V F2R,False,False,prior_june16,True,True,False,False,False,True,True,False,False,True,True,False
30270-9330,1,Waymo LLC,5-Day,,,DEC-2024,SADHW2S11R1, ,,Jaguar,I-Pace, ,2024.0, ,40e938bac6de702,23986.0, ,,5th Generation ADS, , ,5th Generation, , ,Version 9, , ,, ,Y,,, ,Y,Yes (specify below),"CA PUC, CA DMV",Yes,ADS,Waymo LLC, , ,Y, , , , , ,,DEC-2024, ,DEC-2024,19:47, ,56694f085766eda,[MAY CONTAIN PERSONALLY IDENTIFIABLE INFORMATION], ,[MAY CONTAIN PERSONALLY IDENTIFIABLE INFORMATION], ,[MAY CONTAIN PERSONALLY IDENTIFIABLE INFORMATION], ,Los Angeles, ,CA ,[MAY CONTAIN PERSONALLY IDENTIFIABLE INFORMATION], ,Intersection,Dry,No Unusual Conditions,35.0, ,Dark - Lighted,Y, , , , , , , ,,Passenger Car,No Injuries Reported,Yes,Crossing into Opposing Lane,No,Yes, , ,Y, , ,Y, , , , , ,Stopped,No,Yes,Yes,0.0, , , ,Y, , ,Y, , , , , , , ,Y, ,Y,Y, , ,Yes,Los Angeles Police Department, ,Yes,[MAY CONTAIN PERSONALLY IDENTIFIABLE INFORMATION], ,,Y,,Y,Yes, ,"On December [XXX], 2024 at 7:47 PM PT a Waymo Autonomous Vehicle (""Waymo AV"") operating in Los Angeles, California was in a collision involving a passenger car on [XXX] at [XXX].   
The Waymo AV was stationary in the left turn lane of [XXX] preparing for an unprotected left turn onto southwestbound [XXX] when a passenger car traveling southeast in the center lane of South [XXX] entered the intersection and departed its lane into the path of left-turning traffic from northwestbound South [XXX]. The front driver side of the passenger car then made contact with the front driver side of the stationary Waymo AV.  At the time of the impact, the Waymo AV's Level 4 ADS was engaged in autonomous mode. Both vehicles sustained damage.
Waymo is reporting this crash under Request No. 1 of Standing General Order 2021-01 because a vehicle involved was towed away. Waymo may supplement or correct its reporting with additional information as it may become available.", ,False,90025,LOS_ANGELES,V2V Head-on,True,False,prior_june16,True,True,False,False,False,True,True,False,False,True,False,True
30270-9333,1,Waymo LLC,5-Day,,,DEC-2024,SADHW2S16R1, ,,Jaguar,I-Pace, ,2024.0, ,1a5459638549d49,23692.0, ,,5th Generation ADS, , ,5th Generation, , ,Version 9, , ,, ,Y,,, ,Y,Yes (specify below),"CA PUC, CA DMV",Yes,ADS,Waymo LLC, , ,Y, , , , , ,,DEC-2024, ,DEC-2024,22:19, ,a39c4350c3a87c8,[MAY CONTAIN PERSONALLY IDENTIFIABLE INFORMATION], ,[MAY CONTAIN PERSONALLY IDENTIFIABLE INFORMATION], ,[MAY CONTAIN PERSONALLY IDENTIFIABLE INFORMATION], ,San Francisco, ,CA ,[MAY CONTAIN PERSONALLY IDENTIFIABLE INFORMATION], ,Street,Dry,No Unusual Conditions,20.0, ,Dark - Lighted, , ,Y, , , , , ,,Bus,No Injuries Reported,Yes,Making Right Turn,No,No, , , , , , , ,Y, , , ,Stopped,No,Yes,No Passengers in Vehicle,0.0, ,Y, , , , , , , , , , , , ,Y, ,Y,Y, , ,Yes,San Francisco Police Department, ,Yes,[MAY CONTAIN PERSONALLY IDENTIFIABLE INFORMATION], ,,Y,,Y,Yes, ,"On December [XXX], 2024 at 10:19 PM PT a Waymo Autonomous Vehicle (""Waymo AV"") operating in San Francisco, California was in a collision involving a mini coach bus on [XXX] at [XXX].
The Waymo AV was stopped facing south in the rightmost lane of [XXX] after a passenger dropoff when a mini coach bus initiated a wide right turn from eastbound [XXX] into the left lane of southbound [XXX].  As the bus passed the stopped Waymo AV, the passenger side of the bus made contact with the rear driver side of the Waymo AV.  At the time of the impact, the Waymo AV's Level 4 ADS was engaged in autonomous mode.  Both vehicles sustained damage.
Waymo is reporting this crash under Request No. 1 of Standing General Order 2021-01 because a vehicle involved was towed away. Waymo may supplement or correct its reporting with additional information as it may become available.", ,True,94102,SAN_FRANCISCO,V2V Lateral,True,False,prior_june16,True,True,False,False,False,True,True,False,False,False,False,True
30270-9376,1,Waymo LLC,Monthly,11.0,2024.0,DEC-2024,SADHW2S1XR1, ,,Jaguar,I-Pace, ,2024.0, ,2195a177a88a812,26252.0, ,,5th Generation ADS, , ,5th Generation, , ,Version 9, , ,, ,Y,,, ,Y,Yes (specify below),"CA DMV, CA PUC",Yes,ADS,Waymo LLC, ,Y, , , , , , ,,NOV-2024, ,NOV-2024,10:36, ,e5a2e417751e7a9,[MAY CONTAIN PERSONALLY IDENTIFIABLE INFORMATION], ,[MAY CONTAIN PERSONALLY IDENTIFIABLE INFORMATION], ,[MAY CONTAIN PERSONALLY IDENTIFIABLE INFORMATION], ,San Francisco, ,CA ,[MAY CONTAIN PERSONALLY IDENTIFIABLE INFORMATION], ,Street,Dry,No Unusual Conditions,20.0, ,Daylight,Y, , , , , , , ,,"Other, see Narrative",Minor,Yes,Proceeding Straight,No,No, , ,Y, , , , , , , , ,Proceeding Straight,No,No,No Passengers in Vehicle,5.0, , , , , , , , , , , ,Y, , ,Y, ,Y,Y, , ,No,, ,Yes,, ,, ,, ,Yes, ,"On November [XXX], 2024 at 10:36 AM PT, a Waymo Autonomous Vehicle (""Waymo AV"") operating in San Francisco, California was alleged to have contributed to a collision between an SUV and a concrete median curb on [XXX] at [XXX].
The Waymo AV was traveling southbound on [XXX] in the right of two travel lanes with its left turn signal activated, and traversed through the intersection with [XXX] with an SUV following slightly behind and to the left of the Waymo AV in the adjacent travel lane. As the Waymo AV exited the intersection with its left turn signal still activated, it slowed and moved slightly to the left within its lane, preparing to change lanes due to a stopped truck ahead within the right lane. As the SUV in the left lane was passing the Waymo AV, it maneuvered to the left in its lane, and the driver side made contact with the center concrete median curb. At the time of the impact, the Waymo AV's Level 4 ADS was engaged in autonomous mode. The SUV sustained a flat tire, and the driver alleged an injury.
Waymo is reporting this crash under Request No. 2 of Standing General Order 2021-01. Waymo may supplement or correct its reporting with additional information as it may become available.", ,False,94117,SAN_FRANCISCO,V2V Lateral,False,False,prior_june16,True,True,True,False,False,False,True,False,False,True,True,False
30270-9388,1,Waymo LLC,5-Day,,,DEC-2024,SADHW2S15R1, ,,Jaguar,I-Pace, ,2024.0, ,4fda5a69ad1163d,14744.0, ,,5th Generation ADS, , ,5th Generation, , ,Version 9, , ,, ,Y,,, ,Y,Yes (specify below),"CA PUC, CA DMV",Yes,ADS,Waymo LLC, , ,Y, , , , , ,,DEC-2024, ,DEC-2024,07:44, ,bf412edd8c909c1,[MAY CONTAIN PERSONALLY IDENTIFIABLE INFORMATION], ,[MAY CONTAIN PERSONALLY IDENTIFIABLE INFORMATION], ,[MAY CONTAIN PERSONALLY IDENTIFIABLE INFORMATION], ,San Francisco, ,CA ,[MAY CONTAIN PERSONALLY IDENTIFIABLE INFORMATION], ,Street,Dry,No Unusual Conditions,25.0, ,Daylight, , ,Y, , , , , ,,Passenger Car,No Injuries Reported,Yes,Proceeding Straight,No,No, , , , , ,Y, , ,Y, , ,Proceeding Straight,No,Yes,Yes,4.0, ,Y, , ,Y, , , , , , , , , ,Y, ,Y,Y, , ,No,, ,Yes,, ,, ,, ,Yes, ,"On December [XXX], 2024 at 7:44 AM PT a Waymo Autonomous Vehicle (""Waymo AV"") operating in San Francisco, California was in a collision involving a passenger car on [XXX] at [XXX].
The Waymo AV was traveling eastbound on [XXX] in the dedicated right turn lane approaching the intersection with [XXX] when it slowed for a queue of traffic ahead of it. As the Waymo AV was slowing, the passenger car behind the Waymo AV accelerated and the front of the passenger car made contact with the bumper of the Waymo AV. At the time of the impact, the Waymo AV's Level 4 ADS was engaged in autonomous mode. Both vehicles sustained damage.
Waymo is reporting this crash under Request No. 1 of Standing General Order 2021-01 because a vehicle involved was towed away. Waymo may supplement or correct its reporting with additional information as it may become available.", ,False,94109,SAN_FRANCISCO,V2V F2R,False,False,prior_june16,True,True,False,False,False,True,True,False,False,True,True,False
30270-9389,1,Waymo LLC,5-Day,,,DEC-2024,SADHW2S1XR1, ,,Jaguar,I-Pace, ,2024.0, ,30d416716606fc7,6664.0, ,,5th Generation ADS, , ,5th Generation, , ,Version 9, , ,, ,Y,,, ,Y,Yes (specify below),"CA DMV, CA PUC",Yes,ADS,Waymo LLC, , ,Y, , , , , ,,DEC-2024, ,DEC-2024,21:28, ,964c14e41d84e5a,[MAY CONTAIN PERSONALLY IDENTIFIABLE INFORMATION], ,[MAY CONTAIN PERSONALLY IDENTIFIABLE INFORMATION], ,[MAY CONTAIN PERSONALLY IDENTIFIABLE INFORMATION], ,San Francisco, ,CA ,[MAY CONTAIN PERSONALLY IDENTIFIABLE INFORMATION], ,Street,Dry,No Unusual Conditions,20.0, ,Dark - Lighted,Y, , , , , , , ,,Passenger Car,No Injuries Reported,Yes,Proceeding Straight,No,No, , , , , , , ,Y, , , ,Parked,No,Yes,"No, see Narrative",0.0, , ,Y, , , , , , , , , , , ,Y, ,Y,Y, , ,No,, ,Yes,, ,, ,, ,Yes, ,"On December [XXX], 2024 at 9:23 PM PST a Waymo Autonomous Vehicle (""Waymo AV"") operating in San Francisco, California was in a collision involving a passenger car on [XXX] at [XXX]. 
The Waymo AV was travelling southeast on [XXX] and came to a stop for a passenger drop off.  A rider in the Waymo AV opened the rear driver side door as a passenger car was passing to the left side of the Waymo AV.  The Waymo AV's rear driver side door made contact with the passenger's side of the passenger car. The passengers were not belted at the time of impact, likely because the vehicle was at its dropoff location and they were preparing to exit.  At the time of the impact, the Waymo AV's Level 4 ADS was engaged in autonomous mode. Both vehicles sustained damage.
Waymo is reporting this crash under Request No. 1 of Standing General Order 2021-01 because a vehicle involved was towed away. Waymo may supplement or correct its reporting with additional information as it may become available.", ,True,94105,SAN_FRANCISCO,All Others,False,False,prior_june16,True,True,False,False,False,True,True,False,False,False,False,True
30270-9406,1,Waymo LLC,Monthly,11.0,2024.0,DEC-2024,SADHW2S10R1, ,,Jaguar,I-Pace, ,2024.0, ,a57764cde730315,4357.0, ,,5th Generation ADS, , ,5th Generation, , ,Version 9, , ,, ,Y,,, ,Y,Yes (specify below),"CA DMV, CA PUC",Yes,ADS,Waymo LLC, ,Y, , , , , , ,,NOV-2024, ,NOV-2024,21:17, ,dbc8e046f3d8ada,[MAY CONTAIN PERSONALLY IDENTIFIABLE INFORMATION], ,[MAY CONTAIN PERSONALLY IDENTIFIABLE INFORMATION], ,[MAY CONTAIN PERSONALLY IDENTIFIABLE INFORMATION], ,Inglewood, ,CA ,[MAY CONTAIN PERSONALLY IDENTIFIABLE INFORMATION], ,Street,Dry,No Unusual Conditions,25.0, ,Dark - Lighted,Y, , , , , , , ,,Animal,No Injuries Reported,Yes,"Other, see Narrative",,, , , , , , , , , , , ,Proceeding Straight,No,No,No Passengers in Vehicle,14.0, , , , , , , , , , ,Y, , , ,Y,Y,Y,Y, , ,No,, ,Yes,, ,, ,, ,Yes, ,"On November [XXX], 2024 at 9:17 PM PT a Waymo Autonomous Vehicle (""Waymo AV"") operating in Inglewood, California was in a collision involving a domestic animal on [XXX] at [XXX].
The Waymo AV was traveling east on [XXX] when a rabbit entered the roadway from between parked cars on the north side of [XXX].  The front of the Waymo AV came in contact with the animal, which did not survive.  At the time of the impact, the Waymo AV's Level 4 ADS was engaged in autonomous mode.
Waymo is reporting this crash under Request No. 2 of Standing General Order 2021-01. Waymo may supplement or correct its reporting with additional information as it may become available.", ,True,90301,LOS_ANGELES,All Others,False,False,prior_june16,True,True,False,False,False,False,False,True,False,False,True,False
30270-9407,1,Waymo LLC,Monthly,11.0,2024.0,DEC-2024,SADHW2S12R1, ,,Jaguar,I-Pace, ,2024.0, ,ba6a6b25e5d4b8d,15579.0, ,,5th Generation ADS, , ,5th Generation, , ,Version 9, , ,, ,Y,,, ,Y,Yes (specify below),"CA DMV, CA PUC",Yes,ADS,Waymo LLC, , ,Y, , , , , ,,NOV-2024, ,NOV-2024,17:19, ,f53c6133138c165,[MAY CONTAIN PERSONALLY IDENTIFIABLE INFORMATION], ,[MAY CONTAIN PERSONALLY IDENTIFIABLE INFORMATION], ,[MAY CONTAIN PERSONALLY IDENTIFIABLE INFORMATION], ,San Francisco, ,CA ,[MAY CONTAIN PERSONALLY IDENTIFIABLE INFORMATION], ,Street,Dry,No Unusual Conditions,25.0, ,Daylight,Y, , , , , , , ,,Bus,No Injuries Reported,Yes,Making Left Turn,Yes,Yes, ,Y, , , , , , , , , ,Stopped,Yes,Yes,Yes,0.0, , , , , , , ,Y, , , , , , ,Y, ,Y,Y, , ,No,, ,Yes,, ,, ,, ,Yes, ,"On November [XXX], 2024 at 5:19 PM PT a Waymo Autonomous Vehicle (""Waymo AV"") operating in San Francisco, California was in a collision involving a bus on [XXX] at [XXX].
The Waymo AV was stopped in a queue of westbound traffic on [XXX] near the intersection with [XXX] in the middle lane of three lanes, the rightmost lane being a bus only lane. At the same time, a bus was making a wide left turn from northbound [XXX] onto westbound [XXX] to enter the right-side bus only lane. As it did so, the driver side of the bus made contact with the rear passenger side of the stationary Waymo AV. At the time of the impact, the Waymo AV's Level 4 ADS was engaged in autonomous mode. Both vehicles sustained damage.
Waymo is reporting this crash under Request No. 2 of Standing General Order 2021-01.  Waymo may supplement or correct its reporting with additional information as it may become available.", ,True,94111,SAN_FRANCISCO,V2V Lateral,False,False,prior_june16,True,True,False,False,True,True,True,False,False,False,False,True
30270-9420,1,Waymo LLC,Monthly,11.0,2024.0,DEC-2024,SADHW2S19M1, ,,Jaguar,I-Pace, ,2021.0, ,db8a36ca55b42c2,114932.0, ,,5th Generation ADS, , ,5th Generation, , ,Version 9, , ,, ,Y,,, ,Y,Yes (specify below),"CA DMV, CA PUC                 ",Yes,ADS,Waymo LLC, , ,Y, , , , , ,,NOV-2024, ,NOV-2024,14:33, ,1e65d32d7f5c338,[MAY CONTAIN PERSONALLY IDENTIFIABLE INFORMATION], ,[MAY CONTAIN PERSONALLY IDENTIFIABLE INFORMATION], ,[MAY CONTAIN PERSONALLY IDENTIFIABLE INFORMATION], ,San Francisco, ,CA ,[MAY CONTAIN PERSONALLY IDENTIFIABLE INFORMATION], ,Unknown,Dry,No Unusual Conditions,25.0, ,Daylight,Y, , , , , , , ,,Passenger Car,No Injuries Reported,Yes,"Other, see Narrative",No,No, ,Y, , , , , , , , , ,Proceeding Straight,No,No,No Passengers in Vehicle,3.0, , , , , , , , , ,Y, , , , ,Y, ,Y,Y, , ,No,, ,Yes,, ,, ,, ,Yes, ,"On November [XXX], 2024 at 2:33 PM PT a Waymo Autonomous Vehicle (Waymo AV) operating in San Francisco, California was in a collision involving a passenger car at a passenger drop-off lane near [XXX].
The Waymo AV was traveling north on [XXX] in the passenger drop-off lane at [XXX] when it approached a passenger car parked on the right side of the street. As the Waymo AV was passing the passenger car, the front driver side door of the passenger car opened and made contact with the front passenger side of the Waymo AV. At the time of the impact, the Waymo AVs Level 4 ADS was engaged in autonomous mode. The Waymo AV sustained damage.
Waymo is reporting this crash under Request No. 2 of Standing General Order 2021-01.  Waymo may supplement or correct its reporting with additional information as it may become available.", ,True,94158,SAN_FRANCISCO,All Others,False,False,prior_june16,True,True,False,False,False,False,False,False,True,False,True,False
30270-9437,1,Waymo LLC,Monthly,11.0,2024.0,DEC-2024,SADHW2S10M1, ,,Jaguar,I-Pace, ,2021.0, ,b375cb4cf728db9,82767.0, ,,5th Generation ADS, , ,5th Generation, , ,Version 9, , ,, ,Y,,, ,Y,Yes (specify below),"CA DMV, CA PUC        ",Yes,ADS,Waymo LLC, , ,Y, , , , , ,,NOV-2024, ,NOV-2024,16:22, ,ee7e9be4e651ad9,[MAY CONTAIN PERSONALLY IDENTIFIABLE INFORMATION], ,[MAY CONTAIN PERSONALLY IDENTIFIABLE INFORMATION], ,[MAY CONTAIN PERSONALLY IDENTIFIABLE INFORMATION], ,San Francisco, ,CA ,[MAY CONTAIN PERSONALLY IDENTIFIABLE INFORMATION], ,Street,Dry,No Unusual Conditions,20.0, ,Daylight, , ,Y, , , , , ,,SUV,No Injuries Reported,Yes,"Other, see Narrative",No,No, ,Y, , , , , , , , , ,Proceeding Straight,No,No,"No, see Narrative",2.0, , , , , , , , , ,Y, , , , ,Y, ,Y,Y, , ,No,, ,Yes,, ,, ,, ,Yes, ,"On November [XXX], 2024 at 4:22 PM PT a Waymo Autonomous Vehicle (Waymo AV) operating in San Francisco, California was in a collision involving an SUV on [XXX] near [XXX]. 
The Waymo AV was traveling west in the rightmost lane of [XXX] when it approached an SUV parked on the right side of the street. As the Waymo AV was passing the SUV, the front driver side door of the SUV opened and made contact with the passenger side of the Waymo AV. Two of the four passengers of the Waymo AV were not belted at the time of impact, likely because the Waymo AV was approaching a drop off location and the riders were preparing to exit. At the time of the impact, the Waymo AVs Level 4 ADS was engaged in autonomous mode. Both vehicles sustained damage.
Waymo is reporting this crash under Request No. 2 of Standing General Order 2021-01. Waymo may supplement or correct its reporting with additional information as it may become available.", ,True,94133,SAN_FRANCISCO,All Others,False,False,prior_june16,True,True,False,False,False,False,False,False,True,False,True,False