Report ID,Report Version,Reporting Entity,Report Type,Report Month,Report Year,Report Submission Date,VIN,VIN - Unknown,Serial Number,Make,Model,Model - Unknown,Model Year,Model Year - Unknown,Same Vehicle ID,Mileage,Mileage - Unknown,Driver / Operator Type,ADAS/ADS System Version,ADAS/ADS System Version - Unk,ADAS/ADS System Version CBI,ADAS/ADS Hardware Version,ADAS/ADS Hardware Version - Unk,ADAS/ADS Hardware Version CBI,ADAS/ADS Software Version,ADAS/ADS Software Version - Unk,ADAS/ADS Software Version CBI,Other Reporting Entities?,Other Reporting Entities? - Unk,Other Reporting Entities? - NA,Federal Regulatory Exemption?,Other Federal Reg. Exemption,Federal Reg. Exemption - Unk,Federal Reg. Exemption - No,State or Local Permit?,State or Local Permit,ADS Equipped?,Automation System Engaged?,Operating Entity,Operating Entity - Unknown,Source - Complaint/Claim,Source - Telematics,Source - Law Enforcement,Source - Field Report,Source - Testing,Source - Media,Source - Other,Source - Other Text,Incident Date,Incident Date - Unknown,Notice Received Date,Incident Time (24:00),Incident Time - Unknown,Same Incident ID,Latitude,Latitude - Unknown,Longitude,Longitude - Unknown,Address,Address - Unknown,City,City - Unknown,State,Zip Code,Zip Code - Unknown,Roadway Type,Roadway Surface,Roadway Description,Posted Speed Limit (MPH),Posted Speed Limit - Unknown,Lighting,Weather - Clear,Weather - Snow,Weather - Cloudy,Weather - Fog/Smoke,Weather - Rain,Weather - Severe Wind,Weather - Unknown,Weather - Other,Weather - Other Text,Crash With,Highest Injury Severity Alleged,Property Damage?,CP Pre-Crash Movement,CP Any Air Bags Deployed?,CP Was Vehicle Towed?,CP Contact Area - Rear Left,CP Contact Area - Left,CP Contact Area - Front Left,CP Contact Area - Rear,CP Contact Area - Top,CP Contact Area - Front,CP Contact Area - Rear Right,CP Contact Area - Right,CP Contact Area - Front Right,CP Contact Area - Bottom,CP Contact Area - Unknown,SV Pre-Crash Movement,SV Any Air Bags Deployed?,SV Was Vehicle Towed?,SV Were All Passengers Belted?,SV Precrash Speed (MPH),SV Pre-crash Speed - Unknown,SV Contact Area - Rear Left,SV Contact Area - Left,SV Contact Area - Front Left,SV Contact Area - Rear,SV Contact Area - Top,SV Contact Area - Front,SV Contact Area - Rear Right,SV Contact Area - Right,SV Contact Area - Front Right,SV Contact Area - Bottom,SV Contact Area - Unknown,Data Availability - EDR,Data Availability - Police Rpt,Data Availability - Telematics,Data Availability - Complaints,Data Availability - Video,Data Availability - Other,Data Availability - No Data,Data Availability - Unknown,Law Enforcement Investigating?,Investigating Agency,Investigating Agency - Unknown,Rep Ent Or Mfr Investigating?,Investigating Officer Name,Inv. Officer Name - Unknown,Investigating Officer Phone,Inv. Officer Phone - Unknown,Investigating Officer Email,Inv. Officer Email - Unknown,Within ODD?,Within ODD? - CBI,Narrative,Narrative - CBI?,hub_delta_v_less_than_1mph,hub_zip_code,hub_location,hub_crash_type,hub_is_police_reported,hub_is_any_injury_reported,data_period,reportable_v2,reportable_v3,filter_has_injury,filter_is_vru,filter_has_airbag,filter_has_tow,filter_is_5day_trigger,filter_is_single_vehicle,filter_waymo_struck_another,filter_deltav_over_1mph,filter_waymo_was_moving,filter_waymo_was_stationary
30270-9566,1,Waymo LLC,Monthly,12.0,2024.0,JAN-2025,SADHW2S12R1, ,,JLR,I-PACE, ,2024.0, ,5c27931763d8205,40864.0, ,,5th Generation ADS, , ,5th Generation, , ,Version 9, , ,, ,Y,,, ,Y,Yes (specify below),"CA DMV, CA PUC",Yes,ADS,Waymo LLC, , ,Y, , , , , ,,DEC-2024, ,DEC-2024,00:56, ,6b2846e5734f96b,[MAY CONTAIN PERSONALLY IDENTIFIABLE INFORMATION], ,[MAY CONTAIN PERSONALLY IDENTIFIABLE INFORMATION], ,[MAY CONTAIN PERSONALLY IDENTIFIABLE INFORMATION], ,San Francisco, ,CA ,[MAY CONTAIN PERSONALLY IDENTIFIABLE INFORMATION], ,Street,Dry,No Unusual Conditions,35.0, ,Dark - Lighted,Y, , , , , , , ,,Other Fixed Object,No Injuries Reported,Yes,,,, , , , , , , , , , , ,Proceeding Straight,No,No,No Passengers in Vehicle,24.0, , , , , , , , ,Y, , , , , ,Y, ,Y,Y, , ,No,, ,Yes,, ,, ,, ,Yes, ,"On December [XXX], 2024 at 12:56 AM PT a Waymo Autonomous Vehicle (""Waymo AV"") operating in San Francisco, California was in a collision involving a vacuum cleaner on [XXX] at [XXX]. 
The Waymo AV was traveling north on [XXX] in the left lane of two lanes when it encountered a vacuum cleaner laying on its side in the roadway within its lane and across the lane line separating the two lanes. The Waymo AV applied braking and the front passenger side tire of the Waymo AV made contact with the vacuum cleaner.  At the time of the impact, the Waymo AV's Level 4 ADS was engaged in autonomous mode. The vacuum cleaner sustained damage.
Waymo is reporting this crash under Request No. 2 of Standing General Order 2021-01.  Waymo may supplement or correct its reporting with additional information as it may become available.", ,True,94124,SAN_FRANCISCO,Single Vehicle,False,False,prior_june16,True,True,False,False,False,False,False,True,False,False,True,False
30270-9583,1,Waymo LLC,Monthly,12.0,2024.0,JAN-2025,SADHW2S19R1, ,,JLR,I-PACE, ,2024.0, ,c83d79f88ad4fbc,3941.0, ,,5th Generation ADS, , ,5th Generation, , ,Version 9, , ,, ,Y,,, ,Y,Yes (specify below),"CA DMV, CA PUC",Yes,ADS,Waymo LLC, , ,Y, , , , , ,,DEC-2024, ,DEC-2024,08:19, ,5573d5c651733e4,[MAY CONTAIN PERSONALLY IDENTIFIABLE INFORMATION], ,[MAY CONTAIN PERSONALLY IDENTIFIABLE INFORMATION], ,[MAY CONTAIN PERSONALLY IDENTIFIABLE INFORMATION], ,San Francisco, ,CA ,[MAY CONTAIN PERSONALLY IDENTIFIABLE INFORMATION], ,Street,Dry,No Unusual Conditions,25.0, ,Daylight, , ,Y, , , , , ,,Passenger Car,Minor,Yes,Proceeding Straight,No,No, , , , , ,Y, , , , , ,Proceeding Straight,No,No,Yes,2.0, , , , ,Y, , , , , , , , , ,Y, ,Y,Y, , ,No,, ,Yes,, ,, ,, ,Yes, ,"On December [XXX], 2024 at 8:19 AM PT a Waymo Autonomous Vehicle (""Waymo AV"") operating in San Francisco, California was in a collision involving a passenger car on [XXX] at [XXX].
The Waymo AV was traveling east on [XXX] when it began to brake to yield to traffic ahead. As the Waymo AV continued to brake, a passenger car traveling directly behind the Waymo AV approached the Waymo AV from behind. The front of the passenger car then made contact with the rear of the Waymo AV. At the time of the impact, the Waymo AV's Level 4 ADS was engaged in autonomous mode. Both vehicles sustained damage. The passenger in the Waymo AV reported a minor injury.
Waymo is reporting this crash under Request No. 2 of Standing General Order 2021-01.  Waymo may supplement or correct its reporting with additional information as it may become available.", ,False,94104,SAN_FRANCISCO,V2V F2R,False,True,prior_june16,True,True,True,False,False,False,True,False,False,True,True,False
30270-9604,1,Waymo LLC,Monthly,12.0,2024.0,JAN-2025,SADHW2S1XR1, ,,JLR,I-PACE, ,2024.0, ,6b11d4088fb9e69,8720.0, ,,5th Generation ADS, , ,5th Generation, , ,Version 9, , ,, ,Y,,, ,Y,Yes (specify below),"CA DMV, CA PUC",Yes,ADS,Waymo LLC, , ,Y, , , , , ,,DEC-2024, ,DEC-2024,03:55, ,8997d2c23b85254,[MAY CONTAIN PERSONALLY IDENTIFIABLE INFORMATION], ,[MAY CONTAIN PERSONALLY IDENTIFIABLE INFORMATION], ,[MAY CONTAIN PERSONALLY IDENTIFIABLE INFORMATION], ,Los Angeles, ,CA ,[MAY CONTAIN PERSONALLY IDENTIFIABLE INFORMATION], ,Parking Lot,Dry,"Other, see Narrative",15.0, ,Dark - Lighted,Y, , , , , , , ,,"Other, see Narrative",No Injuries Reported,Yes,"Other, see Narrative",Not Applicable,Not Applicable, , , , , , , , , , ,Y,Proceeding Straight,No,No,No Passengers in Vehicle,3.0, , , ,Y, , , , , , , , , , ,Y, ,Y,Y, , ,No,, ,Yes,, ,, ,, ,Yes, ,"On December [XXX], 2024 at 3:55 AM PT a Waymo Autonomous Vehicle (""Waymo AV"") operating in Los Angeles, California was in a collision involving a fixed object (solar panel) in a parking lot at [XXX]. 
The Waymo AV was traveling through a parking lot at a low rate of speed when the front driver side of the Waymo AV made contact with the corner of a solar panel situated to the left of the Waymo AV. At the time of the impact, the Waymo AV's Level 4 ADS was engaged in autonomous mode. The Waymo AV sustained damage. 
Waymo is reporting this crash under Request No. 2 of Standing General Order 2021-01. Waymo may supplement or correct its reporting with additional information as it may become available.", ,True,90034,LOS_ANGELES,Single Vehicle,False,False,prior_june16,True,True,False,False,False,False,False,False,True,False,True,False
30270-9606,1,Waymo LLC,5-Day,,,JAN-2025,SADHW2S15R1, ,,JLR,I-PACE, ,2024.0, ,da9870749cbf827,40599.0, ,,5th Generation ADS, , ,5th Generation, , ,Version 9, , ,, ,Y,,, ,Y,Yes (specify below),"CA DMV, CA PUC",Yes,ADS,Waymo LLC, , ,Y, , , , , ,,JAN-2025, ,JAN-2025,09:21, ,7c362b5823f86a4,[MAY CONTAIN PERSONALLY IDENTIFIABLE INFORMATION], ,[MAY CONTAIN PERSONALLY IDENTIFIABLE INFORMATION], ,[MAY CONTAIN PERSONALLY IDENTIFIABLE INFORMATION], ,San Francisco, ,CA ,[MAY CONTAIN PERSONALLY IDENTIFIABLE INFORMATION], ,Street,Dry,No Unusual Conditions,25.0, ,Daylight,Y, , , , , , , ,,Heavy Truck,No Injuries Reported,Yes,"Other, see Narrative",No,No,Y, , , , , , , , , , ,"Other, see Narrative",No,Yes,No Passengers in Vehicle,1.0, , , , , , , , , ,Y, , , , ,Y, ,Y,Y, , ,No,, ,Yes,, ,, ,, ,Yes, ,"On January [XXX], 2025 at 9:21 AM PT a Waymo Autonomous Vehicle (Waymo AV) operating in San Francisco, California was in a collision involving a heavy truck on [XXX] near [XXX]. 
The Waymo AV was stopped on northwest [XXX] for a passenger drop off, with a heavy truck parked directly in front of it. After the Waymo AV completed the passenger drop off, the operator of the heavy truck began to lower the loading ramp attached to the rear of the heavy truck. The Waymo AV then proceeded to enter the rightmost lane of northwest [XXX] to maneuver around the left side of the heavy truck, but immediately came to a stop to yield to an SUV that was approaching in the rightmost lane. The Waymo AV then began to nudge to the left of the heavy truck at a low rate of speed as the ramp on the heavy truck continued to lower. As the Waymo AV was proceeding forward, the left corner of the ramp made contact with the passenger side of the Waymo AV. At the time of the impact, the Waymo AVs Level 4 ADS was engaged in autonomous mode. The Waymo AV sustained damage.
Waymo is reporting this crash under Request No. 1 of Standing General Order 2021-01 because a vehicle involved was towed away. Waymo may supplement or correct its reporting with additional information as it may become available.", ,False,94105,SAN_FRANCISCO,V2V Lateral,False,False,prior_june16,True,True,False,False,False,True,True,False,True,True,True,False
30270-9635,1,Waymo LLC,5-Day,,,JAN-2025,SADHW2S10R1, ,,Jaguar,I-PACE, ,2024.0, ,597501ee2911576,12830.0, ,,5th Generation ADS, , ,5th Generation, , ,Version 9, , ,, ,Y,,, ,Y,Yes (specify below),"CA DMV, CA PUC",Yes,ADS,Waymo LLC, , ,Y, , , , , ,,JAN-2025, ,JAN-2025,08:17, ,4f5c629dd98f12c,[MAY CONTAIN PERSONALLY IDENTIFIABLE INFORMATION], ,[MAY CONTAIN PERSONALLY IDENTIFIABLE INFORMATION], ,[MAY CONTAIN PERSONALLY IDENTIFIABLE INFORMATION], ,San Francisco, ,CA ,[MAY CONTAIN PERSONALLY IDENTIFIABLE INFORMATION], ,Street,Dry,No Unusual Conditions,25.0, ,Daylight,Y, , , , , , , ,,Passenger Car,No Injuries Reported,Yes,Proceeding Straight,No,No, , ,Y, , , , , , , , ,Stopped,No,Yes,No Passengers in Vehicle,0.0, , , , , , , ,Y, , , , , , ,Y, ,Y,Y, , ,No,, ,Yes,, ,, ,, ,Yes, ,"On January [XXX], 2025 at 8:17 AM PT a Waymo Autonomous Vehicle (Waymo AV) operating in San Francisco, California was in a collision involving a passenger car on [XXX] at [XXX]. 
The Waymo AV was traveling in the leftmost lane of westbound [XXX] when it slowed to a stop to yield to traffic ahead of it in the same lane. While the Waymo AV remained stopped, a passenger car traveling directly behind the Waymo AV approached the Waymo AV from behind. The front driver side of the passenger car made contact with the rear passenger side of the Waymo AV. At the time of the impact, the Waymo AVs Level 4 ADS was engaged in autonomous mode. Both vehicles sustained damage.
Waymo is reporting this crash under Request No. 1 of Standing General Order 2021-01 because a vehicle involved was towed away. Waymo may supplement or correct its reporting with additional information as it may become available.", ,False,94103,SAN_FRANCISCO,V2V F2R,False,False,prior_june16,True,True,False,False,False,True,True,False,False,True,False,True
30270-9654,2,Waymo LLC,10-Day Update,,,JAN-2025,SADHW2S13M1, ,,Jaguar,I-Pace, ,2021.0, ,e9264da131c0540,97413.0, ,,5th Generation ADS, , ,5th Generation, , ,Version 9, , ,, ,Y,,, ,Y,Yes (specify below),"CA DMV, CA PUC",Yes,ADS,Waymo LLC, , ,Y, , , , , ,,JAN-2025, ,JAN-2025,15:32, ,be9a4261e1e8663,[MAY CONTAIN PERSONALLY IDENTIFIABLE INFORMATION], ,[MAY CONTAIN PERSONALLY IDENTIFIABLE INFORMATION], ,[MAY CONTAIN PERSONALLY IDENTIFIABLE INFORMATION], ,San Francisco, ,CA ,[MAY CONTAIN PERSONALLY IDENTIFIABLE INFORMATION], ,Intersection,Dry,No Unusual Conditions,20.0, ,Daylight, , ,Y, , , , , ,,Non-Motorist: Cyclist,No Injuries Reported,Yes,Traveling Wrong Way,,, , , , , , , , , , , ,Stopped,No,No,Yes,0.0, , ,Y, , , , , , , , , , , ,Y, ,Y,Y, , ,No,, ,Yes,, ,, ,, ,Yes, ,"The content of this report is unchanged from the initial report submitted on January 14, 2025 [REDACTED, MAY CONTAIN CONFIDENTIAL BUSINESS INFORMATION]. 
On January [XXX], 2025 at 3:32 PM PT a Waymo Autonomous Vehicle (""Waymo AV"") operating in San Francisco, California was in a collision involving a cyclist on [XXX] at [XXX].
The Waymo AV was traveling northbound on [XXX] in the rightmost lane, and came to a stop for a red light at the intersection with [XXX]. While the Waymo AV remained stopped at the intersection, a cyclist traveling southbound against traffic proceeded through the intersection, passing the Waymo AV on the left, and the cyclist made contact with the driver side of the stationary Waymo AV. At the time of the impact, the Waymo AV's Level 4 ADS was engaged in autonomous mode. The Waymo AV sustained damage.
Waymo is reporting this crash under Request No. 1 of Standing General Order 2021-01 because a vulnerable road user was involved. Waymo may supplement or correct its reporting with additional information as it may become available.", ,False,94104,SAN_FRANCISCO,Cyclist,False,False,prior_june16,True,True,False,True,False,False,True,False,False,True,False,True
30270-9721,1,Waymo LLC,5-Day,,,JAN-2025,SADHW2S16R1, ,,Jaguar,I-Pace, ,2024.0, ,0df8cfd5d5e20fd,22237.0, ,,5th Generation ADS, , ,5th Generation, , ,Version 9, , ,, ,Y,,, ,Y,Yes (specify below),"CA DMV, CA PUC",Yes,ADS,Waymo LLC, , ,Y, , , , , ,,JAN-2025, ,JAN-2025,13:12, ,ce835234a7e3939,[MAY CONTAIN PERSONALLY IDENTIFIABLE INFORMATION], ,[MAY CONTAIN PERSONALLY IDENTIFIABLE INFORMATION], ,[MAY CONTAIN PERSONALLY IDENTIFIABLE INFORMATION], ,San Francisco, ,CA ,[MAY CONTAIN PERSONALLY IDENTIFIABLE INFORMATION], ,Intersection,Dry,No Unusual Conditions,20.0, ,Daylight,Y, , , , , , , ,,SUV,No Injuries Reported,Yes,Proceeding Straight,No,No, , , , , ,Y, , , , , ,Proceeding Straight,No,Yes,No Passengers in Vehicle,1.0, , , , ,Y, , , , , , , , , ,Y, ,Y,Y, , ,No,, ,Yes,, ,, ,, ,Yes, ,"On January [XXX], 2025 at 1:12 PM PT a Waymo Autonomous Vehicle (""Waymo AV"") operating in San Francisco, California was in a collision involving an SUV on [XXX] at [XXX]. 
The Waymo AV was traveling southbound on [XXX], approaching the five-way series of intersections with [XXX], [XXX], and [XXX] in order to proceed on [XXX]. The Waymo AV proceeded straight past the intersection where [XXX] intersects [XXX], with an SUV following behind. Then, the traffic light turned red before the Waymo AV began to cross [XXX]. The Waymo AV began slowing to stop within the crosswalk along [XXX], and the front of the trailing SUV made contact with the rear of the Waymo AV. At the time of the impact, the Waymo AV's Level 4 ADS was engaged in autonomous mode. Both vehicles sustained damage.
Waymo is reporting this crash under Request No. 1 of Standing General Order 2021-01 because a vehicle involved was towed away. Waymo may supplement or correct its reporting with additional information as it may become available.", ,False,94102,SAN_FRANCISCO,V2V F2R,False,False,prior_june16,True,True,False,False,False,True,True,False,False,True,True,False
30270-9724,2,Waymo LLC,10-Day Update,,,JAN-2025,SADHW2S16R1, ,,Jaguar,I-Pace, ,2024.0, ,1a4975ebab0a45e,13695.0, ,,5th Generation ADS, , ,5th Generation ADS, , ,Version 9, , ,, ,Y,,, ,Y,Yes (specify below),"CA DMV, CA PUC",Yes,ADS,Waymo LLC, , ,Y, , , , , ,,JAN-2025, ,JAN-2025,18:07, ,4409b059e33b146,[MAY CONTAIN PERSONALLY IDENTIFIABLE INFORMATION], ,[MAY CONTAIN PERSONALLY IDENTIFIABLE INFORMATION], ,[MAY CONTAIN PERSONALLY IDENTIFIABLE INFORMATION], ,San Francisco, ,CA ,[MAY CONTAIN PERSONALLY IDENTIFIABLE INFORMATION], ,Street,Dry,No Unusual Conditions,25.0, ,Dark - Lighted,Y, , , , , , , ,,Passenger Car,Fatality,Yes,Stopped,Yes,Yes,Y,Y,Y,Y, ,Y,Y,Y,Y, , ,Stopped,No,Yes,No Passengers in Vehicle,0.0, ,Y, , ,Y, , ,Y,Y,Y, , , ,Y,Y, ,Y,Y, , ,Yes,SFPD, ,Yes,[MAY CONTAIN PERSONALLY IDENTIFIABLE INFORMATION], ,[MAY CONTAIN PERSONALLY IDENTIFIABLE INFORMATION], ,,Y,Yes, ,"Since the initial report [REDACTED, MAY CONTAIN CONFIDENTIAL BUSINESS INFORMATION] was submitted on January 20, 2025, the content of the report has been clarified with changes pertaining to the other vehicles involved and the zip code at which the collision occurred.
On January [XXX], 2025 at 6:07 PM PT a Waymo Autonomous Vehicle (Waymo AV) operating in San Francisco, CA was in a collision involving a passenger vehicle near the intersection of [XXX] and [XXX].
The Waymo AV, which had no occupants, was traveling northwestbound in the middle of three lanes on [XXX] and came to a stop in a queue of traffic. Shortly after, a passenger vehicle came to a stop behind the Waymo AV. While the Waymo AV and the other passenger vehicle were stopped, an SUV approached from behind at an extreme rate of speed and made contact with the passenger vehicle behind the Waymo AV, which then made contact with the rear bumper of the Waymo AV. According to the San Francisco Police Department, the Waymo AV then began to rotate clockwise and, as it was rotating, the front of the SUV made contact with the passenger side of the Waymo AV. The rear of the Waymo AV then made contact with the rear driver side corner of another passenger car that had just begun to proceed straight on northbound [XXX]. According to the San Francisco Police Department, at least two other vehicles were involved in the crash and one of the occupants of the vehicles involved in the crash and a domestic animal were declared deceased at the scene. At the time of the impact, the Waymo AVs Level 4 ADS was engaged in autonomous mode. The Waymo AV, the passenger vehicle behind the Waymo AV, and the SUV sustained severe damage. The extent of the damage to the other three vehicles is currently unknown. Waymo received notice that five passengers in four of the vehicles involved sustained injuries of varying severity. 
Waymo is reporting this crash under Request No. 1 of Standing General Order 2021-01 because of a fatality. Waymo may supplement or correct its reporting with additional information as it may become available.", ,False,94103,SAN_FRANCISCO,Secondary Crash,True,True,prior_june16,True,True,True,False,True,True,True,False,False,True,False,True
30270-9735,1,Waymo LLC,5-Day,,,JAN-2025,SADHW2S10M1, ,,Jaguar,I-Pace, ,2021.0, ,3cf7c25f2209456,89259.0, ,,5th Generation ADS, , ,5th Generation, , ,Version 9, , ,, ,Y,,, ,Y,Yes (specify below),"CA DMV, CA PUC               ",Yes,ADS,Waymo LLC, , ,Y, , , , , ,,JAN-2025, ,JAN-2025,06:42, ,75b9ed7c42a9a4c,[MAY CONTAIN PERSONALLY IDENTIFIABLE INFORMATION], ,[MAY CONTAIN PERSONALLY IDENTIFIABLE INFORMATION], ,[MAY CONTAIN PERSONALLY IDENTIFIABLE INFORMATION], ,San Francisco, ,CA ,[MAY CONTAIN PERSONALLY IDENTIFIABLE INFORMATION], ,Street,Dry,No Unusual Conditions,40.0, ,Dark - Not Lighted,Y, , , , , , , ,,Passenger Car,No Injuries Reported,Yes,"Other, see Narrative",No,No, , , , , , , ,Y, , , ,Proceeding Straight,No,Yes,No Passengers in Vehicle,21.0, , , ,Y, , , , , , , , , , ,Y, ,Y,Y, , ,No,, ,Yes,, ,, ,, ,Yes, ,"On January [XXX], 2025 at 6:42 AM PT a Waymo Autonomous Vehicle (Waymo AV) operating in San Francisco, California was in a collision involving a passenger car on [XXX] near [XXX].
The Waymo AV was proceeding south on [XXX] when a passenger car in front of the Waymo AV entered the two-way center turn lane on its left. As the Waymo AV neared the passenger car, the passenger car began to maneuver out of the center turn lane and re-enter the singular lane of [XXX]. The passenger side of the passenger car then made contact with the driver side of the Waymo AV. At the time of the impact, the Waymo AVs Level 4 ADS was engaged in autonomous mode. Both vehicles sustained damage.
Waymo is reporting this crash under Request No. 1 of Standing General Order 2021-01 because a vehicle involved was towed away. Waymo may supplement or correct its reporting with additional information as it may become available.", ,False,94132,SAN_FRANCISCO,V2V Lateral,False,False,prior_june16,True,True,False,False,False,True,True,False,True,True,True,False
30270-9737,1,Waymo LLC,5-Day,,,JAN-2025,SADHW2S1XR1, ,,Jaguar,I-Pace, ,2024.0, ,8db10595e276d34,8781.0, ,,5th Generation ADS, , ,5th Generation, , ,Version 9, , ,, ,Y,,, ,Y,Yes (specify below),"CA DMV, CA PUC              ",Yes,ADS,Waymo LLC, , ,Y, , , , , ,,JAN-2025, ,JAN-2025,03:59, ,d617550cd42287d,[MAY CONTAIN PERSONALLY IDENTIFIABLE INFORMATION], ,[MAY CONTAIN PERSONALLY IDENTIFIABLE INFORMATION], ,[MAY CONTAIN PERSONALLY IDENTIFIABLE INFORMATION], ,Los Angeles, ,CA ,[MAY CONTAIN PERSONALLY IDENTIFIABLE INFORMATION], ,Street,Dry,No Unusual Conditions,25.0, ,Dark - Lighted,Y, , , , , , , ,,Passenger Car,No Injuries Reported,Yes,Proceeding Straight,Yes,No, , , , , ,Y, , ,Y, , ,Stopped,No,Yes,No Passengers in Vehicle,0.0, ,Y, , , , , , , , , , , , ,Y, ,Y,Y, , ,No,, ,Yes,, ,, ,, ,Yes, ,"On January [XXX], 2025 at 3:59 AM PT a Waymo Autonomous Vehicle (""Waymo AV"") operating in Los Angeles, California was in a collision involving a passenger car on [XXX] near [XXX]. 
The Waymo AV was stopped facing northeast on [XXX] after a passenger drop off. While the Waymo AV remained stopped, a passenger car approached the Waymo AV from behind. The front of the passenger car then made contact with the rear driver side of the Waymo AV. At the time of the impact, the Waymo AV's Level 4 ADS was engaged in autonomous mode. Both vehicles sustained damage. 
Waymo is reporting this crash under Request No. 1 of Standing General Order 2021-01 because a vehicle involved was towed away and because of airbag deployment. Waymo may supplement or correct its reporting with additional information as it may become available.", ,False,90057,LOS_ANGELES,V2V F2R,False,False,prior_june16,True,True,False,False,True,True,True,False,False,True,False,True
30270-9738,1,Waymo LLC,5-Day,,,JAN-2025,SADHW2S10R1, ,,Jaguar,I-Pace, ,2024.0, ,db45adb80ffcf22,15414.0, ,,5th Generation ADS, , ,5th Generation, , ,Version 9, , ,, ,Y,,, ,Y,Yes (specify below),"CA DMV, CA PUC         ",Yes,ADS,Waymo LLC, , ,Y, , , , , ,,JAN-2025, ,JAN-2025,02:12, ,2b2a8d3b3e4fd71,[MAY CONTAIN PERSONALLY IDENTIFIABLE INFORMATION], ,[MAY CONTAIN PERSONALLY IDENTIFIABLE INFORMATION], ,[MAY CONTAIN PERSONALLY IDENTIFIABLE INFORMATION], ,San Francisco, ,CA ,[MAY CONTAIN PERSONALLY IDENTIFIABLE INFORMATION], ,Street,Dry,No Unusual Conditions,25.0, ,Dark - Lighted,Y, , , , , , , ,,Passenger Car,No Injuries Reported,Yes,Proceeding Straight,Yes,Yes, , ,Y, ,Y,Y, , ,Y, , ,Stopped,No,Yes,No Passengers in Vehicle,0.0, ,Y, , ,Y, , ,Y, , , , , , ,Y, ,Y,Y, , ,Yes,San Francisco Police Department, ,Yes,[MAY CONTAIN PERSONALLY IDENTIFIABLE INFORMATION], ,[MAY CONTAIN PERSONALLY IDENTIFIABLE INFORMATION], ,,Y,Yes, ,"On January [XXX], 2025 at 2:12 AM PT a Waymo Autonomous Vehicle (""Waymo AV"") operating in San Francisco, California was in a collision involving a passenger car on [XXX] at [XXX]. 
The Waymo AV was stopped for a red light on westbound [XXX] when a passenger car traveling at a high rate of speed approached the Waymo AV from behind. The front of the passenger car then made contact with the rear of the stationary Waymo AV. At the time of the impact, the Waymo AV's Level 4 ADS was engaged in autonomous mode. Both vehicles sustained damage.
Waymo is reporting this crash under Request No. 1 of Standing General Order 2021-01 because vehicles involved were towed away and because of airbag deployment. Waymo may supplement or correct its reporting with additional information as it may become available.", ,False,94109,SAN_FRANCISCO,V2V F2R,True,False,prior_june16,True,True,False,False,True,True,True,False,False,True,False,True
30270-9763,1,Waymo LLC,5-Day,,,JAN-2025,SADHW2S18R1, ,,Jaguar,I-PACE, ,2024.0, ,d642b99fb76068b,45075.0, ,,5th Generation ADS, , ,5th Generation, , ,Version 9, , ,, ,Y,,, ,Y,Yes (specify below),"CA DMV, CA PUC",Yes,ADS,Waymo LLC, , ,Y, , , , , ,,JAN-2025, ,JAN-2025,22:48, ,4d12ce78f9cceeb,[MAY CONTAIN PERSONALLY IDENTIFIABLE INFORMATION], ,[MAY CONTAIN PERSONALLY IDENTIFIABLE INFORMATION], ,[MAY CONTAIN PERSONALLY IDENTIFIABLE INFORMATION], ,Los Angeles, ,CA ,[MAY CONTAIN PERSONALLY IDENTIFIABLE INFORMATION], ,Parking Lot,Dry,"Other, see Narrative",35.0, ,Dark - Lighted,Y, , , , , , , ,,"Other, see Narrative",No Injuries Reported,Yes,"Other, see Narrative",Not Applicable,Not Applicable, , , , , , , , , , ,Y,Making Left Turn,No,Yes,No Passengers in Vehicle,9.0, , , , , , , , , , ,Y, , , ,Y, ,Y,Y, , ,No,, ,Yes,, ,, ,, ,Yes, ,"On January [XXX], 2025 at 10:48 PM PT a Waymo Autonomous Vehicle (""Waymo AV"") operating in West Hollywood, California made contact with the pavement at the elevated entrance of a parking lot near [XXX]. 
The Waymo AV was traveling westbound on [XXX] and turning left into a parking lot for a passenger pickup.  As the Waymo AV turned into the parking lot, the Waymo AV's undercarriage made contact with the raised pavement of the sidewalk and the paved entrance to the parking lot. At the time of the impact, the Waymo AV's Level 4 ADS was engaged in autonomous mode.  Waymo became aware that the Waymo AV sustained damage resulting in a tow at 12:40 AM PT on January 25th, 2025.
Waymo is reporting this crash under Request No. 1 of Standing General Order 2021-01 because a vehicle involved was towed away. Waymo may supplement or correct its reporting with additional information as it may become available.", ,True,90046,LOS_ANGELES,Single Vehicle,False,False,prior_june16,True,True,False,False,False,True,True,False,False,False,True,False